{
"type": "FeatureCollection",
"name": "CINMS",
"crs": { "type": "name", "properties": { "name": "urn:ogc:def:crs:OGC:1.3:CRS84" } },
"features": [
{ "type": "Feature", "properties": { "sanctuary": "CINMS", "area_name": "Santa Barbara Section", "poly_id": 2, "datum": "NAD83" }, "geometry": { "type": "Polygon", "coordinates": [ [ [ -119.0367, 33.363200000000113 ], [ -119.04812, 33.362410000000132 ], [ -119.06803, 33.36375 ], [ -119.08891, 33.36804 ], [ -119.13283, 33.39059 ], [ -119.14878, 33.40555 ], [ -119.167969999999897, 33.44235 ], [ -119.16874, 33.4825 ], [ -119.16367, 33.51161 ], [ -119.1446, 33.54367 ], [ -119.08521, 33.580110000000104 ], [ -119.06745, 33.58516 ], [ -119.02374, 33.59018 ], [ -118.9954, 33.58616000000012 ], [ -118.92271, 33.538340000000126 ], [ -118.91492, 33.52444 ], [ -118.90712, 33.48414 ], [ -118.90879, 33.475000000000136 ], [ -118.90879, 33.363200000000113 ], [ -119.0367, 33.363200000000113 ] ], [ [ -119.037621699999988, 33.465627000868373 ], [ -119.0375277, 33.465573900868385 ], [ -119.037394299999988, 33.465539000868375 ], [ -119.037317800000011, 33.465496900868374 ], [ -119.037234699999985, 33.465405300868383 ], [ -119.0370773, 33.465357600868373 ], [ -119.0369701, 33.465317300868378 ], [ -119.0369264, 33.465300800868377 ], [ -119.036808399999984, 33.465231200868367 ], [ -119.036650899999984, 33.465055300868379 ], [ -119.036565699999983, 33.46496550086836 ], [ -119.0363908, 33.464895800868369 ], [ -119.036167799999987, 33.464901300868377 ], [ -119.0361481, 33.46490130086837 ], [ -119.036084699999989, 33.464917800868371 ], [ -119.03606120000002, 33.464923800868377 ], [ -119.036006, 33.464938000868365 ], [ -119.03586390000001, 33.465020500868377 ], [ -119.035680200000016, 33.465168900868377 ], [ -119.0355731, 33.465300800868377 ], [ -119.0355053, 33.465539000868375 ], [ -119.0354965, 33.465566500868377 ], [ -119.0354638, 33.465700300868384 ], [ -119.0354353, 33.465736900868386 ], [ -119.0353807, 33.465804700868375 ], [ -119.0353063, 33.465837700868384 ], [ -119.035170799999989, 33.465896400868374 ], [ -119.0349696, 33.46593120086839 ], [ -119.03482750000002, 33.465896400868367 ], [ -119.034753200000011, 33.465832200868384 ], [ -119.0347444, 33.465705800868378 ], [ -119.034751, 33.465605000868365 ], [ -119.034753200000011, 33.465573900868385 ], [ -119.0347029, 33.465524400868375 ], [ -119.034602299999989, 33.465588500868378 ], [ -119.034552, 33.465693000868391 ], [ -119.0344602, 33.465720500868386 ], [ -119.0344034, 33.465665500868383 ], [ -119.034344299999987, 33.465588500868371 ], [ -119.0342766, 33.465566500868377 ], [ -119.034176, 33.465588500868378 ], [ -119.0339923, 33.465643500868374 ], [ -119.0338087, 33.465658100868367 ], [ -119.0336928, 33.465715000868379 ], [ -119.0336841, 33.465720500868386 ], [ -119.033559399999987, 33.465839600868378 ], [ -119.0333168, 33.465949500868376 ], [ -119.0332818, 33.465966000868384 ], [ -119.03319, 33.465923900868383 ], [ -119.0331746, 33.465839600868378 ], [ -119.033133099999986, 33.465812100868391 ], [ -119.0330981, 33.465782800868389 ], [ -119.0330238, 33.465804700868382 ], [ -119.0329232, 33.465881700868373 ], [ -119.03283140000002, 33.465916500868374 ], [ -119.0327221, 33.465951300868383 ], [ -119.0326477, 33.466008100868393 ], [ -119.03258, 33.466119900868385 ], [ -119.032529700000012, 33.466231700868384 ], [ -119.0324553, 33.466350800868391 ], [ -119.0322957, 33.466420400868394 ], [ -119.032262900000021, 33.46646630086839 ], [ -119.0322542, 33.466486400868384 ], [ -119.0322411, 33.466532200868386 ], [ -119.0322214, 33.466585400868382 ], [ -119.0321864, 33.466620200868384 ], [ -119.032133900000019, 33.466629300868398 ], [ -119.0320837, 33.466666000868386 ], [ -119.0320705, 33.466704500868389 ], [ -119.0320618, 33.466735600868397 ], [ -119.0320618, 33.466805300868387 ], [ -119.0320421, 33.466847400868389 ], [ -119.031991799999986, 33.466856600868404 ], [ -119.031889100000015, 33.466887700868398 ], [ -119.0318672, 33.4669408008684 ], [ -119.031873800000014, 33.466990300868396 ], [ -119.0318803, 33.467025100868398 ], [ -119.0318847, 33.467153400868405 ], [ -119.031862799999985, 33.467210200868401 ], [ -119.031821300000018, 33.467257900868397 ], [ -119.0317513, 33.467300000868399 ], [ -119.0316595, 33.467364100868402 ], [ -119.0315283, 33.467474100868401 ], [ -119.0314125, 33.467606000868408 ], [ -119.0314103, 33.467611500868401 ], [ -119.031375299999979, 33.467695800868398 ], [ -119.0313294, 33.467800200868396 ], [ -119.0312878, 33.467895500868401 ], [ -119.0312725, 33.467939500868411 ], [ -119.031250699999987, 33.468003600868414 ], [ -119.031204700000018, 33.468130100868422 ], [ -119.03114570000001, 33.468212500868411 ], [ -119.031036400000019, 33.468322500868418 ], [ -119.030990500000016, 33.468384800868421 ], [ -119.0309664, 33.468480100868419 ], [ -119.0309533, 33.468531400868414 ], [ -119.0309315, 33.468553400868416 ], [ -119.0309205, 33.468531400868414 ], [ -119.0308659, 33.468476400868418 ], [ -119.0308331, 33.468469100868404 ], [ -119.0307893, 33.468480100868426 ], [ -119.0307872, 33.468483700868411 ], [ -119.030765299999985, 33.468522200868414 ], [ -119.030765299999985, 33.468591800868417 ], [ -119.030765299999985, 33.468657800868421 ], [ -119.0307565, 33.468754900868412 ], [ -119.0307609, 33.468916200868428 ], [ -119.0308025, 33.469031600868419 ], [ -119.0308331, 33.469123200868424 ], [ -119.0308659, 33.469220300868436 ], [ -119.0309161, 33.469324800868428 ], [ -119.0308746, 33.469561200868434 ], [ -119.0308527, 33.469607000868436 ], [ -119.0308527, 33.469715100868434 ], [ -119.030879, 33.469781000868437 ], [ -119.0309161, 33.469832400868434 ], [ -119.0309205, 33.469837800868426 ], [ -119.030948899999984, 33.469892800868429 ], [ -119.030940199999989, 33.469949600868432 ], [ -119.0309008, 33.470028400868429 ], [ -119.0308899, 33.470050400868431 ], [ -119.0308353, 33.470187800868437 ], [ -119.0307893, 33.470264800868435 ], [ -119.0307434, 33.470431500868443 ], [ -119.030732500000013, 33.470512200868448 ], [ -119.0307106, 33.470603800868446 ], [ -119.0306735, 33.470708200868444 ], [ -119.0306297, 33.470854800868445 ], [ -119.030603500000012, 33.470935400868449 ], [ -119.030594800000017, 33.471016000868445 ], [ -119.0306079, 33.471109500868437 ], [ -119.0306166, 33.471201100868448 ], [ -119.030636299999983, 33.471290900868453 ], [ -119.030666899999986, 33.471388000868451 ], [ -119.0306866, 33.471452100868454 ], [ -119.0306757, 33.471521800868452 ], [ -119.030691, 33.471584100868455 ], [ -119.0307172, 33.471672000868459 ], [ -119.0307084, 33.471745300868456 ], [ -119.030682199999987, 33.471829600868453 ], [ -119.030682199999987, 33.471926700868451 ], [ -119.0307084, 33.472027500868471 ], [ -119.030682199999987, 33.47221990086846 ], [ -119.030649400000016, 33.472313300868464 ], [ -119.030603500000012, 33.47240680086847 ], [ -119.0305882, 33.472509400868468 ], [ -119.0305882, 33.472602800868465 ], [ -119.030603500000012, 33.472703600868471 ], [ -119.030666899999986, 33.472809900868469 ], [ -119.0308418, 33.473011400868472 ], [ -119.030868, 33.473108500868484 ], [ -119.0308287, 33.473161700868474 ], [ -119.03075, 33.473214800868476 ], [ -119.0307281, 33.473275300868472 ], [ -119.0307216, 33.473291800868466 ], [ -119.0307456, 33.473361400868477 ], [ -119.0307828, 33.473403500868478 ], [ -119.0308506, 33.473443800868473 ], [ -119.0309293, 33.473500600868476 ], [ -119.0310014, 33.473577600868467 ], [ -119.031008, 33.473636200868476 ], [ -119.0309839, 33.473705900868481 ], [ -119.0309468, 33.473748000868476 ], [ -119.03082430000002, 33.473775500868484 ], [ -119.0307369, 33.473790100868484 ], [ -119.030649400000016, 33.473762700868491 ], [ -119.0306079, 33.47370950086848 ], [ -119.030566300000018, 33.473671000868485 ], [ -119.0305292, 33.473654600868485 ], [ -119.0304789, 33.473663700868485 ], [ -119.030474500000011, 33.473669200868486 ], [ -119.0304461, 33.473716900868482 ], [ -119.030424199999985, 33.473779100868484 ], [ -119.0304111, 33.473870800868482 ], [ -119.0303871, 33.473944100868472 ], [ -119.0303324, 33.474013700868483 ], [ -119.03023180000001, 33.474105300868473 ], [ -119.0301597, 33.474244500868487 ], [ -119.0301444, 33.474308700868491 ], [ -119.0300985, 33.474374600868494 ], [ -119.030039400000021, 33.47443330086849 ], [ -119.029976, 33.474501100868494 ], [ -119.0299432, 33.474539500868481 ], [ -119.0299192, 33.47456700086849 ], [ -119.029892899999979, 33.474647600868487 ], [ -119.0299061, 33.47470990086849 ], [ -119.0299476, 33.474764900868493 ], [ -119.0299738, 33.474821700868496 ], [ -119.0299979, 33.4749023008685 ], [ -119.0299979, 33.474964600868503 ], [ -119.0299738, 33.475010400868513 ], [ -119.0299301, 33.475065400868502 ], [ -119.0297858, 33.475166200868486 ], [ -119.029753, 33.475191800868501 ], [ -119.029665600000016, 33.475223000868503 ], [ -119.0295781, 33.475257800868512 ], [ -119.029453500000017, 33.475285300868507 ], [ -119.029440399999984, 33.475288900868499 ], [ -119.0292983, 33.475320100868494 ], [ -119.0292152, 33.475340200868501 ], [ -119.0291846, 33.475347600868503 ], [ -119.029068699999982, 33.475411700868506 ], [ -119.0290256, 33.47543640086851 ], [ -119.0289856, 33.475459300868508 ], [ -119.028913499999987, 33.475463000868494 ], [ -119.028826, 33.475397000868504 ], [ -119.0287298, 33.475327400868501 ], [ -119.028655499999985, 33.475257800868505 ], [ -119.0286358, 33.475276100868506 ], [ -119.028624900000011, 33.475285300868514 ], [ -119.028600800000021, 33.475345700868509 ], [ -119.0286052, 33.475431800868513 ], [ -119.0286139, 33.475539900868512 ], [ -119.0286139, 33.475613200868509 ], [ -119.0286139, 33.475635200868496 ], [ -119.028587699999989, 33.47570480086852 ], [ -119.0284915, 33.475730500868508 ], [ -119.0284084, 33.475730500868515 ], [ -119.0283253, 33.4757268008685 ], [ -119.0282575, 33.475730500868515 ], [ -119.0281788, 33.475708500868507 ], [ -119.0281417, 33.475699300868499 ], [ -119.0280586, 33.475681000868498 ], [ -119.0279777, 33.475681000868498 ], [ -119.027916499999989, 33.4757067008685 ], [ -119.027857400000016, 33.475761600868502 ], [ -119.0278487, 33.47577630086851 ], [ -119.0278203, 33.475831300868506 ], [ -119.027783099999979, 33.475915500868503 ], [ -119.0277459, 33.476016300868515 ], [ -119.027673799999988, 33.476111600868514 ], [ -119.0276541, 33.476146400868508 ], [ -119.0276104, 33.476219700868519 ], [ -119.0275776, 33.476335100868518 ], [ -119.027557900000019, 33.476512900868514 ], [ -119.0275076, 33.476610000868526 ], [ -119.027431099999987, 33.476732700868517 ], [ -119.027413600000017, 33.476837200868516 ], [ -119.0274114, 33.476853600868523 ], [ -119.0273983, 33.476980100868523 ], [ -119.0274202, 33.477080800868535 ], [ -119.027461699999989, 33.477196300868528 ], [ -119.0275186, 33.477465600868534 ], [ -119.0275164, 33.477529700868523 ], [ -119.0275164, 33.477595700868534 ], [ -119.027503300000021, 33.477714800868533 ], [ -119.0275186, 33.477850400868533 ], [ -119.0275492, 33.47793830086853 ], [ -119.0275907, 33.477985900868532 ], [ -119.027641, 33.478070200868537 ], [ -119.027641, 33.478167300868542 ], [ -119.0276497, 33.478262600868533 ], [ -119.02768690000002, 33.47834690086853 ], [ -119.027711, 33.478447600868542 ], [ -119.027682500000012, 33.478559400868548 ], [ -119.0276782, 33.478660200868539 ], [ -119.0277022, 33.478760900868544 ], [ -119.0277066, 33.47881410086854 ], [ -119.0276607, 33.478907500868551 ], [ -119.0276454, 33.478944200868547 ], [ -119.027627900000013, 33.478984500868556 ], [ -119.0276104, 33.479079700868553 ], [ -119.0276082, 33.479142000868556 ], [ -119.027614799999981, 33.479301400868557 ], [ -119.027614799999981, 33.479405900868557 ], [ -119.0276344, 33.479459000868559 ], [ -119.0276541, 33.479514000868569 ], [ -119.0277066, 33.479587200868544 ], [ -119.02777, 33.479658700868555 ], [ -119.02784, 33.479772300868554 ], [ -119.0280367, 33.480122200868564 ], [ -119.0280783, 33.480268800868558 ], [ -119.0281242, 33.480496000868577 ], [ -119.0281329, 33.480534500868565 ], [ -119.028170099999983, 33.480681000868572 ], [ -119.0282379, 33.48078180086857 ], [ -119.0282947, 33.480805600868578 ], [ -119.028321, 33.480816600868579 ], [ -119.0284018, 33.480833100868573 ], [ -119.028509, 33.480836800868566 ], [ -119.0285768, 33.480855100868567 ], [ -119.028627, 33.480906400868577 ], [ -119.028642299999987, 33.48097050086858 ], [ -119.028627, 33.481106100868573 ], [ -119.0286358, 33.481172000868575 ], [ -119.028655499999985, 33.481217800868578 ], [ -119.028683900000019, 33.481230700868579 ], [ -119.0287604, 33.481214200868571 ], [ -119.028826, 33.481186700868577 ], [ -119.0288654, 33.481199500868577 ], [ -119.028867500000018, 33.481241700868573 ], [ -119.0288763, 33.481294800868582 ], [ -119.028898100000021, 33.481346100868592 ], [ -119.0289594, 33.481380900868579 ], [ -119.0290271, 33.481380900868572 ], [ -119.0290731, 33.481384600868573 ], [ -119.029081800000014, 33.48139740086858 ], [ -119.029097100000016, 33.481419400868582 ], [ -119.029097100000016, 33.481496300868585 ], [ -119.029123299999981, 33.481576900868589 ], [ -119.029178, 33.481626400868585 ], [ -119.029180200000013, 33.481628200868585 ], [ -119.0292698, 33.481653900868587 ], [ -119.0293573, 33.481650200868572 ], [ -119.029407600000013, 33.481672200868587 ], [ -119.0294316, 33.481696000868581 ], [ -119.029508100000015, 33.481699700868582 ], [ -119.0295868, 33.481668500868572 ], [ -119.029696200000018, 33.481598900868583 ], [ -119.029737699999984, 33.481573300868583 ], [ -119.029766100000018, 33.481584300868583 ], [ -119.029766100000018, 33.481622700868584 ], [ -119.0297443, 33.481703300868581 ], [ -119.0297574, 33.481758300868584 ], [ -119.0298164, 33.481800400868586 ], [ -119.02982080000001, 33.48180410086858 ], [ -119.029866699999985, 33.481866400868583 ], [ -119.029895100000019, 33.481950700868595 ], [ -119.029895100000019, 33.482016600868597 ], [ -119.029882, 33.482067900868572 ], [ -119.0298754, 33.482128400868589 ], [ -119.0298864, 33.482179700868599 ], [ -119.02990819999998, 33.482218200868587 ], [ -119.0299279, 33.482249300868588 ], [ -119.0299585, 33.482313400868591 ], [ -119.0299913, 33.482449000868598 ], [ -119.0299673, 33.482515000868595 ], [ -119.0299323, 33.482553400868596 ], [ -119.0298623, 33.482588200868598 ], [ -119.029766100000018, 33.482626700868593 ], [ -119.0296743, 33.482668900868589 ], [ -119.029523400000016, 33.482725700868606 ], [ -119.029440399999984, 33.482819100868596 ], [ -119.029425099999983, 33.482853900868605 ], [ -119.029394499999981, 33.482923500868601 ], [ -119.029377, 33.483026100868592 ], [ -119.0293988, 33.483077400868602 ], [ -119.0294316, 33.483130500868612 ], [ -119.0294338, 33.483139700868598 ], [ -119.0294491, 33.483196500868608 ], [ -119.029436, 33.483266100868612 ], [ -119.0294207, 33.483438300868613 ], [ -119.0294163, 33.483491500868602 ], [ -119.029436, 33.483621500868615 ], [ -119.029468800000018, 33.48371310086862 ], [ -119.029495, 33.483821200868604 ], [ -119.0295191, 33.48392570086861 ], [ -119.0295606, 33.484011800868615 ], [ -119.0295715, 33.484050200868609 ], [ -119.029582500000018, 33.484088700868618 ], [ -119.0296, 33.484193100868616 ], [ -119.0296196, 33.484319500868622 ], [ -119.029669899999988, 33.484385500868619 ], [ -119.02970710000001, 33.484455100868615 ], [ -119.0297158, 33.484535700868619 ], [ -119.0296787, 33.484612700868624 ], [ -119.029624, 33.484713400868621 ], [ -119.0295912, 33.484816000868626 ], [ -119.0295868, 33.48496990086862 ], [ -119.029582500000018, 33.485070700868626 ], [ -119.029536600000014, 33.48516410086863 ], [ -119.029366, 33.485332700868646 ], [ -119.029335399999979, 33.485387600868641 ], [ -119.0293157, 33.485420600868629 ], [ -119.029252299999982, 33.485521400868635 ], [ -119.0291933, 33.48564410086864 ], [ -119.029123299999981, 33.485825500868636 ], [ -119.0290993, 33.485915200868639 ], [ -119.0290599, 33.48605810086864 ], [ -119.0290446, 33.486173600868639 ], [ -119.0290053, 33.486314600868646 ], [ -119.0289594, 33.486415400868637 ], [ -119.0287888, 33.486642500868641 ], [ -119.0286598, 33.486759800868654 ], [ -119.028572399999987, 33.486893500868653 ], [ -119.028539600000016, 33.486998000868653 ], [ -119.028544, 33.48709870086865 ], [ -119.0285593, 33.487347900868656 ], [ -119.028554900000017, 33.48744860086866 ], [ -119.028514800000011, 33.487512300868651 ], [ -119.0285134, 33.487514600868657 ], [ -119.0284346, 33.487578700868653 ], [ -119.0283887, 33.487582400868661 ], [ -119.0283756, 33.487543900868658 ], [ -119.0283559, 33.487483400868655 ], [ -119.02828820000002, 33.48742850086866 ], [ -119.0282248, 33.48743760086866 ], [ -119.0281723, 33.487483400868662 ], [ -119.0280958, 33.48759150086866 ], [ -119.028052, 33.487697800868659 ], [ -119.0280127, 33.487798500868657 ], [ -119.027984300000014, 33.488029400868669 ], [ -119.0279952, 33.488175900868669 ], [ -119.028041099999982, 33.488324300868676 ], [ -119.0281329, 33.488439700868668 ], [ -119.0282466, 33.488546000868674 ], [ -119.0283516, 33.488589900868675 ], [ -119.028404, 33.488589900868675 ], [ -119.0284849, 33.488546000868674 ], [ -119.0285221, 33.488478200868677 ], [ -119.0285308, 33.488404900868673 ], [ -119.0285177, 33.488307800868668 ], [ -119.0285046, 33.48818510086867 ], [ -119.0284849, 33.488108100868665 ], [ -119.0284631, 33.488003700868667 ], [ -119.0284893, 33.487923100868663 ], [ -119.0285352, 33.487919400868662 ], [ -119.028554900000017, 33.487945100868664 ], [ -119.028572399999987, 33.488003700868667 ], [ -119.0286052, 33.488102600868658 ], [ -119.028638, 33.488188700868662 ], [ -119.028673, 33.488284000868667 ], [ -119.0287429, 33.48840490086868 ], [ -119.028839100000013, 33.48848550086867 ], [ -119.0288522, 33.488562500868674 ], [ -119.028885, 33.488635700868677 ], [ -119.0289309, 33.488685200868673 ], [ -119.02899, 33.488688900868674 ], [ -119.0290446, 33.488701700868674 ], [ -119.0290949, 33.488731000868675 ], [ -119.0291736, 33.488775000868671 ], [ -119.029293900000013, 33.488879400868676 ], [ -119.0293617, 33.488936200868679 ], [ -119.029411899999985, 33.488976500868681 ], [ -119.029427199999986, 33.488989300868681 ], [ -119.0294378, 33.488993300868685 ], [ -119.0294907, 33.489013100868682 ], [ -119.0295781, 33.489013100868682 ], [ -119.0296415, 33.488991100868681 ], [ -119.0296874, 33.48897460086868 ], [ -119.029742100000021, 33.48896000086868 ], [ -119.0298164, 33.488943500868679 ], [ -119.0298908, 33.488928800868678 ], [ -119.029941, 33.488917900868671 ], [ -119.03002410000002, 33.488883000868682 ], [ -119.0300875, 33.488844600868674 ], [ -119.030095, 33.488836400868671 ], [ -119.030124699999988, 33.488804300868672 ], [ -119.0301422, 33.488751100868676 ], [ -119.030192500000013, 33.488652200868671 ], [ -119.03025150000002, 33.488630200868677 ], [ -119.030279899999982, 33.48867240086868 ], [ -119.030279899999982, 33.488742000868683 ], [ -119.030293, 33.488784100868671 ], [ -119.030308300000016, 33.488787800868685 ], [ -119.030339, 33.488773100868677 ], [ -119.0304002, 33.488738300868675 ], [ -119.0304636, 33.488679700868673 ], [ -119.030492, 33.488641200868678 ], [ -119.030527, 33.488586300868675 ], [ -119.0305598, 33.488518500868672 ], [ -119.030605699999981, 33.488421400868667 ], [ -119.0306429, 33.488309600868675 ], [ -119.0306888, 33.488240000868664 ], [ -119.030739100000019, 33.488179600868669 ], [ -119.030793700000018, 33.488110000868673 ], [ -119.0308396, 33.488012900868668 ], [ -119.0308812, 33.487877300868668 ], [ -119.030903, 33.487820500868658 ], [ -119.030948899999984, 33.487743600868662 ], [ -119.0309949, 33.487708800868667 ], [ -119.031047300000012, 33.487666600868657 ], [ -119.031102, 33.487608000868654 ], [ -119.0311435, 33.487527400868657 ], [ -119.0312113, 33.487401000868658 ], [ -119.0312332, 33.48729660086866 ], [ -119.031266, 33.487206800868655 ], [ -119.0313163, 33.487184800868654 ], [ -119.0313818, 33.487208600868655 ], [ -119.0314737, 33.487283700868659 ], [ -119.0316289, 33.487324000868654 ], [ -119.0317382, 33.487318600868655 ], [ -119.0318956, 33.487276400868652 ], [ -119.031987500000014, 33.487216000868656 ], [ -119.032079300000021, 33.487153700868653 ], [ -119.0321755, 33.487133500868651 ], [ -119.032302300000012, 33.487126200868659 ], [ -119.0323897, 33.48709870086865 ], [ -119.032488099999981, 33.487041900868654 ], [ -119.0325734, 33.486950300868649 ], [ -119.0326718, 33.486860600868646 ], [ -119.0327986, 33.486745100868646 ], [ -119.032932, 33.486591300868653 ], [ -119.033069700000013, 33.486475800868647 ], [ -119.0331528, 33.48633660086864 ], [ -119.0332031, 33.486239500868656 ], [ -119.0332337, 33.486127800868644 ], [ -119.033270799999983, 33.486036200868647 ], [ -119.0333321, 33.485942700868641 ], [ -119.0333867, 33.485832800868643 ], [ -119.033474199999986, 33.48573200086863 ], [ -119.0336075, 33.485651400868633 ], [ -119.0336928, 33.485658800868649 ], [ -119.033743099999981, 33.485700900868629 ], [ -119.033784600000018, 33.485759500868632 ], [ -119.0338087, 33.485865800868638 ], [ -119.0338502, 33.485959200868642 ], [ -119.0339224, 33.48605630086864 ], [ -119.0339792, 33.486127800868637 ], [ -119.03402509999998, 33.48615520086863 ], [ -119.0340754, 33.486171700868638 ], [ -119.034130099999985, 33.486133300868637 ], [ -119.034167200000013, 33.486067300868655 ], [ -119.0342175, 33.486001300868637 ], [ -119.0342766, 33.485935400868634 ], [ -119.0343465, 33.485878600868645 ], [ -119.034427399999984, 33.485832800868643 ], [ -119.0345061, 33.485805300868641 ], [ -119.034569500000018, 33.485774200868633 ], [ -119.0345892, 33.485724700868637 ], [ -119.034598, 33.485666100868634 ], [ -119.034598, 33.485561700868629 ], [ -119.03460010000002, 33.485552500868643 ], [ -119.0346176, 33.485418800868629 ], [ -119.0346176, 33.485358300868633 ], [ -119.0345958, 33.485268500868628 ], [ -119.034571699999987, 33.485149500868623 ], [ -119.034517099999988, 33.485054200868625 ], [ -119.0345127, 33.484964400868627 ], [ -119.0345499, 33.484860000868622 ], [ -119.034622, 33.484764700868617 ], [ -119.034700699999988, 33.484700600868614 ], [ -119.034742300000019, 33.484660300868619 ], [ -119.034751, 33.484585200868622 ], [ -119.034740099999979, 33.484544900868613 ], [ -119.0347226, 33.484491800868625 ], [ -119.0347335, 33.484352500868631 ], [ -119.034759799999989, 33.484323200868609 ], [ -119.0347772, 33.484303100868622 ], [ -119.0348559, 33.484251800868627 ], [ -119.0349937, 33.484202300868624 ], [ -119.0351183, 33.484178500868609 ], [ -119.0352364, 33.48414180086862 ], [ -119.0353741, 33.484097900868619 ], [ -119.035522799999981, 33.484048400868609 ], [ -119.0357064, 33.484013600868622 ], [ -119.0358923, 33.484020900868607 ], [ -119.0359754, 33.484024600868615 ], [ -119.036078100000012, 33.484052100868617 ], [ -119.0361699, 33.484101500868618 ], [ -119.036250800000019, 33.484152800868607 ], [ -119.036312099999989, 33.48422240086861 ], [ -119.03637980000002, 33.48426460086862 ], [ -119.0364126, 33.48425730086862 ], [ -119.036419200000012, 33.484244400868619 ], [ -119.0364301, 33.484218800868611 ], [ -119.0364301, 33.484160200868615 ], [ -119.0364257, 33.484105200868619 ], [ -119.036417, 33.484037400868615 ], [ -119.0363951, 33.48397880086862 ], [ -119.0363711, 33.483929300868617 ], [ -119.0363492, 33.483881700868608 ], [ -119.036312099999989, 33.483843200868613 ], [ -119.0363033, 33.483837700868612 ], [ -119.0362552, 33.483810200868611 ], [ -119.0362115, 33.483790100868617 ], [ -119.036250800000019, 33.483735100868607 ], [ -119.03626610000002, 33.483713100868613 ], [ -119.0363011, 33.483685700868605 ], [ -119.0363427, 33.48364720086861 ], [ -119.0364257, 33.48355560086862 ], [ -119.0365001, 33.483482300868609 ], [ -119.036605, 33.48338150086861 ], [ -119.036699, 33.4833028008686 ], [ -119.0367012, 33.483300900868613 ], [ -119.0367166, 33.483288900868601 ], [ -119.0368302, 33.483200200868609 ], [ -119.0369177, 33.483108600868597 ], [ -119.037086, 33.483038900868593 ], [ -119.0371691, 33.482996800868598 ], [ -119.0372828, 33.482941800868602 ], [ -119.0373965, 33.482864900868599 ], [ -119.037508, 33.482787900868594 ], [ -119.037591100000014, 33.482703700868605 ], [ -119.0376829, 33.482630400868601 ], [ -119.0377682, 33.482579100868598 ], [ -119.0378512, 33.482553400868603 ], [ -119.0379584, 33.482557100868597 ], [ -119.0380677, 33.482582800868599 ], [ -119.0381683, 33.482599200868599 ], [ -119.0382645, 33.482584600868599 ], [ -119.0383716, 33.482536900868595 ], [ -119.03851370000001, 33.482476500868593 ], [ -119.0386143, 33.482394000868588 ], [ -119.038719199999989, 33.482337300868593 ], [ -119.0387848, 33.482348200868586 ], [ -119.0388198, 33.482390400868596 ], [ -119.038857, 33.482460000868606 ], [ -119.0388941, 33.482526000868596 ], [ -119.0389269, 33.482540600868596 ], [ -119.0389619, 33.482536900868595 ], [ -119.0389772, 33.482533300868596 ], [ -119.038986, 33.482494800868594 ], [ -119.0389947, 33.482472800868592 ], [ -119.0389947, 33.482452700868592 ], [ -119.039014400000013, 33.482425200868597 ], [ -119.039053700000011, 33.482414200868597 ], [ -119.0391062, 33.482432500868597 ], [ -119.039132399999986, 33.482467300868599 ], [ -119.039160899999985, 33.482511300868595 ], [ -119.0392068, 33.482522300868595 ], [ -119.0392702, 33.482522300868595 ], [ -119.039344499999984, 33.482509500868595 ], [ -119.039421, 33.482502100868579 ], [ -119.0395238, 33.482502100868579 ], [ -119.039655, 33.482505800868587 ], [ -119.039770899999979, 33.482515000868595 ], [ -119.0401885, 33.482584600868599 ], [ -119.0403131, 33.482610200868606 ], [ -119.0404421, 33.482648700868594 ], [ -119.0405186, 33.482707300868597 ], [ -119.0405886, 33.4827568008686 ], [ -119.0406848, 33.482848400868598 ], [ -119.040711, 33.482910700868594 ], [ -119.0407022, 33.482976600868604 ], [ -119.0406695, 33.4830444008686 ], [ -119.040597300000016, 33.483082900868595 ], [ -119.0405645, 33.483172700868607 ], [ -119.0405448, 33.483253300868604 ], [ -119.0405405, 33.483333900868608 ], [ -119.0405317, 33.483396200868611 ], [ -119.0404945, 33.483438300868613 ], [ -119.0404814, 33.483491500868602 ], [ -119.0404945, 33.483539100868612 ], [ -119.0405273, 33.483573900868613 ], [ -119.0405929, 33.4835959008686 ], [ -119.0406323, 33.483603200868608 ], [ -119.040682599999982, 33.483608700868608 ], [ -119.0407307, 33.483616000868608 ], [ -119.0408203, 33.483680200868612 ], [ -119.0408159, 33.483738800868608 ], [ -119.040781, 33.48378460086861 ], [ -119.040743799999987, 33.483835900868613 ], [ -119.040728499999986, 33.483889000868615 ], [ -119.040752500000011, 33.48392750086861 ], [ -119.0407941, 33.483931200868618 ], [ -119.0408225, 33.483927500868617 ], [ -119.040866200000011, 33.483909200868617 ], [ -119.0409078, 33.483900000868616 ], [ -119.0409318, 33.483898200868609 ], [ -119.0409624, 33.483896300868608 ], [ -119.0409908, 33.483901800868615 ], [ -119.0410193, 33.48393480086861 ], [ -119.0410368, 33.483947600868618 ], [ -119.041100199999988, 33.483916500868609 ], [ -119.0411614, 33.483857900868607 ], [ -119.041216, 33.48379370086861 ], [ -119.041237900000013, 33.483753400868615 ], [ -119.0412751, 33.483724100868621 ], [ -119.0413297, 33.483720500868607 ], [ -119.0413625, 33.483742500868608 ], [ -119.0413997, 33.48378460086861 ], [ -119.04145, 33.483835900868606 ], [ -119.0414784, 33.483835900868613 ], [ -119.0414915, 33.483819400868612 ], [ -119.0414871, 33.483780900868602 ], [ -119.041467499999982, 33.483749800868615 ], [ -119.0414281, 33.483724100868621 ], [ -119.0414041, 33.483689300868612 ], [ -119.04139090000001, 33.48365080086861 ], [ -119.0413953, 33.483619700868609 ], [ -119.041423699999982, 33.4835776008686 ], [ -119.0414697, 33.483542800868619 ], [ -119.0415243, 33.483526300868611 ], [ -119.0416293, 33.483476800868601 ], [ -119.041679500000015, 33.483414500868605 ], [ -119.0416883, 33.483337600868609 ], [ -119.0416708, 33.483267900868604 ], [ -119.0416467, 33.483198300868601 ], [ -119.041638, 33.483134200868605 ], [ -119.0416883, 33.4830444008686 ], [ -119.0416883, 33.482987600868604 ], [ -119.0417036, 33.482903400868594 ], [ -119.0417298, 33.482883200868599 ], [ -119.0417889, 33.482861200868605 ], [ -119.0418457, 33.482833700868603 ], [ -119.0419047, 33.482813600868603 ], [ -119.0419638, 33.482764100868593 ], [ -119.0420469, 33.482700000868597 ], [ -119.04210590000001, 33.482617600868593 ], [ -119.0421496, 33.48256810086859 ], [ -119.0421562, 33.482560800868605 ], [ -119.042213, 33.482511300868595 ], [ -119.042280799999986, 33.4824911008686 ], [ -119.0423551, 33.482483800868586 ], [ -119.0424907, 33.482476500868593 ], [ -119.0426437, 33.482491100868593 ], [ -119.04264809999998, 33.482491100868593 ], [ -119.042781500000018, 33.482511300868595 ], [ -119.042949800000017, 33.482540600868596 ], [ -119.0430416, 33.482518600868588 ], [ -119.043116, 33.482511300868595 ], [ -119.043207800000019, 33.482476500868593 ], [ -119.043408899999989, 33.482357400868587 ], [ -119.0435423, 33.482287800868598 ], [ -119.04356420000002, 33.482276800868597 ], [ -119.0436101, 33.482253000868596 ], [ -119.04367569999998, 33.482232800868594 ], [ -119.0437435, 33.482225500868587 ], [ -119.043817800000014, 33.482218200868587 ], [ -119.043876800000021, 33.482232800868594 ], [ -119.0439512, 33.482240200868588 ], [ -119.0440364, 33.482260300868596 ], [ -119.0441851, 33.482260300868589 ], [ -119.044303200000016, 33.482245600868588 ], [ -119.0443775, 33.482232800868594 ], [ -119.0445131, 33.482245600868588 ], [ -119.0445218, 33.482253000868596 ], [ -119.044615800000017, 33.4823208008686 ], [ -119.044677, 33.482375700868594 ], [ -119.0447689, 33.48243250086859 ], [ -119.044860699999987, 33.482474700868593 ], [ -119.044928500000012, 33.482494800868594 ], [ -119.0450072, 33.482513100868601 ], [ -119.045099, 33.482526000868589 ], [ -119.0451711, 33.482536900868595 ], [ -119.045193, 33.482540600868596 ], [ -119.0452783, 33.482551600868597 ], [ -119.0453657, 33.482571800868598 ], [ -119.045451, 33.482590100868592 ], [ -119.045499100000015, 33.482617600868601 ], [ -119.0455581, 33.482665200868603 ], [ -119.04556030000002, 33.482667000868595 ], [ -119.045599699999983, 33.482722000868591 ], [ -119.0456172, 33.482826400868596 ], [ -119.0456259, 33.4829070008686 ], [ -119.045571199999983, 33.482984000868605 ], [ -119.0454794, 33.4830353008686 ], [ -119.04544660000002, 33.483068300868609 ], [ -119.0454576, 33.483099400868603 ], [ -119.045521, 33.483147000868605 ], [ -119.04558440000001, 33.483220300868602 ], [ -119.0455909, 33.483235000868603 ], [ -119.045604, 33.483262500868598 ], [ -119.0455887, 33.483293600868613 ], [ -119.0455428, 33.483322900868608 ], [ -119.045483800000014, 33.483354100868603 ], [ -119.0454532, 33.483392500868604 ], [ -119.0454576, 33.4834475008686 ], [ -119.0454619, 33.4834566008686 ], [ -119.0454794, 33.483486000868602 ], [ -119.0455035, 33.483520800868611 ], [ -119.045545, 33.4835776008686 ], [ -119.0456259, 33.483597700868607 ], [ -119.045630299999985, 33.4835776008686 ], [ -119.0456368, 33.483551900868619 ], [ -119.04565, 33.48351160086861 ], [ -119.0456718, 33.48350430086861 ], [ -119.0456915, 33.48351160086861 ], [ -119.0457374, 33.483542800868612 ], [ -119.0459254, 33.483693000868612 ], [ -119.0459845, 33.483731500868615 ], [ -119.0460391, 33.483758900868608 ], [ -119.0460938, 33.483751600868615 ], [ -119.0461047, 33.483709500868613 ], [ -119.0461178, 33.48365450086861 ], [ -119.046139700000012, 33.483619700868609 ], [ -119.046172499999983, 33.483608700868608 ], [ -119.0462097, 33.48365080086861 ], [ -119.0462425, 33.483698500868613 ], [ -119.0462774, 33.483713100868613 ], [ -119.0463059, 33.483709500868613 ], [ -119.046323300000012, 33.483671000868611 ], [ -119.046351800000011, 33.483616000868608 ], [ -119.0464108, 33.483581200868613 ], [ -119.0464567, 33.4835886008686 ], [ -119.0464764, 33.483616000868608 ], [ -119.046480800000012, 33.483678300868611 ], [ -119.046467600000014, 33.48379010086861 ], [ -119.046467600000014, 33.483859700868607 ], [ -119.046498299999982, 33.483912800868616 ], [ -119.0465354, 33.483951300868618 ], [ -119.0466185, 33.483989800868613 ], [ -119.0466535, 33.48399340086862 ], [ -119.0467978, 33.484006300868607 ], [ -119.046924600000011, 33.484002600868607 ], [ -119.0470645, 33.483978800868613 ], [ -119.0472329, 33.483940300868603 ], [ -119.047239399999981, 33.483940300868603 ], [ -119.0473487, 33.48392570086861 ], [ -119.047399, 33.483947600868611 ], [ -119.0474756, 33.484013600868614 ], [ -119.047563, 33.484009900868614 ], [ -119.0475871, 33.483964100868619 ], [ -119.047595799999982, 33.483901800868615 ], [ -119.047595799999982, 33.483698500868613 ], [ -119.0476133, 33.483605000868607 ], [ -119.0476373, 33.483539100868605 ], [ -119.047654799999989, 33.483416300868605 ], [ -119.0476373, 33.4833119008686 ], [ -119.047578300000012, 33.483224000868603 ], [ -119.0474078, 33.483108600868597 ], [ -119.0473487, 33.483057300868602 ], [ -119.047298499999982, 33.482980300868604 ], [ -119.047311600000015, 33.482914400868601 ], [ -119.0473706, 33.482872200868599 ], [ -119.047449300000011, 33.482833700868603 ], [ -119.0475455, 33.482787900868594 ], [ -119.0476592, 33.482722000868591 ], [ -119.0477292, 33.482665200868603 ], [ -119.0477882, 33.482582800868599 ], [ -119.0478166, 33.482513100868601 ], [ -119.0478297, 33.482386700868581 ], [ -119.047770699999987, 33.482262100868589 ], [ -119.0477292, 33.482214500868594 ], [ -119.0476286, 33.48214850086859 ], [ -119.0475324, 33.482122900868603 ], [ -119.0474165, 33.482119200868588 ], [ -119.0472744, 33.48212660086859 ], [ -119.047114799999989, 33.48213390086859 ], [ -119.0469618, 33.482106400868595 ], [ -119.0468787, 33.482038600868599 ], [ -119.046769400000017, 33.481941500868587 ], [ -119.0466775, 33.481837100868589 ], [ -119.046655700000017, 33.481752800868591 ], [ -119.046640400000015, 33.481655700868586 ], [ -119.0466513, 33.481540300868581 ], [ -119.046710300000015, 33.481424900868582 ], [ -119.046835, 33.481335100868577 ], [ -119.046939899999984, 33.481285600868574 ], [ -119.0470645, 33.48124720086858 ], [ -119.0471607, 33.481252600868579 ], [ -119.047195700000017, 33.481254500868566 ], [ -119.047215900000012, 33.481257100868582 ], [ -119.047324700000019, 33.481271000868581 ], [ -119.047383699999983, 33.481263600868573 ], [ -119.047394700000012, 33.481223300868585 ], [ -119.0473487, 33.481155500868567 ], [ -119.0473072, 33.481124400868573 ], [ -119.047228499999989, 33.481085900868578 ], [ -119.047182600000014, 33.481040100868583 ], [ -119.047171700000021, 33.481020000868575 ], [ -119.0471454, 33.480974200868573 ], [ -119.0471236, 33.480922900868578 ], [ -119.0470776, 33.480796500868571 ], [ -119.047068899999985, 33.480776300868577 ], [ -119.0469902, 33.480695700868566 ], [ -119.046911499999979, 33.480673700868572 ], [ -119.0468437, 33.480673700868572 ], [ -119.0467825, 33.480706700868573 ], [ -119.0467475, 33.480758000868576 ], [ -119.0467453, 33.480767100868569 ], [ -119.0467366, 33.480820300868572 ], [ -119.046743099999986, 33.480888100868583 ], [ -119.0468131, 33.481021800868575 ], [ -119.0468634, 33.481120700868566 ], [ -119.0468131, 33.481170200868569 ], [ -119.0467475, 33.481183000868576 ], [ -119.0466622, 33.481175700868583 ], [ -119.0465464, 33.481155500868567 ], [ -119.0463955, 33.481148200868581 ], [ -119.0462446, 33.481120700868566 ], [ -119.0461944, 33.481043800868576 ], [ -119.0461375, 33.480966800868565 ], [ -119.0460457, 33.480862400868574 ], [ -119.0458773, 33.480756100868575 ], [ -119.0455931, 33.480547300868572 ], [ -119.0455122, 33.480505100868569 ], [ -119.045392, 33.480442900868567 ], [ -119.045225800000011, 33.480371400868563 ], [ -119.0451099, 33.480309100868567 ], [ -119.04498310000001, 33.480210200868569 ], [ -119.0449678, 33.480197300868568 ], [ -119.044757899999979, 33.480058100868568 ], [ -119.044465, 33.479777800868554 ], [ -119.044357800000014, 33.479651400868569 ], [ -119.0442398, 33.479561600868557 ], [ -119.044106400000018, 33.47947000086856 ], [ -119.043988299999981, 33.479413200868564 ], [ -119.0438309, 33.479330700868559 ], [ -119.0436975, 33.479217200868554 ], [ -119.043621, 33.479112700868555 ], [ -119.043505100000019, 33.478973500868555 ], [ -119.043437399999988, 33.478804900868546 ], [ -119.043378299999986, 33.478608900868544 ], [ -119.043347699999984, 33.478315700868549 ], [ -119.0433149, 33.478182000868536 ], [ -119.0432821, 33.478097700868545 ], [ -119.0431903, 33.478020700868541 ], [ -119.0431138, 33.477985900868532 ], [ -119.0429717, 33.47793830086853 ], [ -119.0429411, 33.477912600868542 ], [ -119.042888600000012, 33.477866800868533 ], [ -119.0428471, 33.477811900868531 ], [ -119.042820800000015, 33.477734900868533 ], [ -119.0427968, 33.477665300868537 ], [ -119.0427793, 33.47757370086854 ], [ -119.042764, 33.477447300868533 ], [ -119.042737699999989, 33.477315400868534 ], [ -119.0426962, 33.47712660086853 ], [ -119.0426743, 33.477095500868515 ], [ -119.0425541, 33.476915900868519 ], [ -119.042471, 33.476776700868513 ], [ -119.0424295, 33.476677800868508 ], [ -119.04242069999998, 33.476595300868517 ], [ -119.0424448, 33.476489000868519 ], [ -119.0425038, 33.476399300868515 ], [ -119.0425453, 33.476322300868517 ], [ -119.0426044, 33.476195900868518 ], [ -119.042621900000015, 33.476076800868519 ], [ -119.0425869, 33.475950400868513 ], [ -119.042495099999982, 33.475860600868501 ], [ -119.0424295, 33.475741500868502 ], [ -119.042412, 33.475600400868501 ], [ -119.042409799999987, 33.475398900868498 ], [ -119.042510399999983, 33.475223000868503 ], [ -119.0426262, 33.474922500868495 ], [ -119.0426853, 33.474761200868492 ], [ -119.042661200000012, 33.474642100868493 ], [ -119.0426022, 33.474523000868487 ], [ -119.0425694, 33.474363600868486 ], [ -119.0425847, 33.47427940086849 ], [ -119.042635, 33.474229900868494 ], [ -119.0427181, 33.474167600868491 ], [ -119.0428099, 33.474096100868486 ], [ -119.0429279, 33.474013700868483 ], [ -119.0429935, 33.473914700868484 ], [ -119.043078800000018, 33.473803000868479 ], [ -119.043161900000015, 33.473634400868484 ], [ -119.0432173, 33.473487400868478 ], [ -119.0432668, 33.473355900868484 ], [ -119.043352100000021, 33.473194700868483 ], [ -119.0434177, 33.473026100868481 ], [ -119.0434855, 33.472817200868469 ], [ -119.043551099999988, 33.47264860086846 ], [ -119.0435926, 33.472474600868466 ], [ -119.043577299999981, 33.472382900868467 ], [ -119.043535799999987, 33.472306000868464 ], [ -119.0434592, 33.472207000868458 ], [ -119.043293099999985, 33.471983500868461 ], [ -119.0432603, 33.471851600868455 ], [ -119.043225299999989, 33.47169030086846 ], [ -119.04321, 33.471479600868449 ], [ -119.0431838, 33.471367800868464 ], [ -119.0431182, 33.471320200868462 ], [ -119.043032900000014, 33.471312900868455 ], [ -119.0429323, 33.471320200868462 ], [ -119.042917, 33.471263400868452 ], [ -119.0429323, 33.471235900868457 ], [ -119.0429411, 33.471186400868454 ], [ -119.0429323, 33.471151600868446 ], [ -119.042890799999981, 33.47110950086843 ], [ -119.042799, 33.471047200868448 ], [ -119.0426503, 33.470940900868449 ], [ -119.042523500000016, 33.470878600868438 ], [ -119.042464400000014, 33.470900600868447 ], [ -119.042449100000013, 33.47097020086845 ], [ -119.0423901, 33.470983100868438 ], [ -119.042348600000011, 33.470940900868442 ], [ -119.042280799999986, 33.470900600868447 ], [ -119.042197699999988, 33.470878600868438 ], [ -119.042014099999989, 33.470843800868437 ], [ -119.0417517, 33.470732000868445 ], [ -119.0415768, 33.47068990086845 ], [ -119.041299099999989, 33.470620300868447 ], [ -119.0410739, 33.470508500868426 ], [ -119.0409668, 33.470374700868433 ], [ -119.040899, 33.470228100868447 ], [ -119.04084, 33.47008160086844 ], [ -119.0408072, 33.469898300868429 ], [ -119.0407657, 33.469696800868434 ], [ -119.0406651, 33.469381600868431 ], [ -119.040597300000016, 33.469220300868429 ], [ -119.04057330000002, 33.469108600868424 ], [ -119.040514200000018, 33.468934500868421 ], [ -119.0403983, 33.468793400868421 ], [ -119.0403481, 33.468661500868421 ], [ -119.04017970000001, 33.468492900868412 ], [ -119.0399501, 33.468252800868413 ], [ -119.0398671, 33.468155700868401 ], [ -119.0398015, 33.468014600868401 ], [ -119.0397337, 33.467890000868401 ], [ -119.039716199999987, 33.467748900868408 ], [ -119.039716199999987, 33.467587700868407 ], [ -119.03974239999998, 33.467448400868399 ], [ -119.0397752, 33.467316500868407 ], [ -119.03985830000002, 33.467056300868393 ], [ -119.039985099999981, 33.4669317008684 ], [ -119.0400354, 33.466860200868396 ], [ -119.040042, 33.4667833008684 ], [ -119.0399917, 33.46674840086839 ], [ -119.0399348, 33.466741100868383 ], [ -119.0398168, 33.46674840086839 ], [ -119.039700899999985, 33.46672830086839 ], [ -119.0396091, 33.4666587008684 ], [ -119.0395085, 33.46661650086839 ], [ -119.039432, 33.466539500868393 ], [ -119.0393402, 33.46648270086839 ], [ -119.0391237, 33.466343500868383 ], [ -119.0389488, 33.46621700086839 ], [ -119.0387651, 33.466050300868382 ], [ -119.038572700000017, 33.465824900868377 ], [ -119.038487500000016, 33.465782800868382 ], [ -119.0383956, 33.465804700868375 ], [ -119.038179199999988, 33.465804700868375 ], [ -119.0380699, 33.465769900868381 ], [ -119.0379125, 33.465727800868386 ], [ -119.037744100000012, 33.465693000868384 ], [ -119.037637, 33.465636200868367 ], [ -119.037621699999988, 33.465627000868373 ] ] ] } },
{ "type": "Feature", "properties": { "sanctuary": "CINMS", "area_name": "Northern Section", "poly_id": 1, "datum": "NAD83" }, "geometry": { "type": "Polygon", "coordinates": [ [ [ -120.418009999999853, 34.20707 ], [ -120.3883, 34.20492 ], [ -120.3067, 34.20492 ], [ -120.3067, 34.17704 ], [ -120.2931, 34.16408 ], [ -120.28627, 34.15341 ], [ -120.25292, 34.13632 ], [ -120.22707, 34.111280000000143 ], [ -120.2119, 34.11008 ], [ -120.16076, 34.12519 ], [ -120.11104, 34.124810000000139 ], [ -120.08582, 34.12994 ], [ -120.04206, 34.13698 ], [ -120.01964, 34.13535 ], [ -119.9583, 34.17258 ], [ -119.93357, 34.17682 ], [ -119.889029999999877, 34.17588 ], [ -119.8524, 34.172660000000114 ], [ -119.83643, 34.169620000000123 ], [ -119.80347, 34.16213 ], [ -119.79327, 34.15928 ], [ -119.778, 34.15906 ], [ -119.76688, 34.15988 ], [ -119.6978, 34.14635 ], [ -119.66024, 34.13411 ], [ -119.61254, 34.15142 ], [ -119.591699999999889, 34.1545 ], [ -119.5467, 34.1545 ], [ -119.5467, 34.15086 ], [ -119.51194, 34.14784 ], [ -119.49198, 34.13825 ], [ -119.48081, 34.13389 ], [ -119.44844, 34.11664 ], [ -119.42896, 34.11712 ], [ -119.40212, 34.11434 ], [ -119.3912, 34.11611 ], [ -119.3304, 34.115230000000111 ], [ -119.29178, 34.10185 ], [ -119.25686, 34.07339 ], [ -119.23642, 34.02607 ], [ -119.2501, 33.96776 ], [ -119.27422, 33.94138 ], [ -119.32206, 33.91829 ], [ -119.3328, 33.91304 ], [ -119.35345, 33.90635 ], [ -119.36333, 33.90398 ], [ -119.38373, 33.90131 ], [ -119.4073, 33.90219 ], [ -119.42422, 33.90424 ], [ -119.43311, 33.90584 ], [ -119.43311, 33.90198 ], [ -119.51609, 33.90198 ], [ -119.51936, 33.90064 ], [ -119.54861, 33.894140000000107 ], [ -119.58278, 33.88809 ], [ -119.59423, 33.88688 ], [ -119.62617, 33.88594 ], [ -119.65504, 33.8733 ], [ -119.68783, 33.86233 ], [ -119.7439, 33.85995 ], [ -119.7713, 33.863510000000133 ], [ -119.79017, 33.8611 ], [ -119.8, 33.86195 ], [ -119.8833, 33.86195 ], [ -119.8833, 33.86993 ], [ -119.92316, 33.84865 ], [ -119.96508, 33.84125 ], [ -120.03158, 33.8145 ], [ -120.04351, 33.81076 ], [ -120.06995, 33.79983 ], [ -120.10207, 33.79379 ], [ -120.13422, 33.79425 ], [ -120.18731, 33.81003 ], [ -120.20284, 33.81763 ], [ -120.22927, 33.83146 ], [ -120.25482, 33.84444 ], [ -120.2954, 33.88976 ], [ -120.30857, 33.90956 ], [ -120.32506, 33.91712 ], [ -120.37585, 33.91403 ], [ -120.4217, 33.92501 ], [ -120.46132, 33.92694 ], [ -120.53282, 33.95039 ], [ -120.56582, 33.98698 ], [ -120.57464, 34.01349 ], [ -120.58567, 34.0194 ], [ -120.62862, 34.05848 ], [ -120.63894, 34.08151 ], [ -120.64208, 34.10208 ], [ -120.60041, 34.18182 ], [ -120.53987, 34.20486 ], [ -120.50728, 34.205400000000118 ], [ -120.46041, 34.19254 ], [ -120.428589999999886, 34.2052 ], [ -120.418009999999853, 34.20707 ] ], [ [ -120.519811059894749, 34.102552850368795 ], [ -120.520014566970858, 34.102453016708814 ], [ -120.520189915835189, 34.102371101910883 ], [ -120.520023526401886, 34.10191801068482 ], [ -120.519814899650896, 34.101764420438698 ], [ -120.519378447368169, 34.101646667916668 ], [ -120.519099425087703, 34.101709383933837 ], [ -120.518965033622351, 34.101961527921219 ], [ -120.519020070127212, 34.102230310851937 ], [ -120.519206938259998, 34.10244149744036 ], [ -120.519364368262274, 34.102525972075725 ], [ -120.519811059894749, 34.102552850368795 ] ], [ [ -120.440643210211363, 34.05581811507232 ], [ -120.440390210211135, 34.055489115072014 ], [ -120.440214210210968, 34.055351115071886 ], [ -120.439950210210739, 34.055287115071827 ], [ -120.439862210210649, 34.055306115071843 ], [ -120.439686210210482, 34.055443115071959 ], [ -120.439598210210391, 34.055589115072102 ], [ -120.439400210210195, 34.055754115072261 ], [ -120.439312210210133, 34.055928115072419 ], [ -120.439400210210195, 34.056010115072496 ], [ -120.439664210210452, 34.055992115072478 ], [ -120.439818210210603, 34.056138115072613 ], [ -120.4400162102108, 34.056093115072564 ], [ -120.440071210210832, 34.056038115072525 ], [ -120.440203210210953, 34.056038115072511 ], [ -120.440511210211255, 34.056230115072701 ], [ -120.440665210211407, 34.056248115072712 ], [ -120.440929210211664, 34.056120115072588 ], [ -120.44098015079264, 34.056019391651134 ], [ -120.441017210211754, 34.055946115072452 ], [ -120.440643210211363, 34.05581811507232 ] ], [ [ -120.517504210284415, 34.101427115114838 ], [ -120.517460210284369, 34.101290115114722 ], [ -120.517196210284112, 34.101097115114527 ], [ -120.516878210283835, 34.101107115114537 ], [ -120.516702210283668, 34.10125311511468 ], [ -120.516746210283713, 34.101381115114791 ], [ -120.517021210283957, 34.101509115114915 ], [ -120.517416210284324, 34.101509115114915 ], [ -120.517504210284415, 34.101427115114838 ] ], [ [ -120.43941121021021, 34.055031115071579 ], [ -120.439510210210329, 34.054903115071468 ], [ -120.43954321021036, 34.054747115071322 ], [ -120.439389210210209, 34.054546115071133 ], [ -120.438795210209634, 34.054280115070888 ], [ -120.438135210209012, 34.0541801150708 ], [ -120.43786021020874, 34.053997115070629 ], [ -120.437607210208498, 34.053878115070518 ], [ -120.437388210208297, 34.053878115070511 ], [ -120.437234210208146, 34.053942115070569 ], [ -120.436761210207692, 34.05392311507056 ], [ -120.436618210207541, 34.053960115070588 ], [ -120.436398210207358, 34.054225115070835 ], [ -120.436233210207192, 34.054592115071181 ], [ -120.436024210206995, 34.054765115071334 ], [ -120.435914210206889, 34.05504911507159 ], [ -120.43604621020701, 34.055150115071683 ], [ -120.436233210207192, 34.055150115071683 ], [ -120.436431210207388, 34.05500311507155 ], [ -120.43651921020745, 34.055003115071557 ], [ -120.436640210207571, 34.055150115071683 ], [ -120.437025210207949, 34.055058115071617 ], [ -120.437256210208176, 34.055058115071617 ], [ -120.437366210208253, 34.055122115071669 ], [ -120.43789321020877, 34.055205115071736 ], [ -120.438311210209164, 34.055333115071853 ], [ -120.438476210209345, 34.055306115071836 ], [ -120.438531210209376, 34.055388115071914 ], [ -120.4389712102098, 34.055315115071849 ], [ -120.43941121021021, 34.055031115071579 ] ], [ [ -120.433583210204731, 34.041702115059174 ], [ -120.434396210205477, 34.041125115058634 ], [ -120.434880210205961, 34.040842115058368 ], [ -120.435298210206341, 34.04066811505821 ], [ -120.435782210206824, 34.040247115057831 ], [ -120.436453210207446, 34.039935115057531 ], [ -120.43672821020769, 34.039514115057138 ], [ -120.437168210208142, 34.039230115056867 ], [ -120.437289210208263, 34.039038115056684 ], [ -120.437443210208386, 34.039038115056684 ], [ -120.437465210208416, 34.038727115056403 ], [ -120.437553210208492, 34.038498115056193 ], [ -120.437839210208779, 34.038150115055863 ], [ -120.438025210208963, 34.03801311505574 ], [ -120.438355210209266, 34.037894115055629 ], [ -120.438531210209433, 34.037656115055412 ], [ -120.438993210209887, 34.037518115055285 ], [ -120.439400210210266, 34.037134115054926 ], [ -120.439708210210554, 34.036987115054785 ], [ -120.440049210210901, 34.036740115054556 ], [ -120.440291210211129, 34.036731115054543 ], [ -120.441061210211856, 34.036932115054725 ], [ -120.44139121021216, 34.036539115054374 ], [ -120.441677210212461, 34.036465115054298 ], [ -120.44197421021272, 34.036749115054562 ], [ -120.442336210213057, 34.036960115054761 ], [ -120.44250221021322, 34.036905115054715 ], [ -120.442534210213267, 34.036749115054562 ], [ -120.442644210213373, 34.036676115054505 ], [ -120.443040210213724, 34.03668511505451 ], [ -120.44323821021392, 34.036777115054591 ], [ -120.443414210214087, 34.036749115054555 ], [ -120.443568210214238, 34.036786115054596 ], [ -120.444008210214676, 34.037088115054885 ], [ -120.444371210214996, 34.037189115054979 ], [ -120.444624210215252, 34.03744511505522 ], [ -120.444690210215313, 34.037463115055232 ], [ -120.445229210215842, 34.037280115055061 ], [ -120.44537221021595, 34.037298115055073 ], [ -120.445449210216026, 34.037427115055209 ], [ -120.445801210216374, 34.03735411505513 ], [ -120.445735210216313, 34.036877115054679 ], [ -120.44577921021633, 34.036740115054563 ], [ -120.44594421021651, 34.03663911505447 ], [ -120.446406210216949, 34.03660311505444 ], [ -120.446713210217226, 34.03668511505451 ], [ -120.446867210217377, 34.036850115054662 ], [ -120.44715321021765, 34.037006115054808 ], [ -120.447901210218362, 34.037070115054874 ], [ -120.448297210218726, 34.037463115055225 ], [ -120.448407210218832, 34.037409115055183 ], [ -120.448594210219042, 34.037207115054997 ], [ -120.448781210219195, 34.037207115054997 ], [ -120.448946210219361, 34.037308115055097 ], [ -120.449111210219513, 34.03726211505505 ], [ -120.449210210219618, 34.037079115054887 ], [ -120.449199210219604, 34.036832115054651 ], [ -120.448880210219315, 34.036447115054287 ], [ -120.448715210219135, 34.03642011505427 ], [ -120.448583210219027, 34.036063115053935 ], [ -120.448605210219057, 34.035806115053695 ], [ -120.448737210219178, 34.035577115053478 ], [ -120.449243210219649, 34.03508311505302 ], [ -120.450156210220513, 34.03446011505244 ], [ -120.450222210220574, 34.034332115052315 ], [ -120.449991210220361, 34.034048115052059 ], [ -120.449705210220102, 34.03389311505191 ], [ -120.449573210219967, 34.033884115051912 ], [ -120.449551210219951, 34.033774115051799 ], [ -120.44936421021977, 34.033728115051765 ], [ -120.448605210219057, 34.033810115051836 ], [ -120.448429210218876, 34.033774115051806 ], [ -120.448451210218906, 34.033838115051857 ], [ -120.447945210218407, 34.03389311505191 ], [ -120.447615210218103, 34.033874115051901 ], [ -120.447406210217906, 34.033728115051765 ], [ -120.447219210217725, 34.033407115051467 ], [ -120.446988210217498, 34.032647115050743 ], [ -120.447032210217543, 34.031997115050153 ], [ -120.447219210217725, 34.031695115049864 ], [ -120.447725210218223, 34.031210115049412 ], [ -120.447857210218345, 34.031018115049235 ], [ -120.447824210218315, 34.030981115049201 ], [ -120.446626210217161, 34.030944115049174 ], [ -120.445603210216191, 34.030807115049036 ], [ -120.444316210214978, 34.030194115048467 ], [ -120.444327210214965, 34.030029115048315 ], [ -120.444250210214918, 34.030047115048333 ], [ -120.443766210214463, 34.029827115048121 ], [ -120.443568210214252, 34.029800115048104 ], [ -120.442281210213039, 34.030633115048872 ], [ -120.441215210212007, 34.031073115049274 ], [ -120.439752210210614, 34.031457115049633 ], [ -120.439268210210187, 34.031466115049639 ], [ -120.439037210209932, 34.031430115049609 ], [ -120.43885021020975, 34.031329115049516 ], [ -120.438806210209734, 34.031100115049298 ], [ -120.438674210209584, 34.030917115049135 ], [ -120.437850210208822, 34.030267115048524 ], [ -120.438003210208976, 34.029901115048183 ], [ -120.438003210208976, 34.029662115047969 ], [ -120.437827210208809, 34.029662115047969 ], [ -120.437696210208699, 34.029543115047844 ], [ -120.4371902102082, 34.029543115047858 ], [ -120.43713521020814, 34.029617115047927 ], [ -120.43713521020814, 34.029736115048038 ], [ -120.437234210208217, 34.029891115048187 ], [ -120.43715721020817, 34.029992115048287 ], [ -120.436794210207808, 34.030166115048431 ], [ -120.436211210207247, 34.030212115048485 ], [ -120.435925210206989, 34.030157115048425 ], [ -120.435617210206686, 34.030029115048315 ], [ -120.435496210206594, 34.029818115048108 ], [ -120.435562210206641, 34.029553115047868 ], [ -120.435518210206595, 34.029488115047798 ], [ -120.435397210206474, 34.029525115047839 ], [ -120.435188210206292, 34.029727115048026 ], [ -120.435045210206127, 34.029791115048084 ], [ -120.434594210205717, 34.02980911504811 ], [ -120.434198210205352, 34.029681115047978 ], [ -120.433967210205154, 34.029434115047749 ], [ -120.433934210205095, 34.029260115047585 ], [ -120.434022210205185, 34.028976115047314 ], [ -120.434022210205185, 34.028783115047148 ], [ -120.43366021020482, 34.02865511504703 ], [ -120.433066210204288, 34.028655115047023 ], [ -120.432879210204106, 34.028527115046906 ], [ -120.432010210203259, 34.028289115046682 ], [ -120.43169121020297, 34.02804211504646 ], [ -120.431702210202957, 34.027978115046388 ], [ -120.431471210202758, 34.027593115046031 ], [ -120.431306210202621, 34.027621115046053 ], [ -120.430734210202033, 34.027383115045836 ], [ -120.430426210201759, 34.027355115045808 ], [ -120.430404210201743, 34.027218115045684 ], [ -120.430162210201502, 34.027263115045734 ], [ -120.43007421020144, 34.02723611504571 ], [ -120.43007421020144, 34.027190115045656 ], [ -120.429931210201303, 34.027300115045755 ], [ -120.429777210201124, 34.02723611504571 ], [ -120.429612210200986, 34.027080115045564 ], [ -120.429425210200804, 34.026989115045474 ], [ -120.429403210200789, 34.026888115045374 ], [ -120.429140210200543, 34.026806115045297 ], [ -120.428854210200271, 34.026403115044936 ], [ -120.428765210200197, 34.026458115044981 ], [ -120.428348210199772, 34.026238115044777 ], [ -120.428238210199666, 34.026037115044588 ], [ -120.428172210199619, 34.026055115044599 ], [ -120.428084210199515, 34.02599111504454 ], [ -120.427193210198695, 34.025698115044271 ], [ -120.426280210197802, 34.025634115044213 ], [ -120.42607121019762, 34.025725115044288 ], [ -120.425862210197408, 34.025890115044447 ], [ -120.425686210197242, 34.026293115044822 ], [ -120.425323210196893, 34.026641115045145 ], [ -120.42489421019647, 34.026879115045361 ], [ -120.424268210195905, 34.027135115045603 ], [ -120.424070210195708, 34.027181115045636 ], [ -120.424080210195726, 34.027236115045703 ], [ -120.423861210195525, 34.027263115045727 ], [ -120.423718210195361, 34.027346115045802 ], [ -120.423641210195285, 34.027318115045773 ], [ -120.423487210195134, 34.02713511504561 ], [ -120.423135210194815, 34.026961115045431 ], [ -120.422827210194512, 34.026879115045361 ], [ -120.422651210194374, 34.02704411504552 ], [ -120.422552210194283, 34.02727311504573 ], [ -120.42213421019386, 34.02765711504609 ], [ -120.421507210193255, 34.028042115046446 ], [ -120.42111121019289, 34.028197115046581 ], [ -120.420814210192603, 34.028243115046635 ], [ -120.420562210192372, 34.028234115046622 ], [ -120.419979210191798, 34.028014115046417 ], [ -120.419638210191493, 34.028051115046452 ], [ -120.419396210191252, 34.027905115046302 ], [ -120.419253210191115, 34.027886115046307 ], [ -120.419208210191073, 34.027776115046201 ], [ -120.419011210190902, 34.027868115046282 ], [ -120.418890210190753, 34.027978115046373 ], [ -120.418857210190723, 34.028143115046532 ], [ -120.418714210190586, 34.028161115046551 ], [ -120.418802210190677, 34.028307115046701 ], [ -120.418802210190677, 34.028454115046813 ], [ -120.418912210190783, 34.028472115046846 ], [ -120.419000210190859, 34.028902115047245 ], [ -120.418868210190737, 34.02926011504757 ], [ -120.418692210190571, 34.029397115047701 ], [ -120.418560210190464, 34.02930511504762 ], [ -120.418362210190267, 34.0296081150479 ], [ -120.418483210190388, 34.029662115047962 ], [ -120.418450210190358, 34.0298271150481 ], [ -120.418560210190464, 34.029800115048076 ], [ -120.418681210190556, 34.030111115048364 ], [ -120.418626210190524, 34.030303115048547 ], [ -120.418439210190343, 34.030560115048793 ], [ -120.418098210189982, 34.030844115049049 ], [ -120.417680210189602, 34.030944115049152 ], [ -120.417328210189282, 34.030981115049187 ], [ -120.417394210189343, 34.031201115049384 ], [ -120.417328210189282, 34.031457115049619 ], [ -120.416976210188935, 34.031805115049949 ], [ -120.416602210188572, 34.031851115049996 ], [ -120.41654721018854, 34.031750115049888 ], [ -120.415910210187903, 34.032162115050276 ], [ -120.415118210187188, 34.032409115050498 ], [ -120.414502210186583, 34.032455115050546 ], [ -120.413985210186084, 34.032739115050816 ], [ -120.413270210185402, 34.032885115050959 ], [ -120.412830210184978, 34.032895115050955 ], [ -120.411511210183733, 34.032794115050855 ], [ -120.410774210183007, 34.032785115050856 ], [ -120.409344210181658, 34.032657115050732 ], [ -120.407958210180354, 34.032281115050388 ], [ -120.407430210179868, 34.032098115050204 ], [ -120.406825210179278, 34.031787115049923 ], [ -120.405913210178426, 34.031228115049409 ], [ -120.404428210177002, 34.030523115048744 ], [ -120.402789210175428, 34.030065115048309 ], [ -120.402151210174836, 34.029772115048047 ], [ -120.402097210174787, 34.029699115047976 ], [ -120.400700210173454, 34.029342115047648 ], [ -120.400579210173362, 34.02935111504766 ], [ -120.399644210172454, 34.029049115047364 ], [ -120.398984210171804, 34.028692115047036 ], [ -120.398445210171303, 34.028500115046853 ], [ -120.397720210170604, 34.028353115046713 ], [ -120.397269210170194, 34.028088115046465 ], [ -120.395135210168164, 34.027309115045746 ], [ -120.395069210168089, 34.02724511504568 ], [ -120.395091210168118, 34.027108115045564 ], [ -120.394585210167648, 34.026815115045281 ], [ -120.39416721016724, 34.026641115045123 ], [ -120.393727210166801, 34.026623115045112 ], [ -120.392441210165615, 34.026192115044694 ], [ -120.39196821016516, 34.026128115044649 ], [ -120.3919132101651, 34.026073115044589 ], [ -120.390923210164161, 34.025908115044444 ], [ -120.38996621016328, 34.025872115044407 ], [ -120.389955210163265, 34.025808115044342 ], [ -120.389494210162809, 34.025780115044334 ], [ -120.389362210162673, 34.025707115044248 ], [ -120.38932821016266, 34.025780115044327 ], [ -120.388273210161643, 34.025670115044207 ], [ -120.387349210160735, 34.025432115043998 ], [ -120.386667210160098, 34.025377115043945 ], [ -120.38646921015993, 34.025313115043886 ], [ -120.38488521015843, 34.025267115043839 ], [ -120.384379210157931, 34.025194115043774 ], [ -120.3835882101572, 34.024974115043577 ], [ -120.382697210156337, 34.024553115043176 ], [ -120.382246210155913, 34.02417811504283 ], [ -120.38196021015564, 34.024150115042808 ], [ -120.381300210155018, 34.023958115042625 ], [ -120.379805210153606, 34.023079115041803 ], [ -120.379486210153289, 34.022731115041474 ], [ -120.379376210153183, 34.022520115041274 ], [ -120.379167210152971, 34.021861115040672 ], [ -120.378892210152728, 34.021513115040349 ], [ -120.377902210151802, 34.021110115039967 ], [ -120.377583210151457, 34.020918115039791 ], [ -120.377605210151501, 34.020844115039715 ], [ -120.377429210151334, 34.020698115039572 ], [ -120.377275210151183, 34.020405115039317 ], [ -120.377165210151077, 34.020304115039217 ], [ -120.376901210150834, 34.02049711503939 ], [ -120.37661521015059, 34.02048711503938 ], [ -120.375791210149771, 34.019975115038903 ], [ -120.375582210149588, 34.019718115038671 ], [ -120.375560210149573, 34.019626115038584 ], [ -120.375615210149633, 34.019590115038547 ], [ -120.375560210149573, 34.019407115038383 ], [ -120.375340210149361, 34.019105115038101 ], [ -120.375186210149209, 34.019004115038001 ], [ -120.375186210149209, 34.018931115037923 ], [ -120.375131210149178, 34.018967115037967 ], [ -120.375065210149117, 34.018876115037884 ], [ -120.374955210149011, 34.018921115037934 ], [ -120.374130210148223, 34.018619115037644 ], [ -120.374152210148225, 34.018564115037584 ], [ -120.373822210147921, 34.018464115037496 ], [ -120.37353621014762, 34.018271115037315 ], [ -120.372942210147087, 34.017676115036764 ], [ -120.37267821014683, 34.01764911503674 ], [ -120.372535210146694, 34.017795115036883 ], [ -120.372524210146707, 34.017932115037006 ], [ -120.372238210146378, 34.017841115036916 ], [ -120.371710210145906, 34.017410115036519 ], [ -120.371710210145906, 34.017795115036876 ], [ -120.371622210145802, 34.017813115036894 ], [ -120.371667210145858, 34.017896115036969 ], [ -120.37134821014557, 34.018052115037115 ], [ -120.370952210145163, 34.018042115037105 ], [ -120.370468210144736, 34.017813115036901 ], [ -120.370336210144615, 34.017584115036676 ], [ -120.370369210144645, 34.017456115036559 ], [ -120.370545210144783, 34.017401115036506 ], [ -120.370457210144707, 34.017337115036447 ], [ -120.370985210145221, 34.017301115036425 ], [ -120.370941210145205, 34.017081115036206 ], [ -120.370655210144889, 34.016714115035867 ], [ -120.370424210144677, 34.016614115035765 ], [ -120.369929210144221, 34.016898115036035 ], [ -120.369632210143948, 34.016989115036118 ], [ -120.369313210143616, 34.016806115035955 ], [ -120.369049210143373, 34.016449115035627 ], [ -120.368631210142993, 34.016101115035298 ], [ -120.367883210142267, 34.015762115034981 ], [ -120.367311210141736, 34.015652115034882 ], [ -120.367147210141567, 34.015890115035099 ], [ -120.366993210141445, 34.015954115035157 ], [ -120.366893210141328, 34.016183115035375 ], [ -120.366344210140809, 34.016293115035474 ], [ -120.366036210140507, 34.016192115035381 ], [ -120.36584921014034, 34.016183115035375 ], [ -120.365398210139901, 34.016257115035437 ], [ -120.364782210139325, 34.015854115035062 ], [ -120.364551210139126, 34.015542115034769 ], [ -120.364551210139126, 34.01521311503447 ], [ -120.364485210139065, 34.015240115034487 ], [ -120.364419210139005, 34.015112115034384 ], [ -120.36427621013884, 34.015029115034295 ], [ -120.363968210138538, 34.014984115034252 ], [ -120.363649210138249, 34.015139115034401 ], [ -120.363011210137643, 34.015222115034476 ], [ -120.36196721013664, 34.015075115034342 ], [ -120.361109210135837, 34.014755115034035 ], [ -120.361065210135791, 34.014810115034088 ], [ -120.360625210135382, 34.014581115033877 ], [ -120.360185210134958, 34.014205115033533 ], [ -120.359789210134593, 34.013995115033339 ], [ -120.359789210134593, 34.013949115033284 ], [ -120.359569210134353, 34.013995115033332 ], [ -120.359503210134292, 34.014123115033456 ], [ -120.35936021013417, 34.014077115033395 ], [ -120.359195210134018, 34.014242115033561 ], [ -120.358712210133532, 34.014370115033671 ], [ -120.358580210133425, 34.014471115033771 ], [ -120.358184210133047, 34.015615115034848 ], [ -120.357964210132849, 34.015798115035011 ], [ -120.357337210132229, 34.016138115035325 ], [ -120.356787210131728, 34.016843115035989 ], [ -120.356622210131533, 34.016943115036064 ], [ -120.356622210131533, 34.017044115036171 ], [ -120.356204210131153, 34.017704115036786 ], [ -120.355918210130881, 34.017832115036903 ], [ -120.354928210129955, 34.017997115037048 ], [ -120.354378210129425, 34.018198115037237 ], [ -120.352905210128, 34.019279115038245 ], [ -120.351783210126953, 34.019929115038849 ], [ -120.351233210126438, 34.020103115039014 ], [ -120.350716210125938, 34.020139115039051 ], [ -120.349957210125211, 34.019910115038833 ], [ -120.349474210124768, 34.019837115038762 ], [ -120.348858210124163, 34.019837115038762 ], [ -120.348374210123723, 34.019910115038826 ], [ -120.348066210123406, 34.020158115039052 ], [ -120.347824210123179, 34.020194115039089 ], [ -120.347417210122799, 34.020084115038983 ], [ -120.34708721012251, 34.020075115038985 ], [ -120.345778210121253, 34.020268115039165 ], [ -120.344844210120357, 34.020268115039165 ], [ -120.344371210119917, 34.020084115038991 ], [ -120.343403210118979, 34.019883115038795 ], [ -120.343227210118826, 34.019993115038901 ], [ -120.342677210118282, 34.019920115038836 ], [ -120.341918210117569, 34.019892115038814 ], [ -120.340796210116508, 34.019764115038697 ], [ -120.340324210116066, 34.019562115038497 ], [ -120.340082210115824, 34.02000211503892 ], [ -120.33975221011552, 34.020277115039157 ], [ -120.33916921011496, 34.0204231150393 ], [ -120.337321210113174, 34.020533115039406 ], [ -120.33650721011243, 34.020808115039664 ], [ -120.335397210111367, 34.020945115039787 ], [ -120.33422021011026, 34.020909115039757 ], [ -120.333439210109489, 34.020588115039452 ], [ -120.333439210109489, 34.020561115039428 ], [ -120.333241210109307, 34.02057011503944 ], [ -120.332757210108852, 34.020497115039369 ], [ -120.331745210107897, 34.020231115039117 ], [ -120.330514210106728, 34.020066115038965 ], [ -120.330074210106304, 34.019920115038836 ], [ -120.329249210105516, 34.019965115038865 ], [ -120.328600210104909, 34.019865115038776 ], [ -120.327248210103633, 34.019883115038787 ], [ -120.326500210102907, 34.01961711503855 ], [ -120.325081210101573, 34.019498115038424 ], [ -120.32475121010124, 34.019681115038594 ], [ -120.324531210101057, 34.019681115038601 ], [ -120.32290421009948, 34.01926911503822 ], [ -120.322156210098782, 34.019233115038183 ], [ -120.321628210098297, 34.019260115038207 ], [ -120.318922210095721, 34.01913211503809 ], [ -120.31853821009534, 34.019022115037991 ], [ -120.317493210094369, 34.018821115037795 ], [ -120.317097210093976, 34.018912115037885 ], [ -120.316866210093778, 34.019224115038178 ], [ -120.316272210093175, 34.019498115038424 ], [ -120.315678210092642, 34.019608115038537 ], [ -120.315062210092066, 34.019617115038542 ], [ -120.314842210091825, 34.019544115038471 ], [ -120.313963210091003, 34.019498115038424 ], [ -120.313226210090292, 34.019608115038537 ], [ -120.312214210089351, 34.019617115038535 ], [ -120.31190621008902, 34.019544115038478 ], [ -120.31190621008902, 34.019654115038563 ], [ -120.310894210088094, 34.019462115038394 ], [ -120.310410210087639, 34.019425115038366 ], [ -120.31034421008755, 34.019535115038465 ], [ -120.310378210087592, 34.020048115038932 ], [ -120.309971210087227, 34.020213115039098 ], [ -120.309937210087185, 34.020350115039221 ], [ -120.309322210086592, 34.02059711503945 ], [ -120.30856321008585, 34.021046115039873 ], [ -120.307848210085183, 34.021412115040206 ], [ -120.307749210085106, 34.0215131150403 ], [ -120.307903210085229, 34.021714115040488 ], [ -120.307914210085244, 34.022099115040838 ], [ -120.30758421008494, 34.02242011504115 ], [ -120.307254210084594, 34.023060115041737 ], [ -120.306990210084365, 34.023866115042487 ], [ -120.306660210084061, 34.024535115043122 ], [ -120.306517210083925, 34.024974115043534 ], [ -120.306495210083909, 34.025634115044134 ], [ -120.306704210084078, 34.026842115045262 ], [ -120.306748210084123, 34.027758115046112 ], [ -120.306660210084061, 34.028023115046366 ], [ -120.306473210083851, 34.02803311504637 ], [ -120.306517210083896, 34.028152115046488 ], [ -120.306297210083684, 34.028610115046902 ], [ -120.30634121008373, 34.029415115047655 ], [ -120.306869210084216, 34.029736115047953 ], [ -120.307298210084639, 34.03007511504827 ], [ -120.308519210085805, 34.030651115048812 ], [ -120.309091210086336, 34.030816115048957 ], [ -120.30993721008717, 34.031329115049438 ], [ -120.309982210087185, 34.031823115049889 ], [ -120.310157210087354, 34.032007115050071 ], [ -120.310883210088036, 34.03219911505024 ], [ -120.311136210088264, 34.032199115050254 ], [ -120.31124621008837, 34.032309115050353 ], [ -120.311290210088416, 34.032574115050593 ], [ -120.311565210088688, 34.032776115050787 ], [ -120.311796210088914, 34.033041115051056 ], [ -120.311961210089066, 34.03352611505148 ], [ -120.312082210089187, 34.033728115051673 ], [ -120.312214210089294, 34.033783115051726 ], [ -120.312665210089705, 34.03381011505175 ], [ -120.313050210090111, 34.033993115051913 ], [ -120.313050210090111, 34.034112115052025 ], [ -120.3128412100899, 34.034497115052389 ], [ -120.3128412100899, 34.034589115052469 ], [ -120.313160210090189, 34.03510111505296 ], [ -120.313171210090204, 34.035248115053086 ], [ -120.313072210090098, 34.035513115053341 ], [ -120.312665210089705, 34.036017115053809 ], [ -120.312951210089992, 34.035962115053756 ], [ -120.312973210090007, 34.036053115053839 ], [ -120.313666210090688, 34.036264115054024 ], [ -120.314149210091117, 34.036813115054542 ], [ -120.314391210091372, 34.036969115054696 ], [ -120.315348210092282, 34.037949115055596 ], [ -120.315359210092268, 34.038159115055791 ], [ -120.31561221009251, 34.038306115055939 ], [ -120.315755210092661, 34.038709115056321 ], [ -120.316008210092875, 34.038818115056401 ], [ -120.316195210093056, 34.038983115056567 ], [ -120.316371210093237, 34.039496115057048 ], [ -120.316866210093721, 34.039697115057237 ], [ -120.317405210094194, 34.039825115057347 ], [ -120.317812210094615, 34.039716115057246 ], [ -120.317944210094723, 34.039770115057294 ], [ -120.318032210094827, 34.039917115057442 ], [ -120.318219210095009, 34.040036115057553 ], [ -120.318351210095116, 34.04032011505781 ], [ -120.318285210095056, 34.040384115057883 ], [ -120.318406210095162, 34.040540115058022 ], [ -120.318527210095283, 34.040906115058363 ], [ -120.31892221009565, 34.04121711505865 ], [ -120.319252210095954, 34.041583115058998 ], [ -120.319879210096573, 34.041849115059236 ], [ -120.319978210096664, 34.041968115059355 ], [ -120.320297210096953, 34.042187115059555 ], [ -120.320407210097059, 34.042334115059688 ], [ -120.320748210097364, 34.042389115059748 ], [ -120.320968210097604, 34.042517115059873 ], [ -120.321243210097848, 34.04254411505989 ], [ -120.322101210098666, 34.042499115059847 ], [ -120.322464210099014, 34.042352115059707 ], [ -120.322728210099271, 34.042343115059701 ], [ -120.323772210100273, 34.042663115060002 ], [ -120.324102210100577, 34.042810115060135 ], [ -120.324289210100758, 34.04297511506028 ], [ -120.324718210101139, 34.043982115061226 ], [ -120.324850210101275, 34.044183115061408 ], [ -120.325037210101456, 34.044348115061567 ], [ -120.32533421010173, 34.044403115061613 ], [ -120.325785210102168, 34.044302115061527 ], [ -120.326544210102881, 34.044311115061539 ], [ -120.326753210103092, 34.044385115061601 ], [ -120.327204210103503, 34.044733115061923 ], [ -120.327787210104063, 34.0450261150622 ], [ -120.327918210104187, 34.044934115062112 ], [ -120.327918210104215, 34.045016115062197 ], [ -120.328072210104338, 34.045181115062334 ], [ -120.328072210104338, 34.045318115062464 ], [ -120.327984210104248, 34.045474115062603 ], [ -120.32768721010396, 34.045730115062852 ], [ -120.327677210103957, 34.045831115062946 ], [ -120.327864210104138, 34.046033115063146 ], [ -120.328248210104505, 34.046270115063351 ], [ -120.328369210104626, 34.046454115063533 ], [ -120.32838021010464, 34.04658211506365 ], [ -120.328644210104869, 34.046774115063812 ], [ -120.32874321010496, 34.047076115064101 ], [ -120.3292162101054, 34.047259115064278 ], [ -120.329524210105703, 34.047497115064495 ], [ -120.329656210105824, 34.047662115064654 ], [ -120.329744210105943, 34.047918115064896 ], [ -120.329832210106005, 34.047982115064954 ], [ -120.330360210106491, 34.047955115064944 ], [ -120.330888210107005, 34.048037115065007 ], [ -120.331251210107339, 34.048202115065152 ], [ -120.33081121010693, 34.048257115065212 ], [ -120.330976210107067, 34.048284115065236 ], [ -120.330998210107111, 34.048449115065388 ], [ -120.331218210107323, 34.048706115065627 ], [ -120.33141621010752, 34.048660115065587 ], [ -120.331790210107854, 34.048779115065692 ], [ -120.332252210108308, 34.048779115065692 ], [ -120.333065210109069, 34.048449115065395 ], [ -120.333373210109343, 34.048376115065331 ], [ -120.334253210110205, 34.048660115065601 ], [ -120.33462721011054, 34.048669115065586 ], [ -120.33471521011063, 34.048733115065652 ], [ -120.334792210110706, 34.048669115065593 ], [ -120.334814210110721, 34.048724115065646 ], [ -120.335408210111311, 34.048815115065736 ], [ -120.335694210111583, 34.048788115065712 ], [ -120.335881210111737, 34.048687115065611 ], [ -120.336057210111917, 34.048486115065423 ], [ -120.336276210112104, 34.047927115064901 ], [ -120.336431210112281, 34.047662115064654 ], [ -120.336551210112404, 34.04757011506458 ], [ -120.336958210112769, 34.047387115064403 ], [ -120.337838210113617, 34.047232115064254 ], [ -120.338905210114632, 34.046948115063998 ], [ -120.339015210114738, 34.047012115064049 ], [ -120.340610210116267, 34.046536115063617 ], [ -120.34253421011806, 34.046280115063368 ], [ -120.342567210118091, 34.046188115063295 ], [ -120.343293210118802, 34.046097115063205 ], [ -120.343326210118832, 34.046051115063165 ], [ -120.344448210119907, 34.045996115063112 ], [ -120.345173210120592, 34.046005115063124 ], [ -120.345184210120607, 34.046042115063152 ], [ -120.346350210121699, 34.046033115063146 ], [ -120.347824210123107, 34.046161115063271 ], [ -120.347868210123124, 34.046124115063236 ], [ -120.347780210123062, 34.046124115063236 ], [ -120.347670210122956, 34.046042115063152 ], [ -120.350243210125399, 34.046179115063282 ], [ -120.350991210126139, 34.046316115063419 ], [ -120.352047210127139, 34.04643511506351 ], [ -120.352916210127944, 34.046655115063736 ], [ -120.353785210128763, 34.047039115064088 ], [ -120.353477210128489, 34.047241115064274 ], [ -120.354136210129113, 34.04729611506432 ], [ -120.35487321012981, 34.047607115064615 ], [ -120.355005210129946, 34.047543115064556 ], [ -120.355918210130781, 34.047927115064908 ], [ -120.35642421013128, 34.048202115065173 ], [ -120.357898210132689, 34.049154115066059 ], [ -120.359371210134086, 34.050335115067163 ], [ -120.35929421013401, 34.050390115067209 ], [ -120.35926121013398, 34.050353115067175 ], [ -120.359239210133964, 34.050399115067215 ], [ -120.359426210134117, 34.050536115067345 ], [ -120.360471210135103, 34.051836115068554 ], [ -120.360438210135072, 34.051946115068652 ], [ -120.360251210134891, 34.052102115068799 ], [ -120.360240210134904, 34.05217511506887 ], [ -120.360394210135055, 34.05235811506904 ], [ -120.360636210135269, 34.052916115069564 ], [ -120.360933210135556, 34.054051115070621 ], [ -120.36126321013586, 34.054573115071108 ], [ -120.361307210135905, 34.054857115071371 ], [ -120.361153210135754, 34.054985115071496 ], [ -120.360955210135558, 34.055049115071547 ], [ -120.360834210135437, 34.055223115071705 ], [ -120.360537210135178, 34.055187115071675 ], [ -120.360361210135025, 34.055242115071728 ], [ -120.360339210134981, 34.055324115071805 ], [ -120.360449210135087, 34.055690115072139 ], [ -120.360438210135072, 34.055781115072229 ], [ -120.36031721013498, 34.055855115072305 ], [ -120.360130210134798, 34.056331115072744 ], [ -120.359811210134467, 34.056560115072955 ], [ -120.359382210134072, 34.056706115073091 ], [ -120.358546210133269, 34.056724115073095 ], [ -120.358052210132811, 34.056779115073169 ], [ -120.357150210131948, 34.057392115073725 ], [ -120.356578210131417, 34.057493115073818 ], [ -120.35618221013101, 34.05774911507406 ], [ -120.35614921013098, 34.058253115074528 ], [ -120.355687210130554, 34.058445115074711 ], [ -120.355566210130434, 34.058610115074856 ], [ -120.355555210130419, 34.058857115075092 ], [ -120.355434210130298, 34.058967115075191 ], [ -120.355236210130101, 34.058994115075222 ], [ -120.355148210130025, 34.059086115075296 ], [ -120.355115210130009, 34.059214115075427 ], [ -120.355203210130071, 34.059360115075563 ], [ -120.355456210130328, 34.059571115075755 ], [ -120.355775210130631, 34.059946115076102 ], [ -120.35612721013095, 34.060148115076288 ], [ -120.357216210131995, 34.060578115076694 ], [ -120.357425210132192, 34.060816115076918 ], [ -120.357590210132358, 34.060862115076958 ], [ -120.357920210132647, 34.060852115076948 ], [ -120.358008210132738, 34.060962115077047 ], [ -120.358195210132948, 34.061081115077158 ], [ -120.358535210133269, 34.062216115078215 ], [ -120.358546210133269, 34.062445115078425 ], [ -120.358206210132934, 34.062710115078687 ], [ -120.358085210132813, 34.062875115078832 ], [ -120.358041210132768, 34.063049115078996 ], [ -120.358074210132798, 34.063507115079418 ], [ -120.357942210132677, 34.063699115079601 ], [ -120.357964210132693, 34.064303115080165 ], [ -120.358217210132935, 34.064541115080381 ], [ -120.358360210133057, 34.065163115080964 ], [ -120.35826121013298, 34.065346115081134 ], [ -120.358338210133056, 34.065639115081396 ], [ -120.358348210133045, 34.066179115081916 ], [ -120.35853521013324, 34.066353115082073 ], [ -120.35864621013333, 34.066307115082026 ], [ -120.358777210133468, 34.066509115082212 ], [ -120.358986210133679, 34.066381115082095 ], [ -120.359129210133815, 34.066353115082073 ], [ -120.359283210133967, 34.066500115082199 ], [ -120.359712210134361, 34.066618115082314 ], [ -120.359811210134453, 34.066847115082531 ], [ -120.359899210134515, 34.066893115082571 ], [ -120.360229210134833, 34.066893115082564 ], [ -120.360383210135012, 34.067085115082762 ], [ -120.360493210135104, 34.067159115082823 ], [ -120.360625210135225, 34.06714911508282 ], [ -120.360614210135211, 34.067232115082888 ], [ -120.360867210135439, 34.067232115082888 ], [ -120.361384210135938, 34.067424115083071 ], [ -120.361747210136272, 34.067918115083536 ], [ -120.361780210136331, 34.068202115083793 ], [ -120.361967210136484, 34.068559115084135 ], [ -120.361835210136348, 34.068623115084193 ], [ -120.361538210136089, 34.068641115084198 ], [ -120.361197210135757, 34.068733115084292 ], [ -120.361087210135651, 34.068815115084362 ], [ -120.361065210135635, 34.06894311508448 ], [ -120.361307210135863, 34.069099115084619 ], [ -120.361450210135999, 34.069035115084567 ], [ -120.361703210136227, 34.069108115084632 ], [ -120.362055210136575, 34.069044115084573 ], [ -120.362253210136771, 34.069209115084725 ], [ -120.362473210136955, 34.069264115084778 ], [ -120.362572210137046, 34.069382115084892 ], [ -120.362572210137046, 34.069501115084989 ], [ -120.362495210136998, 34.069584115085078 ], [ -120.362121210136635, 34.069767115085263 ], [ -120.361725210136242, 34.070554115085983 ], [ -120.361318210135849, 34.071057115086454 ], [ -120.361329210135864, 34.071332115086705 ], [ -120.361395210135925, 34.071442115086811 ], [ -120.362055210136546, 34.071844115087174 ], [ -120.362187210136696, 34.072000115087327 ], [ -120.362164210136655, 34.07209111508741 ], [ -120.3619892101365, 34.072256115087569 ], [ -120.362000210136486, 34.072467115087754 ], [ -120.36211021013662, 34.072531115087827 ], [ -120.362000210136486, 34.072567115087857 ], [ -120.362033210136545, 34.072741115088022 ], [ -120.362275210136758, 34.072952115088214 ], [ -120.362242210136728, 34.073199115088443 ], [ -120.362297210136802, 34.073245115088483 ], [ -120.3619892101365, 34.073684115088888 ], [ -120.361945210136454, 34.073903115089109 ], [ -120.362143210136651, 34.073839115089037 ], [ -120.362385210136864, 34.073885115089084 ], [ -120.362341210136819, 34.074023115089211 ], [ -120.362418210136894, 34.074114115089294 ], [ -120.362759210137227, 34.074187115089359 ], [ -120.36310021013756, 34.074187115089366 ], [ -120.363243210137682, 34.074132115089313 ], [ -120.363308210137745, 34.073949115089142 ], [ -120.363198210137668, 34.073839115089037 ], [ -120.36328621013773, 34.073730115088942 ], [ -120.363902210138306, 34.073592115088815 ], [ -120.364210210138609, 34.07343711508868 ], [ -120.364408210138805, 34.07343711508868 ], [ -120.364584210138972, 34.073501115088732 ], [ -120.364837210139214, 34.073656115088866 ], [ -120.365189210139533, 34.074050115089236 ], [ -120.365662210140002, 34.074352115089525 ], [ -120.365750210140064, 34.074828115089964 ], [ -120.365882210140185, 34.074928115090053 ], [ -120.366047210140351, 34.074938115090063 ], [ -120.366168210140472, 34.075047115090172 ], [ -120.366168210140472, 34.075359115090457 ], [ -120.366256210140548, 34.075578115090671 ], [ -120.366696210140958, 34.075798115090862 ], [ -120.367092210141351, 34.076274115091316 ], [ -120.367531210141749, 34.076438115091456 ], [ -120.367597210141824, 34.076594115091616 ], [ -120.36774021014196, 34.076695115091702 ], [ -120.368081210142265, 34.076805115091808 ], [ -120.368356210142537, 34.076786115091785 ], [ -120.368532210142718, 34.076713115091721 ], [ -120.368631210142809, 34.076612115091628 ], [ -120.368741210142915, 34.076621115091626 ], [ -120.368873210143022, 34.076740115091745 ], [ -120.369049210143189, 34.076658115091668 ], [ -120.369357210143491, 34.076100115091144 ], [ -120.369687210143823, 34.075835115090911 ], [ -120.369951210144066, 34.075349115090447 ], [ -120.369962210144081, 34.075139115090252 ], [ -120.369819210143945, 34.075029115090153 ], [ -120.36920321014334, 34.074956115090075 ], [ -120.369137210143279, 34.074572115089723 ], [ -120.369060210143203, 34.074498115089654 ], [ -120.368862210143007, 34.074471115089629 ], [ -120.368367210142551, 34.074553115089699 ], [ -120.36814721014234, 34.074535115089695 ], [ -120.36814721014234, 34.07413211508932 ], [ -120.367817210142036, 34.073876115089071 ], [ -120.367641210141841, 34.073592115088829 ], [ -120.367597210141824, 34.073016115088272 ], [ -120.367422210141669, 34.0728141150881 ], [ -120.366905210141169, 34.072723115088003 ], [ -120.366718210141002, 34.072595115087893 ], [ -120.366564210140851, 34.072311115087615 ], [ -120.365948210140246, 34.071881115087223 ], [ -120.365838210140168, 34.071597115086952 ], [ -120.365937210140245, 34.070838115086254 ], [ -120.365992210140291, 34.070746115086166 ], [ -120.366399210140699, 34.07045311508589 ], [ -120.366564210140851, 34.07045311508589 ], [ -120.367443210141701, 34.070105115085568 ], [ -120.367531210141763, 34.070014115085492 ], [ -120.367652210141884, 34.069703115085197 ], [ -120.367938210142157, 34.06961111508511 ], [ -120.368114210142323, 34.069181115084717 ], [ -120.368664210142867, 34.068733115084292 ], [ -120.368730210142914, 34.068531115084099 ], [ -120.368719210142899, 34.068339115083923 ], [ -120.368631210142837, 34.068174115083771 ], [ -120.368532210142746, 34.06814711508374 ], [ -120.368477210142714, 34.067991115083593 ], [ -120.368411210142625, 34.067982115083588 ], [ -120.368269210142472, 34.067744115083372 ], [ -120.368301210142519, 34.067644115083283 ], [ -120.369885210144034, 34.066426115082145 ], [ -120.370963210145064, 34.065731115081505 ], [ -120.371271210145338, 34.06542011508121 ], [ -120.371776210145825, 34.065054115080876 ], [ -120.374702210148598, 34.062317115078315 ], [ -120.375472210149354, 34.061777115077824 ], [ -120.376164210149994, 34.061200115077284 ], [ -120.376307210150131, 34.06099011507709 ], [ -120.376439210150266, 34.060898115077002 ], [ -120.37642821015028, 34.06073311507685 ], [ -120.376593210150418, 34.060587115076707 ], [ -120.376868210150676, 34.060477115076608 ], [ -120.377264210151068, 34.060239115076392 ], [ -120.377583210151357, 34.059955115076129 ], [ -120.377671210151462, 34.059974115076145 ], [ -120.377748210151537, 34.059846115076034 ], [ -120.377847210151614, 34.059836115076017 ], [ -120.377869210151658, 34.059763115075945 ], [ -120.378441210152189, 34.059424115075622 ], [ -120.378815210152538, 34.059306115075515 ], [ -120.378870210152613, 34.059214115075441 ], [ -120.379112210152826, 34.059159115075381 ], [ -120.379409210153085, 34.058921115075165 ], [ -120.379772210153433, 34.058729115074982 ], [ -120.38002521015369, 34.058500115074771 ], [ -120.380179210153841, 34.058546115074812 ], [ -120.3804652101541, 34.058372115074668 ], [ -120.380783210154391, 34.058372115074661 ], [ -120.381201210154828, 34.058152115074456 ], [ -120.381344210154964, 34.057832115074156 ], [ -120.381278210154903, 34.057512115073862 ], [ -120.38142121015504, 34.057457115073802 ], [ -120.381410210155025, 34.057411115073769 ], [ -120.381740210155328, 34.05731911507366 ], [ -120.381795210155374, 34.057237115073598 ], [ -120.381784210155374, 34.057026115073398 ], [ -120.382312210155888, 34.056340115072764 ], [ -120.382576210156117, 34.056166115072593 ], [ -120.382620210156162, 34.056038115072475 ], [ -120.382763210156298, 34.055965115072411 ], [ -120.383060210156586, 34.055626115072101 ], [ -120.383357210156859, 34.055379115071872 ], [ -120.384149210157631, 34.055003115071521 ], [ -120.384776210158222, 34.054573115071122 ], [ -120.385061210158483, 34.05445411507101 ], [ -120.385413210158816, 34.054528115071079 ], [ -120.385501210158907, 34.054601115071144 ], [ -120.385612210159039, 34.054601115071151 ], [ -120.386084210159481, 34.055003115071521 ], [ -120.386326210159694, 34.055022115071544 ], [ -120.386502210159861, 34.05489411507142 ], [ -120.386425210159786, 34.054729115071268 ], [ -120.386590210159952, 34.054628115071175 ], [ -120.386601210159952, 34.054491115071045 ], [ -120.386447210159815, 34.054464115071021 ], [ -120.386293210159664, 34.054289115070858 ], [ -120.386271210159634, 34.054033115070609 ], [ -120.386854210160209, 34.053575115070188 ], [ -120.387899210161208, 34.053154115069802 ], [ -120.388163210161466, 34.052861115069526 ], [ -120.388493210161755, 34.052614115069304 ], [ -120.389196210162453, 34.052349115069056 ], [ -120.389592210162817, 34.052248115068963 ], [ -120.390692210163863, 34.051800115068545 ], [ -120.391099210164242, 34.051882115068615 ], [ -120.391132210164272, 34.051946115068674 ], [ -120.391396210164501, 34.052019115068745 ], [ -120.391440210164546, 34.052083115068804 ], [ -120.391726210164862, 34.052074115068798 ], [ -120.391902210165028, 34.05201011506874 ], [ -120.391946210165045, 34.051919115068657 ], [ -120.391913210165015, 34.051781115068529 ], [ -120.392056210165151, 34.051699115068445 ], [ -120.392485210165546, 34.051818115068563 ], [ -120.392738210165788, 34.051845115068588 ], [ -120.39307921016615, 34.051653115068405 ], [ -120.392980210166058, 34.051562115068322 ], [ -120.393002210166074, 34.051397115068163 ], [ -120.392892210165968, 34.051360115068128 ], [ -120.392925210165998, 34.051278115068058 ], [ -120.393452210166473, 34.051031115067836 ], [ -120.39355221016659, 34.050939115067742 ], [ -120.393882210166879, 34.05086611506767 ], [ -120.394343210167321, 34.050646115067472 ], [ -120.39432121016732, 34.050610115067443 ], [ -120.394574210167548, 34.050546115067377 ], [ -120.394783210167745, 34.050417115067262 ], [ -120.395036210167987, 34.050353115067196 ], [ -120.39539921016835, 34.050189115067042 ], [ -120.395421210168365, 34.050225115067086 ], [ -120.395597210168518, 34.050134115066996 ], [ -120.396268210169168, 34.05016111506702 ], [ -120.396455210169364, 34.050097115066968 ], [ -120.396763210169638, 34.050207115067067 ], [ -120.396939210169805, 34.050207115067067 ], [ -120.397126210169986, 34.050033115066888 ], [ -120.397214210170048, 34.050015115066891 ], [ -120.397456210170304, 34.050088115066949 ], [ -120.397808210170652, 34.050280115067146 ], [ -120.397972210170806, 34.050289115067145 ], [ -120.398072210170881, 34.050243115067104 ], [ -120.39819221017099, 34.049996115066861 ], [ -120.398335210171126, 34.049969115066844 ], [ -120.398709210171489, 34.05007911506695 ], [ -120.399292210172064, 34.050500115067337 ], [ -120.399534210172277, 34.05061011506745 ], [ -120.400095210172793, 34.05055511506739 ], [ -120.400161210172882, 34.050427115067272 ], [ -120.400282210173003, 34.050408115067256 ], [ -120.400227210172929, 34.050253115067108 ], [ -120.400315210173034, 34.050088115066956 ], [ -120.400425210173125, 34.050115115066987 ], [ -120.40051321017323, 34.050271115067126 ], [ -120.400645210173337, 34.050243115067111 ], [ -120.401030210173687, 34.050060115066941 ], [ -120.401063210173717, 34.050115115066987 ], [ -120.401239210173884, 34.049969115066851 ], [ -120.401360210174033, 34.049960115066845 ], [ -120.401470210174139, 34.050024115066897 ], [ -120.40149221017414, 34.050234115067092 ], [ -120.402008210174628, 34.050445115067291 ], [ -120.402635210175248, 34.050536115067381 ], [ -120.403625210176173, 34.050344115067205 ], [ -120.403889210176416, 34.050390115067245 ], [ -120.40424121017675, 34.050619115067441 ], [ -120.404637210177142, 34.050774115067604 ], [ -120.404736210177219, 34.050893115067709 ], [ -120.405033210177507, 34.051012115067827 ], [ -120.405132210177598, 34.051122115067919 ], [ -120.405561210178021, 34.051223115068012 ], [ -120.406111210178523, 34.051507115068283 ], [ -120.406485210178872, 34.051498115068284 ], [ -120.40646321017887, 34.051543115068306 ], [ -120.406529210178917, 34.051617115068382 ], [ -120.40626521017866, 34.051928115068669 ], [ -120.406375210178766, 34.052047115068781 ], [ -120.406925210179324, 34.052083115068818 ], [ -120.406957210179343, 34.052184115068911 ], [ -120.407166210179525, 34.052230115068951 ], [ -120.407320210179677, 34.05219311506891 ], [ -120.407518210179859, 34.052230115068951 ], [ -120.407562210179904, 34.052166115068893 ], [ -120.408629210180933, 34.052230115068959 ], [ -120.408937210181222, 34.052157115068894 ], [ -120.409300210181584, 34.052184115068918 ], [ -120.409399210181675, 34.052129115068858 ], [ -120.409630210181874, 34.052157115068887 ], [ -120.410136210182344, 34.05207411506882 ], [ -120.410532210182737, 34.052367115069089 ], [ -120.410741210182934, 34.052431115069147 ], [ -120.411202210183376, 34.05268811506938 ], [ -120.411588210183737, 34.05305411506972 ], [ -120.411697210183831, 34.053035115069711 ], [ -120.412137210184284, 34.05353911507018 ], [ -120.412797210184877, 34.053777115070396 ], [ -120.413446210185512, 34.054225115070807 ], [ -120.41361121018565, 34.054546115071119 ], [ -120.413622210185665, 34.054811115071367 ], [ -120.413721210185784, 34.054921115071458 ], [ -120.413721210185784, 34.055049115071583 ], [ -120.413468210185513, 34.055187115071703 ], [ -120.413237210185287, 34.055150115071683 ], [ -120.412841210184922, 34.055159115071682 ], [ -120.412555210184664, 34.055333115071846 ], [ -120.412577210184693, 34.055443115071938 ], [ -120.412973210185044, 34.055544115072045 ], [ -120.41317121018524, 34.05566211507216 ], [ -120.413358210185422, 34.05566211507216 ], [ -120.413875210185907, 34.055855115072333 ], [ -120.414238210186255, 34.055855115072333 ], [ -120.414315210186331, 34.055736115072214 ], [ -120.414370210186391, 34.055242115071756 ], [ -120.414623210186605, 34.05503111507155 ], [ -120.415019210187026, 34.054949115071494 ], [ -120.415085210187073, 34.054894115071441 ], [ -120.416019210187969, 34.054765115071312 ], [ -120.416415210188319, 34.054802115071354 ], [ -120.416866210188758, 34.054097115070711 ], [ -120.41722921018912, 34.053310115069962 ], [ -120.417405210189287, 34.053081115069759 ], [ -120.417966210189789, 34.052660115069365 ], [ -120.418076210189923, 34.052422115069135 ], [ -120.41827421019012, 34.052202115068944 ], [ -120.418582210190394, 34.052038115068775 ], [ -120.418824210190621, 34.051736115068508 ], [ -120.41983621019159, 34.05103111506785 ], [ -120.420308210192061, 34.050811115067638 ], [ -120.420660210192381, 34.050774115067611 ], [ -120.420781210192501, 34.050893115067716 ], [ -120.420913210192623, 34.050893115067709 ], [ -120.421584210193259, 34.051314115068116 ], [ -120.422079210193743, 34.051525115068308 ], [ -120.422354210193987, 34.051397115068198 ], [ -120.422233210193866, 34.051131115067946 ], [ -120.422233210193866, 34.050994115067809 ], [ -120.422596210194214, 34.050298115067179 ], [ -120.422607210194258, 34.050134115067017 ], [ -120.422486210194108, 34.049996115066875 ], [ -120.422684210194333, 34.04965811506657 ], [ -120.422849210194471, 34.049511115066437 ], [ -120.423509210195093, 34.049117115066068 ], [ -120.424609210196138, 34.048660115065644 ], [ -120.42463021019617, 34.04858711506558 ], [ -120.424971210196503, 34.048504115065505 ], [ -120.425290210196792, 34.048349115065349 ], [ -120.425774210197261, 34.048275115065287 ], [ -120.426423210197896, 34.047964115065 ], [ -120.426951210198368, 34.047964115065 ], [ -120.427160210198565, 34.048028115065051 ], [ -120.427138210198549, 34.048129115065144 ], [ -120.42730321019873, 34.048092115065124 ], [ -120.427479210198882, 34.048138115065171 ], [ -120.428205210199565, 34.048184115065197 ], [ -120.428678210200019, 34.048083115065118 ], [ -120.428876210200215, 34.047754115064805 ], [ -120.428831210200187, 34.047442115064506 ], [ -120.428722210200064, 34.047406115064483 ], [ -120.428765210200126, 34.047278115064358 ], [ -120.429249210200567, 34.046701115063819 ], [ -120.429579210200899, 34.046042115063209 ], [ -120.429865210201172, 34.045813115062991 ], [ -120.430206210201476, 34.045630115062828 ], [ -120.430327210201568, 34.045712115062905 ], [ -120.43075621020202, 34.045318115062535 ], [ -120.431097210202324, 34.045236115062458 ], [ -120.431317210202536, 34.044925115062171 ], [ -120.431427210202642, 34.044897115062142 ], [ -120.431218210202445, 34.044815115062065 ], [ -120.431295210202521, 34.044366115061656 ], [ -120.431581210202808, 34.043707115061039 ], [ -120.432461210203641, 34.042691115060087 ], [ -120.433583210204731, 34.041702115059174 ] ], [ [ -120.111532209899011, 34.02039611503919 ], [ -120.111741209899208, 34.020341115039137 ], [ -120.111982209899466, 34.020341115039137 ], [ -120.112367209899816, 34.020460115039242 ], [ -120.112686209900119, 34.020460115039242 ], [ -120.1128732099003, 34.020533115039321 ], [ -120.113027209900423, 34.020533115039321 ], [ -120.113247209900649, 34.020442115039224 ], [ -120.113357209900727, 34.020222115039026 ], [ -120.113522209900879, 34.020112115038927 ], [ -120.113852209901239, 34.020149115038954 ], [ -120.114149209901498, 34.020387115039178 ], [ -120.114347209901695, 34.020423115039215 ], [ -120.114479209901816, 34.020222115039026 ], [ -120.11433620990168, 34.02006611503888 ], [ -120.114523209901861, 34.020011115038827 ], [ -120.114853209902151, 34.020112115038927 ], [ -120.115040209902347, 34.020515115039295 ], [ -120.115172209902468, 34.020588115039367 ], [ -120.115381209902679, 34.020487115039259 ], [ -120.11588720990315, 34.020414115039202 ], [ -120.116217209903468, 34.020497115039277 ], [ -120.116503209903712, 34.020689115039467 ], [ -120.11660120990382, 34.020963115039713 ], [ -120.116744209903942, 34.021165115039892 ], [ -120.116744209903942, 34.02134811504007 ], [ -120.11665620990388, 34.021476115040187 ], [ -120.11665620990388, 34.0215861150403 ], [ -120.1170192099042, 34.021760115040451 ], [ -120.117305209904515, 34.022136115040809 ], [ -120.117338209904545, 34.022264115040926 ], [ -120.117382209904562, 34.02223611504089 ], [ -120.11767920990485, 34.022420115041072 ], [ -120.117657209904806, 34.022740115041373 ], [ -120.11771220990488, 34.022896115041519 ], [ -120.117844209905016, 34.022923115041536 ], [ -120.118141209905275, 34.022813115041444 ], [ -120.118416209905519, 34.022877115041503 ], [ -120.118779209905867, 34.023198115041794 ], [ -120.118988209906078, 34.023463115042048 ], [ -120.119483209906534, 34.023601115042169 ], [ -120.119549209906609, 34.023665115042228 ], [ -120.119582209906639, 34.023619115042187 ], [ -120.119934209906972, 34.02366511504222 ], [ -120.120308209907321, 34.023399115041983 ], [ -120.120396209907398, 34.023409115041993 ], [ -120.120418209907427, 34.023500115042076 ], [ -120.120692209907702, 34.023500115042076 ], [ -120.120835209907838, 34.023216115041812 ], [ -120.12094520990793, 34.023088115041688 ], [ -120.121165209908142, 34.023106115041713 ], [ -120.121319209908293, 34.023180115041782 ], [ -120.121473209908416, 34.023088115041688 ], [ -120.121693209908628, 34.023115115041719 ], [ -120.121924209908855, 34.022649115041276 ], [ -120.122100209909021, 34.022484115041131 ], [ -120.122441209909354, 34.022548115041197 ], [ -120.122650209909537, 34.022456115041102 ], [ -120.122727209909613, 34.022465115041108 ], [ -120.123156209910007, 34.022905115041524 ], [ -120.123695209910522, 34.023033115041642 ], [ -120.124124209910946, 34.023070115041676 ], [ -120.124399209911218, 34.023033115041642 ], [ -120.124531209911325, 34.0227771150414 ], [ -120.124927209911704, 34.022484115041138 ], [ -120.12515720991189, 34.022612115041255 ], [ -120.125080209911815, 34.023234115041831 ], [ -120.125102209911859, 34.023417115042008 ], [ -120.125278209912011, 34.023564115042134 ], [ -120.125432209912162, 34.02358311504215 ], [ -120.125773209912495, 34.023509115042081 ], [ -120.125894209912616, 34.02358311504215 ], [ -120.126048209912767, 34.023601115042176 ], [ -120.126070209912783, 34.02367411504224 ], [ -120.126147209912858, 34.02367411504224 ], [ -120.126180209912889, 34.023610115042175 ], [ -120.126378209913057, 34.02358311504215 ], [ -120.126389209913071, 34.023656115042229 ], [ -120.127027209913663, 34.023756115042318 ], [ -120.127170209913828, 34.023702115042269 ], [ -120.127192209913829, 34.023564115042142 ], [ -120.127313209913936, 34.023463115042048 ], [ -120.127951209914571, 34.024040115042581 ], [ -120.12878720991533, 34.024462115042979 ], [ -120.129161209915722, 34.024590115043097 ], [ -120.129699209916211, 34.024498115043009 ], [ -120.130073209916574, 34.024498115043002 ], [ -120.130436209916894, 34.02472711504322 ], [ -120.130535209916999, 34.024855115043344 ], [ -120.130821209917286, 34.025103115043578 ], [ -120.131129209917574, 34.025249115043707 ], [ -120.131448209917863, 34.025212115043686 ], [ -120.131591209918, 34.025103115043578 ], [ -120.131734209918136, 34.025048115043525 ], [ -120.132075209918455, 34.025286115043748 ], [ -120.132394209918758, 34.025322115043771 ], [ -120.132691209919045, 34.025267115043725 ], [ -120.132933209919287, 34.02543211504387 ], [ -120.133065209919394, 34.025341115043794 ], [ -120.133043209919393, 34.025258115043719 ], [ -120.133186209919515, 34.025139115043608 ], [ -120.133406209919698, 34.025084115043548 ], [ -120.133758209920046, 34.025222115043675 ], [ -120.133989209920259, 34.025588115044016 ], [ -120.134450209920701, 34.025945115044365 ], [ -120.134604209920852, 34.026128115044528 ], [ -120.134758209921003, 34.0262011150446 ], [ -120.135187209921398, 34.026165115044556 ], [ -120.135264209921473, 34.026256115044646 ], [ -120.135792209921959, 34.026421115044805 ], [ -120.136298209922458, 34.026421115044798 ], [ -120.136474209922625, 34.026348115044726 ], [ -120.136760209922883, 34.026339115044721 ], [ -120.136826209922944, 34.026375115044743 ], [ -120.137189209923292, 34.026311115044699 ], [ -120.13756320992367, 34.026458115044839 ], [ -120.137783209923882, 34.026458115044839 ], [ -120.138519209924553, 34.026275115044669 ], [ -120.138805209924811, 34.026421115044798 ], [ -120.139201209925218, 34.026430115044811 ], [ -120.139421209925416, 34.026384115044777 ], [ -120.139421209925416, 34.026183115044574 ], [ -120.14019120992613, 34.026082115044481 ], [ -120.140708209926643, 34.025396115043861 ], [ -120.141203209927127, 34.025277115043728 ], [ -120.141555209927418, 34.025295115043747 ], [ -120.141775209927658, 34.025249115043714 ], [ -120.141885209927736, 34.025075115043556 ], [ -120.142193209928038, 34.024846115043346 ], [ -120.142413209928264, 34.024965115043436 ], [ -120.142457209928295, 34.024883115043366 ], [ -120.142962209928754, 34.024754115043251 ], [ -120.143952209929722, 34.024700115043196 ], [ -120.143974209929738, 34.024809115043304 ], [ -120.143985209929753, 34.024663115043161 ], [ -120.144788209930482, 34.024663115043168 ], [ -120.144821209930512, 34.024791115043286 ], [ -120.145041209930724, 34.02473611504324 ], [ -120.146009209931648, 34.024764115043261 ], [ -120.146350209931981, 34.024846115043339 ], [ -120.146822209932424, 34.025038115043515 ], [ -120.147186209932798, 34.024993115043472 ], [ -120.147559209933121, 34.02486411504335 ], [ -120.147834209933393, 34.024590115043097 ], [ -120.147790209933348, 34.024333115042857 ], [ -120.147867209933423, 34.024040115042588 ], [ -120.148076209933606, 34.023811115042371 ], [ -120.148241209933758, 34.023766115042321 ], [ -120.148032209933561, 34.023656115042229 ], [ -120.148131209933652, 34.023344115041937 ], [ -120.148384209933894, 34.023024115041643 ], [ -120.148483209934028, 34.023033115041649 ], [ -120.148813209934318, 34.02274011504138 ], [ -120.148769209934287, 34.022420115041086 ], [ -120.148384209933909, 34.022209115040873 ], [ -120.148494209934015, 34.02207211504075 ], [ -120.148681209934196, 34.021971115040657 ], [ -120.148802209934317, 34.021815115040503 ], [ -120.148659209934195, 34.021623115040342 ], [ -120.148945209934425, 34.021257115040001 ], [ -120.148835209934347, 34.020963115039727 ], [ -120.148934209934438, 34.020469115039276 ], [ -120.149066209934546, 34.020359115039156 ], [ -120.149341209934818, 34.020249115039064 ], [ -120.149583209935045, 34.0200751150389 ], [ -120.150056209935514, 34.019453115038317 ], [ -120.150276209935697, 34.019279115038159 ], [ -120.150540209935954, 34.019187115038065 ], [ -120.151024209936409, 34.019160115038041 ], [ -120.150903209936288, 34.019095115037992 ], [ -120.150749209936137, 34.018894115037796 ], [ -120.150793209936182, 34.01888511503779 ], [ -120.150738209936122, 34.01870211503762 ], [ -120.150848209936228, 34.018161115037117 ], [ -120.151255209936636, 34.0176031150366 ], [ -120.15140820993679, 34.017493115036494 ], [ -120.151595209936971, 34.017456115036453 ], [ -120.152200209937533, 34.017768115036759 ], [ -120.152398209937701, 34.01774011503673 ], [ -120.152475209937776, 34.017658115036646 ], [ -120.152464209937762, 34.017328115036342 ], [ -120.152530209937837, 34.017181115036188 ], [ -120.152926209938229, 34.016852115035896 ], [ -120.153652209938897, 34.016119115035224 ], [ -120.1539602099392, 34.015954115035058 ], [ -120.154994209940185, 34.015707115034829 ], [ -120.155247209940413, 34.015579115034718 ], [ -120.155962209941109, 34.014764115033962 ], [ -120.156159209941293, 34.014663115033848 ], [ -120.156445209941538, 34.014654115033842 ], [ -120.156852209941931, 34.014471115033679 ], [ -120.157061209942142, 34.01417811503341 ], [ -120.158392209943386, 34.013427115032705 ], [ -120.159712209944658, 34.012108115031481 ], [ -120.160295209945204, 34.011613115031018 ], [ -120.160822209945721, 34.01125611503069 ], [ -120.162010209946857, 34.010762115030239 ], [ -120.163264209948039, 34.010148115029665 ], [ -120.164496209949206, 34.009617115029172 ], [ -120.167003209951559, 34.008344115027988 ], [ -120.167311209951862, 34.008298115027934 ], [ -120.167762209952286, 34.008564115028186 ], [ -120.167817209952361, 34.008280115027929 ], [ -120.167982209952498, 34.008115115027771 ], [ -120.16816920995268, 34.008032115027689 ], [ -120.168345209952847, 34.008032115027696 ], [ -120.168378209952877, 34.008188115027835 ], [ -120.168455209952953, 34.008161115027818 ], [ -120.1690262099535, 34.008564115028186 ], [ -120.169499209953941, 34.008811115028422 ], [ -120.169763209954169, 34.008893115028492 ], [ -120.169862209954289, 34.008875115028474 ], [ -120.169840209954245, 34.008765115028375 ], [ -120.169653209954092, 34.008573115028206 ], [ -120.169488209953926, 34.008490115028117 ], [ -120.16946620995391, 34.00841711502806 ], [ -120.169653209954092, 34.008216115027871 ], [ -120.170038209954441, 34.007923115027594 ], [ -120.170159209954576, 34.007950115027619 ], [ -120.170346209954729, 34.008115115027778 ], [ -120.170698209955091, 34.00797711502765 ], [ -120.170962209955334, 34.007923115027594 ], [ -120.171105209955456, 34.007950115027626 ], [ -120.171699209956003, 34.008298115027941 ], [ -120.171875209956184, 34.008500115028134 ], [ -120.171875209956184, 34.008133115027796 ], [ -120.171996209956291, 34.007959115027624 ], [ -120.17303020995729, 34.007538115027238 ], [ -120.173557209957806, 34.007135115026855 ], [ -120.173766209957989, 34.006842115026586 ], [ -120.173909209958126, 34.006732115026487 ], [ -120.174756209958929, 34.006475115026248 ], [ -120.175218209959382, 34.006237115026018 ], [ -120.175999209960111, 34.005990115025796 ], [ -120.176758209960809, 34.005853115025666 ], [ -120.177671209961673, 34.005807115025618 ], [ -120.177770209961793, 34.005761115025592 ], [ -120.177868209961844, 34.00579811502562 ], [ -120.178352209962341, 34.005788115025616 ], [ -120.178913209962872, 34.005880115025683 ], [ -120.179232209963175, 34.006054115025854 ], [ -120.179386209963326, 34.006265115026054 ], [ -120.17974920996366, 34.006310115026096 ], [ -120.179969209963872, 34.006420115026188 ], [ -120.17983720996375, 34.006549115026317 ], [ -120.179969209963872, 34.00656711502635 ], [ -120.180233209964129, 34.006732115026487 ], [ -120.181025209964858, 34.007071115026804 ], [ -120.18119020996501, 34.007190115026908 ], [ -120.181289209965115, 34.006979115026709 ], [ -120.181421209965265, 34.006915115026651 ], [ -120.181674209965493, 34.006961115026705 ], [ -120.182499209966267, 34.006897115026632 ], [ -120.183521209967225, 34.006943115026679 ], [ -120.184148209967816, 34.0071711150269 ], [ -120.184786209968436, 34.007025115026764 ], [ -120.185039209968679, 34.007098115026828 ], [ -120.185248209968861, 34.00721711502694 ], [ -120.185435209969043, 34.007226115026945 ], [ -120.186535209970089, 34.007034115026777 ], [ -120.187282209970775, 34.006439115026218 ], [ -120.187568209971062, 34.006301115026083 ], [ -120.18798620997147, 34.006265115026054 ], [ -120.188360209971805, 34.006329115026112 ], [ -120.188767209972198, 34.006329115026112 ], [ -120.188800209972243, 34.006365115026149 ], [ -120.189306209972727, 34.006256115026048 ], [ -120.190021209973381, 34.006017115025827 ], [ -120.19056020997391, 34.005917115025731 ], [ -120.191054209974368, 34.005697115025527 ], [ -120.192088209975381, 34.005037115024905 ], [ -120.192253209975519, 34.005047115024922 ], [ -120.192726209975959, 34.004873115024765 ], [ -120.193023209976218, 34.004680115024577 ], [ -120.193045209976233, 34.004598115024493 ], [ -120.193100209976294, 34.004589115024487 ], [ -120.193144209976339, 34.004644115024547 ], [ -120.193419209976625, 34.00468911502459 ], [ -120.193606209976792, 34.004772115024679 ], [ -120.193859209977035, 34.004763115024652 ], [ -120.19393620997711, 34.004827115024717 ], [ -120.194068209977232, 34.004827115024717 ], [ -120.194486209977626, 34.004653115024553 ], [ -120.194717209977853, 34.004415115024344 ], [ -120.195003209978125, 34.004213115024143 ], [ -120.195431209978523, 34.004140115024072 ], [ -120.195574209978673, 34.00403011502398 ], [ -120.196267209979325, 34.004039115023986 ], [ -120.196564209979613, 34.004131115024073 ], [ -120.196894209979931, 34.004332115024255 ], [ -120.196960209979977, 34.004424115024342 ], [ -120.197565209980539, 34.004424115024349 ], [ -120.19788420998087, 34.004479115024402 ], [ -120.198643209981569, 34.004753115024648 ], [ -120.198808209981721, 34.00488211502477 ], [ -120.199105209982008, 34.005001115024882 ], [ -120.199567209982462, 34.004992115024876 ], [ -120.19990820998278, 34.005138115025012 ], [ -120.200171209983012, 34.005184115025052 ], [ -120.200468209983299, 34.005321115025183 ], [ -120.201282209984072, 34.005376115025229 ], [ -120.201623209984405, 34.005532115025368 ], [ -120.202019209984769, 34.00549511502534 ], [ -120.202173209984892, 34.005697115025527 ], [ -120.2031082099858, 34.006063115025867 ], [ -120.203284209985981, 34.006292115026078 ], [ -120.203383209986072, 34.006182115025979 ], [ -120.203372209986057, 34.005981115025804 ], [ -120.203416209986102, 34.005871115025691 ], [ -120.203592209986255, 34.005871115025691 ], [ -120.203845209986497, 34.005752115025579 ], [ -120.204175209986815, 34.005706115025546 ], [ -120.204263209986905, 34.005633115025475 ], [ -120.204636209987257, 34.00554111502538 ], [ -120.204636209987257, 34.00550511502535 ], [ -120.204966209987575, 34.005450115025297 ], [ -120.205384209987955, 34.005468115025323 ], [ -120.206220209988757, 34.005211115025084 ], [ -120.206484209988986, 34.005211115025084 ], [ -120.206770209989259, 34.005266115025137 ], [ -120.207298209989787, 34.005532115025382 ], [ -120.207562209990016, 34.005486115025334 ], [ -120.207892209990334, 34.005559115025406 ], [ -120.208178209990606, 34.005450115025305 ], [ -120.20866220999109, 34.005733115025571 ], [ -120.2087932099912, 34.005770115025598 ], [ -120.209222209991594, 34.005761115025599 ], [ -120.209398209991761, 34.005825115025651 ], [ -120.209475209991837, 34.005953115025768 ], [ -120.209475209991837, 34.006219115026028 ], [ -120.209970209992321, 34.00661311502639 ], [ -120.210047209992396, 34.006622115026389 ], [ -120.210289209992609, 34.006485115026265 ], [ -120.210399209992715, 34.006475115026262 ], [ -120.210509209992821, 34.006585115026361 ], [ -120.210542209992852, 34.007034115026777 ], [ -120.210938209993216, 34.00679611502656 ], [ -120.211026209993292, 34.006686115026447 ], [ -120.211180209993444, 34.006622115026389 ], [ -120.211422209993685, 34.00661311502639 ], [ -120.211620209993882, 34.006686115026447 ], [ -120.211785209994048, 34.007034115026784 ], [ -120.211873209994124, 34.007071115026818 ], [ -120.21207120999432, 34.007007115026752 ], [ -120.212467209994685, 34.006714115026483 ], [ -120.212610209994821, 34.006649115026413 ], [ -120.212753209994929, 34.006787115026562 ], [ -120.212654209994838, 34.006988115026736 ], [ -120.212654209994838, 34.00713511502687 ], [ -120.212753209994929, 34.00722611502696 ], [ -120.21290720999508, 34.007245115026976 ], [ -120.21319220999537, 34.007391115027104 ], [ -120.213456209995613, 34.007739115027434 ], [ -120.213467209995642, 34.007941115027627 ], [ -120.213258209995416, 34.008179115027851 ], [ -120.213226209995398, 34.008463115028114 ], [ -120.213391209995564, 34.008600115028244 ], [ -120.213610209995764, 34.008637115028272 ], [ -120.213951209996068, 34.008051115027726 ], [ -120.21413820999625, 34.00799611502768 ], [ -120.214468209996568, 34.007730115027428 ], [ -120.214721209996824, 34.007712115027417 ], [ -120.215106209997174, 34.007776115027475 ], [ -120.215359209997416, 34.007923115027609 ], [ -120.215546209997598, 34.008197115027869 ], [ -120.21566720999769, 34.008271115027938 ], [ -120.216646209998643, 34.008454115028094 ], [ -120.217152209999114, 34.008729115028359 ], [ -120.21756920999951, 34.009260115028852 ], [ -120.217350209999282, 34.009351115028942 ], [ -120.217525209999465, 34.009406115028987 ], [ -120.217767209999693, 34.009727115029285 ], [ -120.217987209999919, 34.009809115029377 ], [ -120.218207210000131, 34.0097271150293 ], [ -120.218427210000314, 34.00971811502928 ], [ -120.218471210000359, 34.009599115029168 ], [ -120.218933210000785, 34.009571115029146 ], [ -120.219659210001495, 34.009443115029022 ], [ -120.219802210001632, 34.00946111502904 ], [ -120.219901210001709, 34.009535115029109 ], [ -120.220033210001858, 34.009763115029322 ], [ -120.220781210002542, 34.00990111502945 ], [ -120.220913210002692, 34.00999211502954 ], [ -120.221045210002799, 34.010212115029745 ], [ -120.221221210002994, 34.010267115029798 ], [ -120.221979210003667, 34.010221115029751 ], [ -120.222452210004136, 34.009983115029527 ], [ -120.222903210004574, 34.009828115029386 ], [ -120.223090210004727, 34.009846115029411 ], [ -120.223244210004879, 34.009938115029478 ], [ -120.223387210005015, 34.009965115029509 ], [ -120.223552210005181, 34.009910115029463 ], [ -120.223772210005393, 34.009983115029534 ], [ -120.223849210005469, 34.010047115029586 ], [ -120.224135210005755, 34.010066115029609 ], [ -120.224212210005803, 34.009919115029476 ], [ -120.22450921000609, 34.009901115029443 ], [ -120.224729210006302, 34.010011115029563 ], [ -120.225774210007302, 34.010267115029798 ], [ -120.226016210007515, 34.010231115029761 ], [ -120.226697210008183, 34.010020115029562 ], [ -120.226961210008426, 34.010047115029586 ], [ -120.227137210008593, 34.009956115029496 ], [ -120.227665210009079, 34.009947115029505 ], [ -120.228138210009519, 34.010029115029575 ], [ -120.228490210009866, 34.009910115029463 ], [ -120.22896321001032, 34.00995611502951 ], [ -120.22931521001064, 34.010084115029613 ], [ -120.229491210010806, 34.010066115029602 ], [ -120.229623210010942, 34.009983115029534 ], [ -120.229755210011078, 34.010121115029655 ], [ -120.229810210011124, 34.010029115029575 ], [ -120.22997521001129, 34.010002115029543 ], [ -120.230030210011336, 34.009938115029485 ], [ -120.230129210011413, 34.009928115029474 ], [ -120.230195210011473, 34.009864115029423 ], [ -120.230107210011411, 34.009644115029211 ], [ -120.230404210011685, 34.009425115029018 ], [ -120.230569210011836, 34.009544115029136 ], [ -120.230689210011946, 34.009443115029029 ], [ -120.231415210012656, 34.009223115028817 ], [ -120.231690210012914, 34.009241115028843 ], [ -120.231745210012946, 34.009205115028813 ], [ -120.231712210012915, 34.009077115028681 ], [ -120.232471210013657, 34.009077115028681 ], [ -120.232493210013672, 34.0091961150288 ], [ -120.232658210013838, 34.009306115028906 ], [ -120.232867210014021, 34.009260115028866 ], [ -120.232944210014097, 34.00937911502897 ], [ -120.233274210014415, 34.009315115028912 ], [ -120.233208210014354, 34.009278115028863 ], [ -120.233175210014295, 34.009113115028725 ], [ -120.233604210014704, 34.009086115028701 ], [ -120.233648210014749, 34.008948115028574 ], [ -120.23392321001505, 34.008930115028555 ], [ -120.233912210015021, 34.008628115028273 ], [ -120.233780210014885, 34.008509115028161 ], [ -120.23373621001484, 34.008307115027968 ], [ -120.234330210015415, 34.008133115027817 ], [ -120.235298210016339, 34.008261115027942 ], [ -120.235693210016706, 34.008179115027851 ], [ -120.235869210016858, 34.008371115028041 ], [ -120.235847210016857, 34.008463115028121 ], [ -120.236221210017206, 34.008683115028326 ], [ -120.236309210017282, 34.008921115028542 ], [ -120.236419210017388, 34.008875115028495 ], [ -120.236573210017539, 34.008948115028574 ], [ -120.237035210017993, 34.009022115028642 ], [ -120.237574210018494, 34.009296115028896 ], [ -120.237849210018737, 34.009333115028937 ], [ -120.237981210018873, 34.009141115028747 ], [ -120.23815721001904, 34.009067115028692 ], [ -120.238597210019478, 34.009022115028642 ], [ -120.238784210019631, 34.008719115028363 ], [ -120.239114210019949, 34.008600115028237 ], [ -120.239290210020116, 34.008454115028101 ], [ -120.239279210020115, 34.00839911502807 ], [ -120.238949210019783, 34.008161115027839 ], [ -120.238773210019644, 34.007758115027464 ], [ -120.238773210019644, 34.00732711502706 ], [ -120.238905210019752, 34.007071115026825 ], [ -120.238828210019676, 34.006714115026497 ], [ -120.238927210019767, 34.006521115026317 ], [ -120.239190210020013, 34.006384115026187 ], [ -120.239411210020251, 34.006365115026163 ], [ -120.239531210020374, 34.006402115026205 ], [ -120.239597210020435, 34.006210115026022 ], [ -120.239883210020679, 34.00585311502568 ], [ -120.240994210021753, 34.005019115024929 ], [ -120.241500210022238, 34.004928115024832 ], [ -120.241632210022345, 34.004699115024621 ], [ -120.242314210023011, 34.004204115024152 ], [ -120.243953210024557, 34.003407115023421 ], [ -120.244799210025377, 34.002803115022857 ], [ -120.245239210025773, 34.002610115022684 ], [ -120.245657210026181, 34.002564115022643 ], [ -120.247175210027592, 34.001832115021941 ], [ -120.247538210027969, 34.001722115021842 ], [ -120.248253210028622, 34.00171311502185 ], [ -120.248692210029049, 34.001969115022085 ], [ -120.248725210029065, 34.001951115022059 ], [ -120.248659210029018, 34.00227111502236 ], [ -120.248978210029335, 34.002033115022137 ], [ -120.249143210029501, 34.002015115022125 ], [ -120.249352210029699, 34.002134115022237 ], [ -120.249385210029715, 34.002354115022435 ], [ -120.249539210029866, 34.002555115022616 ], [ -120.249748210030063, 34.002601115022664 ], [ -120.250078210030381, 34.002537115022605 ], [ -120.250210210030488, 34.0023171150224 ], [ -120.250078210030381, 34.001969115022085 ], [ -120.250056210030337, 34.001676115021816 ], [ -120.250243210030547, 34.001520115021663 ], [ -120.250529210030805, 34.001420115021574 ], [ -120.250496210030775, 34.001291115021445 ], [ -120.250375210030654, 34.001181115021353 ], [ -120.250056210030337, 34.001218115021381 ], [ -120.250188210030501, 34.000962115021139 ], [ -120.250089210030367, 34.000943115021123 ], [ -120.250100210030411, 34.000879115021071 ], [ -120.250001210030305, 34.000861115021046 ], [ -120.249737210030048, 34.000998115021183 ], [ -120.249528210029851, 34.001053115021229 ], [ -120.249385210029715, 34.001026115021197 ], [ -120.24931921002964, 34.000925115021111 ], [ -120.249187210029518, 34.00088811502107 ], [ -120.249231210029563, 34.000943115021123 ], [ -120.249132210029487, 34.000998115021183 ], [ -120.24873721002912, 34.000623115020822 ], [ -120.248605210028984, 34.000375115020603 ], [ -120.248582210028943, 34.000192115020418 ], [ -120.248407210028773, 34.000394115020605 ], [ -120.248407210028773, 34.000366115020583 ], [ -120.247934210028333, 34.000714115020919 ], [ -120.247758210028167, 34.000760115020945 ], [ -120.247395210027832, 34.000723115020918 ], [ -120.247076210027515, 34.000632115020828 ], [ -120.246801210027257, 34.000485115020702 ], [ -120.246526210026985, 34.000238115020466 ], [ -120.246295210026787, 33.999936115020184 ], [ -120.246207210026697, 33.999743115020003 ], [ -120.246207210026697, 33.999569115019845 ], [ -120.246504210026984, 33.999075115019373 ], [ -120.246493210026969, 33.998782115019118 ], [ -120.246592210027075, 33.9985531150189 ], [ -120.247021210027469, 33.99836011501872 ], [ -120.247065210027515, 33.998424115018786 ], [ -120.247329210027772, 33.998177115018549 ], [ -120.247472210027908, 33.997893115018286 ], [ -120.247384210027846, 33.997609115018015 ], [ -120.247131210027575, 33.997399115017828 ], [ -120.246823210027301, 33.99729811501772 ], [ -120.246603210027061, 33.997353115017788 ], [ -120.246504210026984, 33.99773711501814 ], [ -120.246339210026832, 33.997957115018352 ], [ -120.246185210026681, 33.998031115018421 ], [ -120.245921210026424, 33.997985115018366 ], [ -120.245899210026423, 33.99788411501828 ], [ -120.245789210026317, 33.997912115018316 ], [ -120.245668210026196, 33.99783811501824 ], [ -120.24561321002615, 33.997884115018273 ], [ -120.245481210026043, 33.997838115018233 ], [ -120.245448210026012, 33.997985115018366 ], [ -120.245316210025848, 33.997948115018332 ], [ -120.245250210025787, 33.998040115018419 ], [ -120.245349210025879, 33.998086115018467 ], [ -120.245195210025727, 33.998031115018421 ], [ -120.245239210025773, 33.998195115018561 ], [ -120.245140210025681, 33.998287115018641 ], [ -120.245074210025621, 33.998580115018918 ], [ -120.244777210025347, 33.998791115019117 ], [ -120.244843210025422, 33.998882115019207 ], [ -120.244414210024999, 33.999221115019516 ], [ -120.244227210024846, 33.999249115019545 ], [ -120.243788210024405, 33.999194115019492 ], [ -120.243788210024405, 33.999139115019453 ], [ -120.242930210023616, 33.998901115019223 ], [ -120.24222621002292, 33.998791115019117 ], [ -120.241786210022497, 33.99854311501889 ], [ -120.241038210021784, 33.997902115018292 ], [ -120.24066421002145, 33.997902115018292 ], [ -120.240103210020905, 33.997573115017993 ], [ -120.239015210019886, 33.996803115017258 ], [ -120.238839210019719, 33.996620115017095 ], [ -120.23846521001937, 33.99592411501645 ], [ -120.238168210019083, 33.995521115016075 ], [ -120.238223210019143, 33.995448115016003 ], [ -120.238410210019296, 33.995420115015982 ], [ -120.238256210019173, 33.995347115015903 ], [ -120.237915210018841, 33.99454111501516 ], [ -120.237904210018854, 33.994165115014809 ], [ -120.238124210019066, 33.993890115014565 ], [ -120.238179210019098, 33.993652115014335 ], [ -120.238135210019053, 33.993286115013994 ], [ -120.238003210018945, 33.993121115013835 ], [ -120.237783210018733, 33.993057115013769 ], [ -120.237475210018431, 33.993066115013789 ], [ -120.23693621001793, 33.992791115013532 ], [ -120.236177210017217, 33.992828115013559 ], [ -120.235902210016917, 33.99277311501352 ], [ -120.235143210016233, 33.992461115013221 ], [ -120.235012210016095, 33.992342115013116 ], [ -120.235100210016185, 33.992205115012986 ], [ -120.234726210015822, 33.991976115012775 ], [ -120.23356021001473, 33.991792115012601 ], [ -120.233164210014337, 33.991939115012741 ], [ -120.232966210014141, 33.991875115012675 ], [ -120.232834210014019, 33.991692115012498 ], [ -120.232570210013762, 33.991545115012372 ], [ -120.23149221001276, 33.991472115012307 ], [ -120.231085210012367, 33.991554115012377 ], [ -120.230778210012076, 33.991454115012282 ], [ -120.230261210011577, 33.991060115011919 ], [ -120.230107210011425, 33.991051115011906 ], [ -120.229887210011228, 33.991124115011978 ], [ -120.229535210010894, 33.991014115011879 ], [ -120.22913921001053, 33.991051115011906 ], [ -120.228897210010317, 33.99099611501186 ], [ -120.228776210010196, 33.990858115011733 ], [ -120.228556210009955, 33.990840115011714 ], [ -120.228358210009787, 33.990757115011633 ], [ -120.227863210009303, 33.99040911501131 ], [ -120.227291210008772, 33.990318115011227 ], [ -120.227247210008727, 33.99027211501118 ], [ -120.227247210008727, 33.990089115011003 ], [ -120.22695021000844, 33.989951115010889 ], [ -120.226928210008424, 33.990171115011094 ], [ -120.226522210008042, 33.989915115010845 ], [ -120.225312210006905, 33.989731115010684 ], [ -120.224861210006466, 33.989566115010518 ], [ -120.224520210006162, 33.989374115010349 ], [ -120.224091210005767, 33.988980115009973 ], [ -120.223618210005284, 33.988824115009834 ], [ -120.223013210004737, 33.988376115009416 ], [ -120.222694210004434, 33.988027115009096 ], [ -120.222452210004192, 33.987249115008368 ], [ -120.222342210004115, 33.98707511500821 ], [ -120.222122210003874, 33.986873115008017 ], [ -120.22192521000369, 33.986433115007607 ], [ -120.221452210003235, 33.985664115006884 ], [ -120.220946210002765, 33.984684115005983 ], [ -120.220605210002461, 33.983603115004975 ], [ -120.220528210002385, 33.983209115004605 ], [ -120.220583210002445, 33.983135115004529 ], [ -120.220583210002445, 33.982769115004196 ], [ -120.220770210002598, 33.982448115003905 ], [ -120.220704210002552, 33.982164115003634 ], [ -120.220418210002279, 33.981972115003451 ], [ -120.220297210002158, 33.981789115003295 ], [ -120.220297210002158, 33.981670115003183 ], [ -120.220583210002445, 33.981431115002948 ], [ -120.220660210002507, 33.981193115002725 ], [ -120.220605210002461, 33.981065115002608 ], [ -120.220473210002325, 33.980964115002521 ], [ -120.220231210002098, 33.980973115002527 ], [ -120.219615210001493, 33.980570115002152 ], [ -120.219637210001537, 33.980277115001869 ], [ -120.219450210001355, 33.980066115001677 ], [ -120.219329210001234, 33.979782115001406 ], [ -120.219153210001068, 33.978894115000585 ], [ -120.219010210000931, 33.978518115000249 ], [ -120.218867210000809, 33.97839011500011 ], [ -120.218680210000628, 33.97839011500011 ], [ -120.218273210000234, 33.978133114999878 ], [ -120.218240210000204, 33.978161114999907 ], [ -120.21794320999993, 33.978096114999836 ], [ -120.217921209999886, 33.977840114999609 ], [ -120.217833209999824, 33.97798611499973 ], [ -120.217591209999597, 33.977977114999732 ], [ -120.216833209998896, 33.977547114999332 ], [ -120.216602209998669, 33.977272114999082 ], [ -120.216426209998488, 33.977171114998981 ], [ -120.215788209997896, 33.977208114999016 ], [ -120.215282209997412, 33.977180114998994 ], [ -120.21498520999711, 33.976860114998686 ], [ -120.214710209996866, 33.976823114998659 ], [ -120.213830209996033, 33.976172114998043 ], [ -120.213687209995925, 33.97594311499784 ], [ -120.213720209995955, 33.975751114997671 ], [ -120.213643209995851, 33.97554011499745 ], [ -120.213434209995654, 33.975357114997287 ], [ -120.213028209995272, 33.975201114997141 ], [ -120.212467209994756, 33.974624114996608 ], [ -120.212313209994605, 33.974294114996304 ], [ -120.212115209994408, 33.974239114996237 ], [ -120.21164220999394, 33.974230114996246 ], [ -120.211389209993726, 33.974102114996121 ], [ -120.210443209992818, 33.973479114995548 ], [ -120.210190209992575, 33.973424114995495 ], [ -120.210014209992408, 33.973433114995501 ], [ -120.208727209991196, 33.972517114994645 ], [ -120.207144209989721, 33.970776114993029 ], [ -120.206550209989132, 33.969850114992163 ], [ -120.206099209988722, 33.967669114990144 ], [ -120.205890209988524, 33.967285114989771 ], [ -120.205450209988115, 33.966680114989209 ], [ -120.205219209987888, 33.966231114988794 ], [ -120.204768209987449, 33.96504011498768 ], [ -120.204955209987659, 33.96499411498764 ], [ -120.204669209987358, 33.964178114986886 ], [ -120.204384209987097, 33.964114114986813 ], [ -120.204186209986901, 33.963803114986533 ], [ -120.20325120998605, 33.962767114985567 ], [ -120.20298720998575, 33.962190114985034 ], [ -120.20319620998599, 33.962061114984913 ], [ -120.203108209985871, 33.961933114984795 ], [ -120.202811209985612, 33.96171311498459 ], [ -120.202635209985445, 33.961402114984296 ], [ -120.202459209985264, 33.961292114984204 ], [ -120.202305209985141, 33.961099114984016 ], [ -120.202272209985082, 33.961154114984076 ], [ -120.202371209985202, 33.961200114984109 ], [ -120.202327209985157, 33.961273114984181 ], [ -120.201788209984642, 33.961182114984091 ], [ -120.201480209984368, 33.960779114983708 ], [ -120.200743209983642, 33.960256114983231 ], [ -120.200468209983399, 33.959990114982993 ], [ -120.200171209983111, 33.959386114982429 ], [ -120.200039209983004, 33.958799114981872 ], [ -120.199798209982788, 33.958304114981409 ], [ -120.199677209982667, 33.957736114980882 ], [ -120.199138209982138, 33.956710114979927 ], [ -120.198863209981866, 33.955839114979106 ], [ -120.198269209981319, 33.954913114978254 ], [ -120.197862209980954, 33.954400114977787 ], [ -120.197565209980652, 33.953905114977317 ], [ -120.197114209980214, 33.952897114976388 ], [ -120.197103209980199, 33.952778114976276 ], [ -120.19746620998059, 33.951999114975543 ], [ -120.197796209980879, 33.951669114975232 ], [ -120.19795020998103, 33.951633114975202 ], [ -120.198137209981198, 33.95165111497522 ], [ -120.198489209981531, 33.951825114975378 ], [ -120.198588209981637, 33.951963114975513 ], [ -120.198698209981714, 33.951944114975497 ], [ -120.198720209981758, 33.951825114975378 ], [ -120.198577209981622, 33.951724114975299 ], [ -120.198533209981576, 33.951550114975127 ], [ -120.198280209981334, 33.951440114975021 ], [ -120.197906209980971, 33.951358114974951 ], [ -120.197444209980546, 33.951376114974963 ], [ -120.197004209980108, 33.951293114974888 ], [ -120.197191209980289, 33.951257114974851 ], [ -120.19727920998038, 33.951119114974723 ], [ -120.19722420998032, 33.950973114974595 ], [ -120.196982209980092, 33.950881114974507 ], [ -120.196630209979773, 33.950881114974507 ], [ -120.196498209979637, 33.951064114974677 ], [ -120.196553209979697, 33.951211114974804 ], [ -120.196432209979577, 33.951174114974769 ], [ -120.196267209979439, 33.950991114974599 ], [ -120.195970209979151, 33.950908114974531 ], [ -120.195563209978758, 33.950918114974534 ], [ -120.195179209978392, 33.951055114974672 ], [ -120.194761209978012, 33.951074114974681 ], [ -120.194112209977376, 33.950863114974474 ], [ -120.193353209976664, 33.950753114974383 ], [ -120.192649209975997, 33.950524114974158 ], [ -120.192748209976102, 33.950423114974079 ], [ -120.192748209976102, 33.950331114973984 ], [ -120.192671209975998, 33.950249114973914 ], [ -120.192528209975876, 33.950185114973848 ], [ -120.192374209975725, 33.950185114973841 ], [ -120.192253209975618, 33.950249114973921 ], [ -120.192242209975603, 33.950368114974012 ], [ -120.192308209975664, 33.950450114974103 ], [ -120.192044209975435, 33.950377114974032 ], [ -120.191901209975299, 33.950267114973933 ], [ -120.191824209975223, 33.950010114973686 ], [ -120.191406209974843, 33.949653114973366 ], [ -120.19131920997475, 33.94962511497333 ], [ -120.191241209974677, 33.9494881149732 ], [ -120.191230209974648, 33.94928611497302 ], [ -120.190736209974176, 33.948709114972473 ], [ -120.190615209974084, 33.948746114972515 ], [ -120.190406209973872, 33.948645114972415 ], [ -120.1901202099736, 33.948718114972486 ], [ -120.189856209973371, 33.948553114972341 ], [ -120.18979020997331, 33.948407114972206 ], [ -120.189801209973311, 33.948232114972029 ], [ -120.189966209973477, 33.948022114971835 ], [ -120.189966209973477, 33.947921114971734 ], [ -120.189361209972887, 33.947719114971555 ], [ -120.189229209972751, 33.947627114971468 ], [ -120.188591209972159, 33.946702114970613 ], [ -120.188316209971887, 33.94615211497009 ], [ -120.188074209971688, 33.945400114969395 ], [ -120.187205209970827, 33.944145114968222 ], [ -120.186952209970613, 33.943421114967549 ], [ -120.186205209969899, 33.942082114966304 ], [ -120.186282209969974, 33.941661114965925 ], [ -120.186095209969793, 33.94108311496538 ], [ -120.185600209969337, 33.940304114964654 ], [ -120.185292209969035, 33.940047114964422 ], [ -120.184907209968657, 33.939882114964263 ], [ -120.184577209968367, 33.939516114963922 ], [ -120.184060209967882, 33.938425114962897 ], [ -120.18373020996755, 33.937967114962483 ], [ -120.183510209967366, 33.937334114961892 ], [ -120.183125209966988, 33.935840114960492 ], [ -120.182773209966655, 33.934859114959593 ], [ -120.182388209966305, 33.934328114959087 ], [ -120.181938209965878, 33.933292114958121 ], [ -120.181542209965485, 33.932888114957755 ], [ -120.180453209964483, 33.931440114956395 ], [ -120.180178209964211, 33.930679114955701 ], [ -120.179573209963621, 33.929818114954898 ], [ -120.17896820996306, 33.928571114953733 ], [ -120.178704209962831, 33.927544114952774 ], [ -120.178605209962726, 33.926618114951907 ], [ -120.178704209962831, 33.925986114951321 ], [ -120.178935209963043, 33.925252114950645 ], [ -120.178935209963043, 33.925105114950497 ], [ -120.179012209963119, 33.925050114950459 ], [ -120.179122209963211, 33.925060114950462 ], [ -120.179298209963406, 33.924931114950347 ], [ -120.179474209963558, 33.924867114950281 ], [ -120.180343209964349, 33.924839114950252 ], [ -120.180519209964544, 33.924720114950148 ], [ -120.180530209964559, 33.924629114950058 ], [ -120.180464209964484, 33.924482114949924 ], [ -120.179650209963725, 33.924289114949751 ], [ -120.17927620996339, 33.924436114949877 ], [ -120.179320209963407, 33.924500114949943 ], [ -120.178825209962937, 33.924647114950069 ], [ -120.178188209962343, 33.924216114949679 ], [ -120.178011209962179, 33.923987114949462 ], [ -120.177967209962134, 33.923849114949341 ], [ -120.177802209961968, 33.92367511494917 ], [ -120.177506209961663, 33.923528114949022 ], [ -120.177033209961238, 33.923409114948932 ], [ -120.176835209961041, 33.923217114948734 ], [ -120.175515209959798, 33.922951114948496 ], [ -120.174701209959039, 33.922905114948456 ], [ -120.173700209958085, 33.922722114948272 ], [ -120.17305220995749, 33.922529114948098 ], [ -120.17239220995684, 33.92221711494782 ], [ -120.171490209955991, 33.921548114947186 ], [ -120.171435209955945, 33.92159411494724 ], [ -120.170489209955036, 33.92090611494659 ], [ -120.169906209954505, 33.920375114946104 ], [ -120.169378209953976, 33.919825114945596 ], [ -120.168971209953611, 33.919165114944974 ], [ -120.169005209953639, 33.918834114944666 ], [ -120.16923520995384, 33.918679114944517 ], [ -120.16932320995393, 33.918559114944401 ], [ -120.16932320995393, 33.918459114944319 ], [ -120.16923520995384, 33.918394114944256 ], [ -120.16932320995393, 33.918348114944209 ], [ -120.169158209953764, 33.918248114944106 ], [ -120.169148209953775, 33.918110114943993 ], [ -120.169335209953957, 33.917863114943763 ], [ -120.168828209953475, 33.917771114943676 ], [ -120.168543209953214, 33.917789114943695 ], [ -120.168092209952789, 33.917386114943312 ], [ -120.167905209952607, 33.917322114943261 ], [ -120.167718209952454, 33.917358114943283 ], [ -120.167509209952215, 33.917331114943259 ], [ -120.167025209951774, 33.916992114942943 ], [ -120.1669702099517, 33.916744114942716 ], [ -120.166860209951608, 33.91674411494273 ], [ -120.166750209951516, 33.916854114942822 ], [ -120.166607209951394, 33.916817114942766 ], [ -120.166112209950882, 33.916231114942235 ], [ -120.165947209950744, 33.916240114942241 ], [ -120.165716209950517, 33.916432114942431 ], [ -120.165529209950364, 33.916707114942675 ], [ -120.165375209950213, 33.916744114942716 ], [ -120.165331209950168, 33.916707114942689 ], [ -120.165397209950214, 33.916625114942612 ], [ -120.165155209950001, 33.916561114942546 ], [ -120.164792209949653, 33.916084114942095 ], [ -120.164440209949305, 33.915900114941927 ], [ -120.164408209949286, 33.915956114941977 ], [ -120.164617209949498, 33.91601111494203 ], [ -120.164506209949366, 33.916084114942095 ], [ -120.164342209949226, 33.916552114942526 ], [ -120.164199209949075, 33.916735114942696 ], [ -120.163858209948771, 33.916946114942903 ], [ -120.163803209948725, 33.917056114943009 ], [ -120.163462209948392, 33.917166114943115 ], [ -120.163198209948163, 33.917184114943126 ], [ -120.162142209947149, 33.917092114943038 ], [ -120.161878209946892, 33.917037114942993 ], [ -120.160481209945559, 33.916506114942493 ], [ -120.159261209944404, 33.915974114942003 ], [ -120.159162209944313, 33.915827114941855 ], [ -120.159162209944313, 33.91537811494144 ], [ -120.159085209944237, 33.915268114941348 ], [ -120.158733209943918, 33.915130114941206 ], [ -120.158381209943599, 33.915075114941168 ], [ -120.158106209943298, 33.914855114940963 ], [ -120.157347209942614, 33.913883114940049 ], [ -120.157435209942676, 33.913810114939992 ], [ -120.157237209942508, 33.913122114939334 ], [ -120.157061209942327, 33.912966114939195 ], [ -120.156313209941601, 33.912526114938792 ], [ -120.155598209940933, 33.912297114938582 ], [ -120.155236209940597, 33.912416114938679 ], [ -120.155005209940398, 33.912655114938907 ], [ -120.154818209940188, 33.912545114938801 ], [ -120.154378209939779, 33.912526114938778 ], [ -120.15405920993949, 33.912682114938931 ], [ -120.15350920993896, 33.912545114938801 ], [ -120.152915209938399, 33.912655114938914 ], [ -120.152596209938096, 33.912801114939043 ], [ -120.152376209937898, 33.912801114939043 ], [ -120.15198020993752, 33.912655114938907 ], [ -120.151606209937157, 33.912627114938871 ], [ -120.151540209937082, 33.91256311493882 ], [ -120.151496209937065, 33.912270114938551 ], [ -120.151387209936928, 33.912251114938535 ], [ -120.151178209936745, 33.911884114938189 ], [ -120.150980209936577, 33.911701114938019 ], [ -120.151057209936653, 33.911646114937966 ], [ -120.150969209936548, 33.911564114937882 ], [ -120.150760209936365, 33.911490114937813 ], [ -120.150221209935864, 33.911426114937754 ], [ -120.149869209935517, 33.911307114937657 ], [ -120.149495209935154, 33.910986114937344 ], [ -120.149319209934987, 33.910738114937118 ], [ -120.149121209934819, 33.910638114937029 ], [ -120.148736209934469, 33.910582114936972 ], [ -120.148263209934001, 33.910592114936975 ], [ -120.148065209933804, 33.9105091149369 ], [ -120.147526209933289, 33.91003211493647 ], [ -120.146999209932815, 33.909821114936271 ], [ -120.146812209932634, 33.909693114936154 ], [ -120.146822209932651, 33.909592114936061 ], [ -120.147097209932895, 33.909198114935684 ], [ -120.147065209932876, 33.909106114935604 ], [ -120.146911209932725, 33.90895011493545 ], [ -120.145987209931846, 33.908584114935117 ], [ -120.145437209931316, 33.908290114934843 ], [ -120.143611209929603, 33.907566114934177 ], [ -120.142764209928785, 33.906961114933594 ], [ -120.142666209928677, 33.90667611493334 ], [ -120.142798209928827, 33.906530114933197 ], [ -120.142786209928801, 33.906383114933057 ], [ -120.142039209928114, 33.905924114932638 ], [ -120.141819209927903, 33.905842114932568 ], [ -120.14166520992778, 33.905686114932422 ], [ -120.141445209927525, 33.905677114932409 ], [ -120.141016209927145, 33.905851114932553 ], [ -120.140829209926963, 33.90585111493256 ], [ -120.140367209926538, 33.905741114932468 ], [ -120.139641209925827, 33.905301114932065 ], [ -120.139113209925341, 33.904842114931633 ], [ -120.138761209925022, 33.904769114931561 ], [ -120.13854120992481, 33.904677114931474 ], [ -120.13804620992434, 33.903944114930802 ], [ -120.137530209923852, 33.903669114930537 ], [ -120.137299209923626, 33.903430114930316 ], [ -120.137200209923535, 33.903228114930116 ], [ -120.137178209923519, 33.902843114929773 ], [ -120.137090209923429, 33.902696114929633 ], [ -120.136958209923321, 33.902642114929577 ], [ -120.136562209922914, 33.902724114929654 ], [ -120.136364209922718, 33.902678114929607 ], [ -120.136210209922567, 33.90255011492949 ], [ -120.136188209922565, 33.902293114929257 ], [ -120.136012209922399, 33.902192114929164 ], [ -120.135704209922125, 33.902293114929257 ], [ -120.13517620992161, 33.902568114929508 ], [ -120.134736209921201, 33.90268711492962 ], [ -120.134472209920943, 33.902706114929636 ], [ -120.133747209920259, 33.902605114929536 ], [ -120.133703209920242, 33.902238114929197 ], [ -120.133626209920166, 33.902183114929151 ], [ -120.133538209920076, 33.902201114929177 ], [ -120.133263209919804, 33.902440114929391 ], [ -120.132933209919486, 33.902330114929292 ], [ -120.132152209918743, 33.901926114928905 ], [ -120.131910209918516, 33.901706114928707 ], [ -120.131492209918108, 33.901541114928555 ], [ -120.131041209917683, 33.901468114928484 ], [ -120.130843209917501, 33.901385114928409 ], [ -120.130634209917318, 33.901147114928186 ], [ -120.130480209917167, 33.900789114927854 ], [ -120.129974209916696, 33.900367114927455 ], [ -120.129908209916607, 33.900386114927478 ], [ -120.1290402099158, 33.899945114927064 ], [ -120.128820209915588, 33.899753114926881 ], [ -120.12853420991533, 33.899395114926556 ], [ -120.128116209914921, 33.899120114926298 ], [ -120.126840209913709, 33.898698114925899 ], [ -120.125696209912633, 33.898460114925683 ], [ -120.125421209912375, 33.898267114925503 ], [ -120.125201209912177, 33.897937114925199 ], [ -120.12525720991222, 33.89791911492518 ], [ -120.124652209911631, 33.897460114924769 ], [ -120.124927209911931, 33.89718511492449 ], [ -120.124905209911915, 33.897057114924372 ], [ -120.124784209911766, 33.896928114924251 ], [ -120.124652209911631, 33.896882114924217 ], [ -120.124399209911417, 33.896947114924274 ], [ -120.12420120991122, 33.896938114924268 ], [ -120.124014209911039, 33.896745114924087 ], [ -120.123728209910794, 33.896635114923988 ], [ -120.123046209910115, 33.896635114923988 ], [ -120.122551209909659, 33.896332114923702 ], [ -120.122265209909386, 33.896259114923637 ], [ -120.122144209909266, 33.896176114923549 ], [ -120.121638209908795, 33.895553114922969 ], [ -120.121781209908946, 33.895323114922768 ], [ -120.121781209908946, 33.89509411492255 ], [ -120.121594209908778, 33.895012114922466 ], [ -120.121264209908432, 33.895140114922597 ], [ -120.120923209908099, 33.894810114922294 ], [ -120.120692209907901, 33.894691114922161 ], [ -120.120055209907292, 33.894736114922217 ], [ -120.120000209907261, 33.894626114922112 ], [ -120.119978209907245, 33.89442511492193 ], [ -120.119857209907124, 33.894259114921766 ], [ -120.119670209906943, 33.894333114921842 ], [ -120.119626209906897, 33.894645114922135 ], [ -120.119472209906746, 33.894718114922185 ], [ -120.119175209906459, 33.894718114922185 ], [ -120.118658209905988, 33.894828114922312 ], [ -120.118372209905729, 33.894847114922321 ], [ -120.1178332099052, 33.894553114922047 ], [ -120.11761320990496, 33.894232114921742 ], [ -120.117305209904714, 33.894131114921656 ], [ -120.116832209904246, 33.89442511492193 ], [ -120.115755209903242, 33.894361114921871 ], [ -120.115425209902909, 33.894443114921941 ], [ -120.115051209902575, 33.894626114922104 ], [ -120.113951209901529, 33.894553114922047 ], [ -120.113731209901317, 33.894608114922093 ], [ -120.113522209901106, 33.894782114922258 ], [ -120.113379209900998, 33.894828114922305 ], [ -120.113071209900667, 33.894810114922286 ], [ -120.112961209900561, 33.894938114922404 ], [ -120.112829209900454, 33.89499311492245 ], [ -120.112060209899724, 33.895131114922577 ], [ -120.111488209899164, 33.895122114922579 ], [ -120.111361209899044, 33.895068114922516 ], [ -120.110981209898711, 33.895115114922561 ], [ -120.110189209897982, 33.895289114922718 ], [ -120.109848209897621, 33.895463114922897 ], [ -120.109628209897409, 33.89572011492313 ], [ -120.109639209897423, 33.895977114923383 ], [ -120.109452209897256, 33.89599511492338 ], [ -120.109155209896969, 33.896270114923638 ], [ -120.109023209896847, 33.896555114923913 ], [ -120.109045209896891, 33.896967114924294 ], [ -120.108957209896801, 33.897105114924422 ], [ -120.108693209896543, 33.897297114924598 ], [ -120.108693209896543, 33.897499114924777 ], [ -120.108957209896801, 33.898343114925559 ], [ -120.10889120989674, 33.898425114925644 ], [ -120.108671209896499, 33.898352114925586 ], [ -120.108671209896499, 33.898416114925638 ], [ -120.108990209896817, 33.898710114925912 ], [ -120.109199209897014, 33.898801114925995 ], [ -120.109331209897135, 33.898930114926117 ], [ -120.109320209897135, 33.899269114926433 ], [ -120.109408209897211, 33.899370114926526 ], [ -120.109353209897165, 33.89979211492691 ], [ -120.10897920989683, 33.900159114927256 ], [ -120.108979209896802, 33.900489114927559 ], [ -120.109166209896983, 33.900782114927843 ], [ -120.108946209896772, 33.901002114928055 ], [ -120.109023209896833, 33.901231114928258 ], [ -120.108715209896545, 33.901406114928413 ], [ -120.108517209896348, 33.90145111492847 ], [ -120.108297209896165, 33.901415114928433 ], [ -120.108176209896044, 33.901250114928274 ], [ -120.107879209895771, 33.901250114928274 ], [ -120.107967209895861, 33.901617114928612 ], [ -120.107802209895695, 33.901938114928917 ], [ -120.107714209895619, 33.901956114928936 ], [ -120.107329209895212, 33.901837114928824 ], [ -120.107274209895181, 33.901873114928854 ], [ -120.107099209895026, 33.902249114929198 ], [ -120.106758209894693, 33.902359114929311 ], [ -120.106626209894571, 33.902369114929314 ], [ -120.106175209894161, 33.902855114929764 ], [ -120.106175209894161, 33.902937114929848 ], [ -120.106296209894268, 33.90306611492997 ], [ -120.106263209894237, 33.903221114930105 ], [ -120.106142209894131, 33.903221114930112 ], [ -120.106076209894056, 33.903075114929969 ], [ -120.105922209893876, 33.903020114929916 ], [ -120.105702209893693, 33.90310211493 ], [ -120.105570209893585, 33.903570114930432 ], [ -120.105174209893178, 33.903918114930761 ], [ -120.105009209893041, 33.904148114930969 ], [ -120.105031209893056, 33.904212114931042 ], [ -120.105240209893239, 33.904230114931046 ], [ -120.10539420989339, 33.904193114931012 ], [ -120.105438209893435, 33.904258114931068 ], [ -120.105427209893421, 33.904386114931199 ], [ -120.104932209892965, 33.904899114931673 ], [ -120.104712209892753, 33.90496411493173 ], [ -120.104437209892481, 33.904982114931755 ], [ -120.10437120989242, 33.905083114931848 ], [ -120.104162209892237, 33.905211114931959 ], [ -120.104107209892177, 33.905587114932317 ], [ -120.103733209891843, 33.905862114932575 ], [ -120.10339220989151, 33.905917114932613 ], [ -120.103238209891359, 33.905844114932549 ], [ -120.102963209891087, 33.905835114932543 ], [ -120.102930209891056, 33.905899114932609 ], [ -120.103029209891162, 33.906018114932721 ], [ -120.102985209891116, 33.906128114932812 ], [ -120.102447209890599, 33.906358114933028 ], [ -120.102249209890417, 33.906495114933165 ], [ -120.101853209890052, 33.906523114933194 ], [ -120.101688209889886, 33.906642114933291 ], [ -120.101644209889869, 33.906788114933427 ], [ -120.101545209889778, 33.906862114933496 ], [ -120.100841209889083, 33.907091114933714 ], [ -120.100511209888765, 33.907284114933887 ], [ -120.098653209887019, 33.908008114934567 ], [ -120.098421209886808, 33.908008114934567 ], [ -120.098246209886625, 33.90791611493448 ], [ -120.098070209886473, 33.90791611493448 ], [ -120.097773209886157, 33.908246114934791 ], [ -120.097410209885851, 33.908384114934911 ], [ -120.097168209885595, 33.908384114934911 ], [ -120.096904209885366, 33.908201114934734 ], [ -120.096596209885064, 33.908228114934772 ], [ -120.096376209884866, 33.908146114934688 ], [ -120.096255209884731, 33.908265114934807 ], [ -120.095903209884412, 33.908357114934887 ], [ -120.095815209884321, 33.908457114934976 ], [ -120.095815209884321, 33.908595114935117 ], [ -120.095749209884261, 33.908668114935182 ], [ -120.095617209884153, 33.908659114935176 ], [ -120.095595209884138, 33.908742114935258 ], [ -120.095034209883593, 33.908842114935339 ], [ -120.094792209883352, 33.908943114935433 ], [ -120.092824209881499, 33.909127114935615 ], [ -120.092395209881076, 33.909118114935602 ], [ -120.092318209881029, 33.909017114935502 ], [ -120.091471209880197, 33.909118114935602 ], [ -120.090976209879742, 33.909255114935725 ], [ -120.090624209879422, 33.909209114935685 ], [ -120.09042620987924, 33.909108114935584 ], [ -120.090129209878967, 33.909118114935595 ], [ -120.089294209878162, 33.908898114935383 ], [ -120.088898209877783, 33.908861114935355 ], [ -120.088502209877419, 33.908723114935221 ], [ -120.088381209877298, 33.908723114935221 ], [ -120.088205209877103, 33.908842114935339 ], [ -120.087336209876284, 33.908650114935156 ], [ -120.086764209875753, 33.908384114934904 ], [ -120.0865882098756, 33.908421114934939 ], [ -120.086544209875527, 33.908577114935092 ], [ -120.08646720987548, 33.908622114935135 ], [ -120.086148209875176, 33.908485114935004 ], [ -120.086016209875041, 33.908540114935057 ], [ -120.086027209875056, 33.908586114935105 ], [ -120.086236209875253, 33.908696114935204 ], [ -120.086236209875253, 33.908778114935288 ], [ -120.086148209875176, 33.908852114935343 ], [ -120.085818209874873, 33.90888811493538 ], [ -120.085148209874234, 33.908705114935209 ], [ -120.085202209874296, 33.908833114935327 ], [ -120.085280209874369, 33.90885211493535 ], [ -120.085180209874281, 33.90893411493542 ], [ -120.084906209873978, 33.908861114935348 ], [ -120.084455209873582, 33.90862211493512 ], [ -120.084169209873309, 33.90854011493505 ], [ -120.084070209873218, 33.908577114935085 ], [ -120.084081209873219, 33.908751114935257 ], [ -120.083993209873142, 33.908815114935315 ], [ -120.082695209871915, 33.908613114935115 ], [ -120.081991209871234, 33.908549114935063 ], [ -120.081265209870551, 33.908613114935122 ], [ -120.080946209870262, 33.908742114935244 ], [ -120.08067120986999, 33.908787114935286 ], [ -120.080133209869487, 33.908787114935272 ], [ -120.079737209869094, 33.908687114935184 ], [ -120.07978120986914, 33.908522114935046 ], [ -120.07986920986923, 33.908421114934946 ], [ -120.079979209869364, 33.908375114934906 ], [ -120.079979209869364, 33.908301114934837 ], [ -120.07986920986923, 33.908246114934784 ], [ -120.079748209869109, 33.908265114934792 ], [ -120.079484209868852, 33.908577114935085 ], [ -120.07939620986879, 33.908558114935076 ], [ -120.079330209868729, 33.908485114935011 ], [ -120.079385209868775, 33.908338114934864 ], [ -120.079297209868699, 33.908274114934805 ], [ -120.079088209868488, 33.908476114934992 ], [ -120.078956209868366, 33.908512114935036 ], [ -120.078560209868002, 33.90849411493501 ], [ -120.078230209867684, 33.908769114935275 ], [ -120.077823209867276, 33.908861114935348 ], [ -120.077845209867306, 33.90879711493529 ], [ -120.078164209867637, 33.908659114935169 ], [ -120.077889209867365, 33.908650114935156 ], [ -120.077691209867154, 33.908696114935204 ], [ -120.077471209866957, 33.908466114934981 ], [ -120.077306209866805, 33.908430114934951 ], [ -120.076811209866349, 33.908613114935122 ], [ -120.076449209865984, 33.908852114935343 ], [ -120.076185209865741, 33.908934114935413 ], [ -120.075734209865331, 33.909328114935789 ], [ -120.075514209865119, 33.909383114935828 ], [ -120.075107209864726, 33.909824114936256 ], [ -120.074700209864346, 33.910135114936537 ], [ -120.074777209864422, 33.910181114936577 ], [ -120.074876209864527, 33.910401114936789 ], [ -120.074975209864618, 33.910502114936882 ], [ -120.074953209864603, 33.910603114936976 ], [ -120.074656209864301, 33.910805114937155 ], [ -120.07446920986412, 33.911135114937466 ], [ -120.074128209863815, 33.911474114937782 ], [ -120.073699209863406, 33.911593114937894 ], [ -120.073622209863331, 33.91165811493795 ], [ -120.073292209862998, 33.911703114937993 ], [ -120.073061209862772, 33.911676114937983 ], [ -120.072863209862604, 33.911547114937854 ], [ -120.072676209862422, 33.911612114937903 ], [ -120.072599209862346, 33.911859114938146 ], [ -120.072247209862027, 33.912052114938319 ], [ -120.071731209861539, 33.912088114938349 ], [ -120.071510209861302, 33.91215311493842 ], [ -120.071390209861207, 33.912446114938689 ], [ -120.07121420986104, 33.91251911493876 ], [ -120.070840209860677, 33.912538114938776 ], [ -120.07035620986025, 33.912675114938907 ], [ -120.069564209859479, 33.912684114938912 ], [ -120.069553209859464, 33.912611114938841 ], [ -120.069421209859343, 33.912629114938859 ], [ -120.068772209858736, 33.912501114938742 ], [ -120.068431209858403, 33.912474114938718 ], [ -120.06813420985813, 33.912629114938859 ], [ -120.067683209857691, 33.912363114938607 ], [ -120.067430209857449, 33.912317114938567 ], [ -120.067244209857307, 33.912198114938462 ], [ -120.067112209857157, 33.912198114938462 ], [ -120.066705209856806, 33.912400114938642 ], [ -120.065979209856096, 33.912317114938567 ], [ -120.0658032098559, 33.91238211493863 ], [ -120.065781209855899, 33.91242811493867 ], [ -120.065825209855944, 33.912483114938723 ], [ -120.066584209856671, 33.912538114938769 ], [ -120.066639209856717, 33.912574114938806 ], [ -120.0665952098567, 33.912629114938859 ], [ -120.065561209855687, 33.91266611493888 ], [ -120.06535220985549, 33.912611114938841 ], [ -120.065275209855415, 33.912474114938711 ], [ -120.065121209855263, 33.912391114938643 ], [ -120.064791209854988, 33.912428114938656 ], [ -120.064527209854703, 33.912345114938589 ], [ -120.064175209854383, 33.91251011493874 ], [ -120.064010209854203, 33.912446114938689 ], [ -120.06380120985402, 33.912299114938548 ], [ -120.063691209853943, 33.912299114938556 ], [ -120.063537209853791, 33.912419114938665 ], [ -120.063493209853746, 33.912675114938907 ], [ -120.063351209853607, 33.912758114938981 ], [ -120.062823209853079, 33.912794114939011 ], [ -120.062493209852789, 33.912730114938945 ], [ -120.063031209853293, 33.912739114938965 ], [ -120.0621742098525, 33.912684114938905 ], [ -120.061646209851986, 33.912813114939027 ], [ -120.061448209851818, 33.913015114939213 ], [ -120.061272209851651, 33.912904114939117 ], [ -120.061162209851517, 33.912748114938971 ], [ -120.061074209851427, 33.912730114938945 ], [ -120.060876209851259, 33.912794114939004 ], [ -120.060700209851092, 33.912932114939146 ], [ -120.060205209850636, 33.912776114938993 ], [ -120.059765209850227, 33.912748114938964 ], [ -120.059534209849971, 33.912813114939027 ], [ -120.059424209849865, 33.912923114939126 ], [ -120.059248209849713, 33.912987114939185 ], [ -120.059061209849546, 33.912978114939186 ], [ -120.058786209849274, 33.913042114939238 ], [ -120.058567209849073, 33.913198114939377 ], [ -120.058336209848846, 33.913253114939444 ], [ -120.057599209848149, 33.913097114939291 ], [ -120.056488209847117, 33.913097114939298 ], [ -120.056081209846724, 33.913244114939417 ], [ -120.055927209846573, 33.913381114939561 ], [ -120.055597209846255, 33.913546114939699 ], [ -120.054893209845616, 33.914014114940144 ], [ -120.054080209844813, 33.914261114940373 ], [ -120.053442209844235, 33.914243114940362 ], [ -120.05293620984375, 33.914133114940249 ], [ -120.052463209843282, 33.914115114940238 ], [ -120.051066209841991, 33.914197114940322 ], [ -120.050527209841462, 33.914087114940216 ], [ -120.050505209841447, 33.914124114940236 ], [ -120.049780209840762, 33.914170114940283 ], [ -120.049780209840762, 33.914280114940397 ], [ -120.050846209841779, 33.914326114940437 ], [ -120.050868209841809, 33.9144081149405 ], [ -120.050604209841538, 33.914390114940495 ], [ -120.049603209840598, 33.91446311494056 ], [ -120.049373209840383, 33.914582114940679 ], [ -120.049329209840351, 33.914757114940834 ], [ -120.049197209840216, 33.914857114940929 ], [ -120.048581209839611, 33.914977114941038 ], [ -120.04842720983946, 33.91505011494111 ], [ -120.048405209839459, 33.91514211494119 ], [ -120.04861420983967, 33.915178114941227 ], [ -120.0486472098397, 33.915472114941508 ], [ -120.04851520983955, 33.91567311494169 ], [ -120.048229209839292, 33.915811114941818 ], [ -120.048196209839261, 33.916003114941994 ], [ -120.048119209839186, 33.91607711494207 ], [ -120.048152209839245, 33.916104114942087 ], [ -120.048262209839322, 33.916022114942017 ], [ -120.048328209839383, 33.916040114942028 ], [ -120.048405209839459, 33.916242114942214 ], [ -120.0486472098397, 33.916260114942233 ], [ -120.048669209839701, 33.916223114942198 ], [ -120.049307209840293, 33.916251114942227 ], [ -120.049769209840747, 33.916499114942454 ], [ -120.049857209840837, 33.916810114942741 ], [ -120.049846209840823, 33.916994114942909 ], [ -120.049417209840399, 33.918204114944047 ], [ -120.049175209840186, 33.91844211494427 ], [ -120.048570209839625, 33.918791114944582 ], [ -120.04814120983923, 33.918864114944654 ], [ -120.047811209838912, 33.918864114944654 ], [ -120.047668209838747, 33.918919114944707 ], [ -120.047250209838353, 33.919653114945405 ], [ -120.046975209838095, 33.919909114945625 ], [ -120.046458209837638, 33.920056114945758 ], [ -120.045062209836289, 33.920258114945959 ], [ -120.044743209835985, 33.920377114946071 ], [ -120.044028209835332, 33.920459114946141 ], [ -120.043775209835061, 33.920441114946129 ], [ -120.043599209834909, 33.920212114945912 ], [ -120.043467209834787, 33.920248114945942 ], [ -120.043390209834712, 33.920203114945913 ], [ -120.043269209834591, 33.920212114945912 ], [ -120.042950209834288, 33.920414114946105 ], [ -120.04271920983409, 33.920377114946064 ], [ -120.042499209833863, 33.920239114945936 ], [ -120.042301209833681, 33.920322114946018 ], [ -120.042235209833606, 33.92057911494625 ], [ -120.041300209832727, 33.921046114946684 ], [ -120.041036209832498, 33.921119114946755 ], [ -120.040981209832466, 33.921220114946848 ], [ -120.041191209832661, 33.921230114946852 ], [ -120.041278209832726, 33.921321114946949 ], [ -120.041630209833045, 33.921358114946976 ], [ -120.041718209833135, 33.921477114947081 ], [ -120.041751209833166, 33.921651114947252 ], [ -120.041696209833106, 33.922320114947873 ], [ -120.041586209833028, 33.922421114947973 ], [ -120.041454209832878, 33.922348114947894 ], [ -120.041366209832788, 33.922568114948099 ], [ -120.041202209832647, 33.922715114948232 ], [ -120.041388209832832, 33.922733114948265 ], [ -120.041432209832877, 33.922797114948317 ], [ -120.041344209832786, 33.923063114948562 ], [ -120.041212209832665, 33.923173114948675 ], [ -120.040311209831799, 33.923467114948942 ], [ -120.040047209831542, 33.923650114949105 ], [ -120.039420209830979, 33.923907114949344 ], [ -120.038870209830421, 33.923833114949275 ], [ -120.038760209830329, 33.923861114949304 ], [ -120.038452209830027, 33.92415411494958 ], [ -120.038177209829797, 33.924301114949714 ], [ -120.037990209829616, 33.924310114949726 ], [ -120.037847209829465, 33.924512114949913 ], [ -120.037231209828889, 33.924878114950246 ], [ -120.036967209828632, 33.924897114950269 ], [ -120.036803209828463, 33.924860114950228 ], [ -120.036264209827962, 33.925153114950518 ], [ -120.036000209827733, 33.925181114950533 ], [ -120.035890209827627, 33.925135114950493 ], [ -120.035945209827688, 33.925034114950407 ], [ -120.035890209827627, 33.924979114950347 ], [ -120.035758209827492, 33.925043114950405 ], [ -120.035802209827551, 33.925117114950467 ], [ -120.035736209827448, 33.92527311495062 ], [ -120.035373209827128, 33.925328114950673 ], [ -120.03515320982693, 33.925456114950791 ], [ -120.034801209826597, 33.925520114950849 ], [ -120.034339209826143, 33.925520114950849 ], [ -120.034174209826006, 33.925318114950663 ], [ -120.033734209825568, 33.925538114950875 ], [ -120.033580209825445, 33.925740114951054 ], [ -120.033448209825295, 33.925777114951089 ], [ -120.033305209825158, 33.92562111495095 ], [ -120.033426209825294, 33.925502114950838 ], [ -120.03340420982525, 33.925401114950731 ], [ -120.033272209825142, 33.925337114950679 ], [ -120.033008209824885, 33.925520114950849 ], [ -120.032898209824808, 33.92570311495102 ], [ -120.032722209824612, 33.925869114951169 ], [ -120.03241520982435, 33.926043114951341 ], [ -120.03222820982414, 33.926052114951339 ], [ -120.032217209824125, 33.9261071149514 ], [ -120.03177720982373, 33.926217114951498 ], [ -120.031315209823305, 33.926162114951467 ], [ -120.031128209823123, 33.926061114951352 ], [ -120.031051209823048, 33.926336114951603 ], [ -120.031073209823063, 33.926465114951725 ], [ -120.031249209823244, 33.926501114951755 ], [ -120.031524209823488, 33.926492114951756 ], [ -120.031832209823762, 33.926400114951676 ], [ -120.031876209823821, 33.926455114951715 ], [ -120.031843209823791, 33.926602114951862 ], [ -120.031161209823154, 33.926877114952106 ], [ -120.030677209822713, 33.926968114952203 ], [ -120.030149209822184, 33.927152114952364 ], [ -120.029874209821926, 33.927299114952511 ], [ -120.029478209821562, 33.92759211495278 ], [ -120.028983209821106, 33.927849114953013 ], [ -120.028411209820518, 33.927885114953057 ], [ -120.02821320982035, 33.92784911495302 ], [ -120.028082209820212, 33.927730114952908 ], [ -120.027818209819984, 33.927702114952886 ], [ -120.027620209819787, 33.927885114953057 ], [ -120.027631209819802, 33.928325114953466 ], [ -120.027422209819619, 33.928490114953611 ], [ -120.027334209819543, 33.928885114953978 ], [ -120.027015209819197, 33.929150114954226 ], [ -120.026971209819152, 33.929444114954507 ], [ -120.026520209818742, 33.929664114954711 ], [ -120.026399209818621, 33.929646114954686 ], [ -120.026311209818559, 33.929682114954723 ], [ -120.025926209818195, 33.930150114955154 ], [ -120.02582720981809, 33.930186114955198 ], [ -120.025563209817861, 33.930159114955167 ], [ -120.025376209817651, 33.930049114955068 ], [ -120.025453209817755, 33.930269114955266 ], [ -120.025332209817606, 33.930498114955483 ], [ -120.025200209817498, 33.930580114955561 ], [ -120.024881209817195, 33.930599114955569 ], [ -120.024683209816999, 33.930681114955654 ], [ -120.024628209816967, 33.930819114955774 ], [ -120.024452209816801, 33.930929114955887 ], [ -120.024133209816512, 33.9308371149558 ], [ -120.023957209816317, 33.93070011495567 ], [ -120.023781209816164, 33.93088311495584 ], [ -120.023748209816134, 33.931277114956202 ], [ -120.023682209816073, 33.931461114956377 ], [ -120.023265209815676, 33.931653114956553 ], [ -120.022759209815192, 33.931754114956647 ], [ -120.022429209814888, 33.931717114956612 ], [ -120.022088209814584, 33.931754114956654 ], [ -120.021769209814238, 33.931681114956582 ], [ -120.021747209814222, 33.931745114956641 ], [ -120.022000209814479, 33.931818114956712 ], [ -120.02206620981454, 33.931901114956787 ], [ -120.022033209814509, 33.932047114956923 ], [ -120.021923209814403, 33.93208411495695 ], [ -120.021670209814147, 33.931965114956839 ], [ -120.021340209813857, 33.931919114956806 ], [ -120.021593209814071, 33.93208411495695 ], [ -120.021714209814192, 33.932111114956975 ], [ -120.021747209814222, 33.932313114957175 ], [ -120.021318209813828, 33.932414114957268 ], [ -120.021175209813691, 33.932570114957407 ], [ -120.021197209813707, 33.933037114957848 ], [ -120.021098209813616, 33.933230114958015 ], [ -120.021109209813631, 33.933560114958333 ], [ -120.02105420981357, 33.933642114958403 ], [ -120.020856209813402, 33.933679114958451 ], [ -120.020757209813311, 33.93383511495859 ], [ -120.020801209813357, 33.933917114958668 ], [ -120.020955209813479, 33.934055114958802 ], [ -120.021065209813585, 33.934055114958802 ], [ -120.02105420981357, 33.934192114958918 ], [ -120.020625209813176, 33.934651114959358 ], [ -120.020262209812856, 33.934852114959526 ], [ -120.01954720981216, 33.935402114960041 ], [ -120.019338209811949, 33.935466114960107 ], [ -120.018778209811444, 33.935806114960414 ], [ -120.018602209811277, 33.935980114960586 ], [ -120.017744209810459, 33.936319114960909 ], [ -120.017491209810217, 33.936484114961047 ], [ -120.016985209809746, 33.936649114961199 ], [ -120.016776209809549, 33.936814114961365 ], [ -120.016523209809293, 33.936887114961429 ], [ -120.016138209808943, 33.937089114961616 ], [ -120.014808209807654, 33.937401114961908 ], [ -120.014620209807489, 33.937511114962021 ], [ -120.014401209807289, 33.937556114962042 ], [ -120.014346209807229, 33.937538114962038 ], [ -120.013620209806547, 33.93779511496227 ], [ -120.012850209805805, 33.937987114962446 ], [ -120.012707209805683, 33.937969114962435 ], [ -120.012025209805046, 33.938161114962618 ], [ -120.011266209804333, 33.938280114962723 ], [ -120.010463209803575, 33.938244114962686 ], [ -120.01006820980318, 33.938152114962605 ], [ -120.009551209802709, 33.938253114962691 ], [ -120.009331209802482, 33.938125114962574 ], [ -120.00921020980239, 33.938125114962574 ], [ -120.008814209802011, 33.938546114962968 ], [ -120.008539209801739, 33.938647114963061 ], [ -120.008022209801268, 33.93862011496303 ], [ -120.007879209801146, 33.938693114963108 ], [ -120.00771420980098, 33.939270114963641 ], [ -120.00751620980077, 33.939655114964012 ], [ -120.007395209800649, 33.93978411496412 ], [ -120.006713209800012, 33.940105114964418 ], [ -120.006504209799829, 33.94016011496447 ], [ -120.006460209799783, 33.940242114964541 ], [ -120.006032209799386, 33.940315114964612 ], [ -120.005636209798993, 33.940499114964773 ], [ -120.004635209798067, 33.940774114965052 ], [ -120.004217209797673, 33.940948114965209 ], [ -120.003689209797145, 33.94103011496528 ], [ -120.003381209796871, 33.941195114965431 ], [ -120.003293209796794, 33.94117711496542 ], [ -120.003183209796674, 33.94125911496549 ], [ -120.002369209795916, 33.941434114965652 ], [ -120.000863209794488, 33.941553114965771 ], [ -120.000379209794062, 33.941718114965916 ], [ -119.999334209793048, 33.941837114966035 ], [ -119.998861209792608, 33.941855114966046 ], [ -119.998740209792516, 33.941910114966099 ], [ -119.998080209791866, 33.941965114966152 ], [ -119.996738209790607, 33.942176114966351 ], [ -119.995562209789483, 33.942286114966457 ], [ -119.994418209788378, 33.942277114966444 ], [ -119.993890209787892, 33.942139114966302 ], [ -119.993538209787573, 33.94233211496649 ], [ -119.99327420978733, 33.942396114966549 ], [ -119.991812209785962, 33.942396114966549 ], [ -119.991405209785569, 33.942460114966607 ], [ -119.990888209785084, 33.942424114966578 ], [ -119.989942209784189, 33.942442114966582 ], [ -119.989095209783386, 33.942598114966742 ], [ -119.988622209782918, 33.942589114966736 ], [ -119.988326209782656, 33.94242411496657 ], [ -119.988028209782371, 33.942699114966828 ], [ -119.985455209779957, 33.942634114966765 ], [ -119.984861209779382, 33.942534114966683 ], [ -119.98459720977911, 33.942598114966742 ], [ -119.984509209779034, 33.942543114966689 ], [ -119.984443209778959, 33.942607114966734 ], [ -119.983322209777938, 33.942488114966643 ], [ -119.983124209777756, 33.942222114966384 ], [ -119.983190209777817, 33.942552114966695 ], [ -119.983058209777681, 33.942625114966766 ], [ -119.982772209777394, 33.942561114966693 ], [ -119.982717209777348, 33.942442114966589 ], [ -119.982486209777122, 33.942442114966589 ], [ -119.982354209777014, 33.942561114966693 ], [ -119.98143020977615, 33.942589114966736 ], [ -119.981298209776043, 33.942644114966775 ], [ -119.980616209775349, 33.942625114966766 ], [ -119.979769209774574, 33.942754114966881 ], [ -119.979561209774388, 33.942836114966958 ], [ -119.979132209773994, 33.942809114966941 ], [ -119.979000209773844, 33.94286411496698 ], [ -119.978813209773648, 33.943065114967169 ], [ -119.978329209773207, 33.943056114967163 ], [ -119.978010209772904, 33.943093114967205 ], [ -119.977790209772706, 33.94304711496715 ], [ -119.977713209772631, 33.942974114967086 ], [ -119.977702209772602, 33.942790114966911 ], [ -119.977801209772721, 33.942607114966741 ], [ -119.977713209772631, 33.942552114966695 ], [ -119.97755920977248, 33.942570114966706 ], [ -119.977262209772221, 33.942451114966602 ], [ -119.976789209771752, 33.942589114966729 ], [ -119.97656920977154, 33.942369114966525 ], [ -119.976085209771099, 33.942167114966324 ], [ -119.975227209770281, 33.941993114966174 ], [ -119.975139209770205, 33.941929114966108 ], [ -119.97512820977019, 33.941819114966009 ], [ -119.974864209769962, 33.94186511496607 ], [ -119.974348209769445, 33.94174511496594 ], [ -119.974128209769233, 33.941828114966015 ], [ -119.973930209769065, 33.942121114966298 ], [ -119.973996209769126, 33.942268114966431 ], [ -119.973930209769065, 33.942405114966554 ], [ -119.973688209768824, 33.942634114966765 ], [ -119.973336209768505, 33.942754114966881 ], [ -119.973127209768307, 33.942744114966871 ], [ -119.972995209768172, 33.942680114966812 ], [ -119.972676209767869, 33.942259114966419 ], [ -119.972445209767642, 33.942222114966384 ], [ -119.972346209767537, 33.942094114966274 ], [ -119.972214209767415, 33.942039114966207 ], [ -119.97191720976717, 33.942020114966198 ], [ -119.971587209766852, 33.942204114966366 ], [ -119.971378209766655, 33.942213114966378 ], [ -119.971048209766352, 33.942048114966234 ], [ -119.970851209766124, 33.942020114966205 ], [ -119.970455209765788, 33.941828114966022 ], [ -119.969806209765181, 33.941901114966086 ], [ -119.969399209764788, 33.942029114966203 ], [ -119.968266209763698, 33.942084114966249 ], [ -119.968035209763499, 33.942167114966317 ], [ -119.967870209763348, 33.942414114966567 ], [ -119.967771209763242, 33.942451114966595 ], [ -119.967166209762681, 33.942249114966401 ], [ -119.967034209762559, 33.942277114966437 ], [ -119.966935209762454, 33.942359114966521 ], [ -119.967155209762666, 33.942515114966668 ], [ -119.967375209762892, 33.942570114966706 ], [ -119.967727209763197, 33.942772114966907 ], [ -119.967815209763287, 33.943029114967146 ], [ -119.968101209763546, 33.943139114967238 ], [ -119.968464209763894, 33.943514114967584 ], [ -119.969091209764485, 33.943688114967756 ], [ -119.969487209764864, 33.943707114967765 ], [ -119.969575209764955, 33.943780114967829 ], [ -119.969707209765062, 33.943780114967822 ], [ -119.969927209765274, 33.943863114967904 ], [ -119.971004209766278, 33.944733114968727 ], [ -119.971312209766609, 33.944788114968773 ], [ -119.9714222097667, 33.944953114968932 ], [ -119.971510209766777, 33.945329114969276 ], [ -119.971565209766837, 33.946108114970009 ], [ -119.971356209766626, 33.947245114971061 ], [ -119.971246209766491, 33.94741011497122 ], [ -119.970851209766124, 33.94763911497143 ], [ -119.970795209766081, 33.947740114971516 ], [ -119.970851209766124, 33.947850114971637 ], [ -119.970982209766262, 33.947960114971728 ], [ -119.971103209766369, 33.948189114971939 ], [ -119.971268209766535, 33.948326114972069 ], [ -119.971158209766429, 33.948739114972462 ], [ -119.971444209766688, 33.948720114972431 ], [ -119.971565209766837, 33.948775114972491 ], [ -119.971532209766792, 33.948894114972596 ], [ -119.97131220976658, 33.949096114972789 ], [ -119.971356209766626, 33.949178114972867 ], [ -119.971488209766733, 33.949261114972941 ], [ -119.971521209766763, 33.949573114973234 ], [ -119.971422209766686, 33.949774114973415 ], [ -119.971400209766642, 33.950214114973811 ], [ -119.97125720976652, 33.950498114974096 ], [ -119.970949209766232, 33.950554114974146 ], [ -119.970685209765975, 33.9509291149745 ], [ -119.970565209765866, 33.951012114974567 ], [ -119.970542209765853, 33.951378114974908 ], [ -119.970872209766156, 33.951754114975266 ], [ -119.970971209766248, 33.951974114975464 ], [ -119.970960209766233, 33.952276114975746 ], [ -119.971026209766293, 33.952450114975903 ], [ -119.971378209766641, 33.952615114976062 ], [ -119.971554209766794, 33.952652114976082 ], [ -119.971763209766991, 33.952817114976256 ], [ -119.971939209767172, 33.953074114976495 ], [ -119.972071209767321, 33.953532114976916 ], [ -119.972269209767489, 33.953779114977152 ], [ -119.972643209767853, 33.954100114977443 ], [ -119.972709209767899, 33.954375114977694 ], [ -119.972951209768127, 33.954897114978174 ], [ -119.973446209768582, 33.955337114978583 ], [ -119.97364420976875, 33.955401114978656 ], [ -119.974205209769295, 33.955447114978703 ], [ -119.974315209769415, 33.955521114978758 ], [ -119.974469209769566, 33.95573111497896 ], [ -119.97472220976978, 33.955850114979071 ], [ -119.975139209770177, 33.955878114979093 ], [ -119.975865209770859, 33.955722114978954 ], [ -119.976327209771313, 33.95573111497896 ], [ -119.976360209771343, 33.95578611497902 ], [ -119.97653620977151, 33.955805114979022 ], [ -119.976789209771752, 33.956015114979216 ], [ -119.976976209771919, 33.956336114979528 ], [ -119.97742720977233, 33.957601114980704 ], [ -119.977515209772434, 33.958306114981355 ], [ -119.977493209772391, 33.95871911498174 ], [ -119.977383209772285, 33.959049114982044 ], [ -119.977174209772102, 33.959315114982303 ], [ -119.977108209772041, 33.959305114982286 ], [ -119.97698720977192, 33.959892114982829 ], [ -119.977163209772101, 33.960717114983602 ], [ -119.977361209772283, 33.961349114984188 ], [ -119.977570209772466, 33.96166111498448 ], [ -119.977911209772799, 33.961899114984689 ], [ -119.978032209772891, 33.962155114984938 ], [ -119.978032209772891, 33.962439114985202 ], [ -119.978098209772952, 33.962458114985225 ], [ -119.978263209773118, 33.963649114986332 ], [ -119.978241209773088, 33.964382114987011 ], [ -119.978076209772937, 33.965463114988019 ], [ -119.977900209772784, 33.966023114988545 ], [ -119.977724209772617, 33.966316114988814 ], [ -119.977702209772588, 33.966178114988686 ], [ -119.977537209772436, 33.966609114989083 ], [ -119.977647209772542, 33.966673114989149 ], [ -119.977735209772632, 33.966856114989319 ], [ -119.977944209772829, 33.967039114989483 ], [ -119.978560209773406, 33.967204114989642 ], [ -119.978835209773649, 33.967360114989781 ], [ -119.979065209773879, 33.967708114990124 ], [ -119.979297209774074, 33.9683411149907 ], [ -119.979318209774092, 33.968634114990962 ], [ -119.979494209774302, 33.969458114991745 ], [ -119.979550209774317, 33.969990114992235 ], [ -119.979527209774304, 33.970723114992907 ], [ -119.979450209774228, 33.970979114993156 ], [ -119.979440209774211, 33.971337114993496 ], [ -119.979615209774366, 33.972235114994334 ], [ -119.979450209774228, 33.972812114994866 ], [ -119.979329209774107, 33.973508114995511 ], [ -119.979450209774228, 33.973921114995896 ], [ -119.979659209774411, 33.974269114996218 ], [ -119.979802209774547, 33.97491911499683 ], [ -119.979846209774593, 33.975607114997459 ], [ -119.979846209774593, 33.97732011499906 ], [ -119.97970320977447, 33.978163114999845 ], [ -119.979461209774243, 33.978923115000555 ], [ -119.979429209774196, 33.979152115000765 ], [ -119.979208209773986, 33.979445115001027 ], [ -119.978582209773393, 33.980774115002269 ], [ -119.978483209773302, 33.981415115002875 ], [ -119.978615209773423, 33.98191011500333 ], [ -119.978857209773665, 33.982341115003727 ], [ -119.979044209773846, 33.982570115003945 ], [ -119.979781209774544, 33.983193115004518 ], [ -119.980605209775305, 33.983614115004912 ], [ -119.981386209776062, 33.983825115005118 ], [ -119.981683209776307, 33.983953115005228 ], [ -119.982552209777154, 33.984100115005369 ], [ -119.983014209777579, 33.984127115005393 ], [ -119.983762209778305, 33.98407211500534 ], [ -119.984443209778902, 33.983971115005247 ], [ -119.985510209779946, 33.983513115004818 ], [ -119.985664209780069, 33.9834951150048 ], [ -119.986093209780492, 33.983330115004655 ], [ -119.987292209781629, 33.983128115004469 ], [ -119.989172209783405, 33.982450115003836 ], [ -119.990536209784679, 33.982130115003535 ], [ -119.991042209785178, 33.982075115003497 ], [ -119.991438209785542, 33.981882115003309 ], [ -119.991669209785755, 33.98182811500326 ], [ -119.992054209786104, 33.98182811500326 ], [ -119.992582209786633, 33.982020115003429 ], [ -119.993110209787119, 33.982102115003514 ], [ -119.993538209787516, 33.982112115003524 ], [ -119.993879209787849, 33.982057115003471 ], [ -119.994165209788108, 33.98215711500356 ], [ -119.994385209788319, 33.982185115003588 ], [ -119.994957209788851, 33.982139115003548 ], [ -119.995287209789183, 33.982047115003454 ], [ -119.995507209789366, 33.981901115003325 ], [ -119.995804209789654, 33.98191011500333 ], [ -119.996497209790334, 33.981791115003226 ], [ -119.996794209790593, 33.981598115003045 ], [ -119.996881209790686, 33.981470115002914 ], [ -119.99699220979079, 33.981443115002904 ], [ -119.996893209790699, 33.981406115002876 ], [ -119.997167209790945, 33.981223115002692 ], [ -119.997563209791323, 33.981095115002574 ], [ -119.99832220979205, 33.980948115002441 ], [ -119.999092209792764, 33.98066411500217 ], [ -119.999444209793111, 33.980609115002125 ], [ -119.999829209793461, 33.980490115002013 ], [ -120.000181209793809, 33.980453115001971 ], [ -120.000863209794446, 33.980270115001808 ], [ -120.002160209795676, 33.980160115001709 ], [ -120.002688209796162, 33.979995115001557 ], [ -120.003590209797011, 33.979849115001414 ], [ -120.004382209797768, 33.979794115001361 ], [ -120.005042209798404, 33.979940115001497 ], [ -120.007615209800804, 33.979885115001451 ], [ -120.009298209802395, 33.980014115001566 ], [ -120.009562209802652, 33.979995115001557 ], [ -120.010914209803929, 33.980178115001728 ], [ -120.011728209804701, 33.980371115001901 ], [ -120.012234209805186, 33.980600115002112 ], [ -120.012421209805368, 33.980765115002271 ], [ -120.012773209805687, 33.980829115002329 ], [ -120.0130152098059, 33.981003115002487 ], [ -120.013499209806369, 33.981507115002962 ], [ -120.013752209806626, 33.982304115003707 ], [ -120.01370820980658, 33.98248711500387 ], [ -120.013532209806399, 33.982753115004115 ], [ -120.013301209806201, 33.982872115004227 ], [ -120.012993209805899, 33.982909115004269 ], [ -120.012839209805747, 33.982991115004346 ], [ -120.012839209805747, 33.98306411500441 ], [ -120.012993209805899, 33.983147115004485 ], [ -120.013268209806171, 33.983101115004445 ], [ -120.013917209806792, 33.983348115004667 ], [ -120.014214209807051, 33.983596115004914 ], [ -120.014423209807248, 33.983687115004997 ], [ -120.015027209807826, 33.98373311500503 ], [ -120.015269209808054, 33.983861115005155 ], [ -120.015445209808206, 33.983898115005189 ], [ -120.015764209808523, 33.983871115005165 ], [ -120.015929209808675, 33.983907115005188 ], [ -120.016050209808796, 33.98404511500533 ], [ -120.016028209808781, 33.984310115005563 ], [ -120.01588520980863, 33.984374115005636 ], [ -120.015962209808706, 33.984457115005704 ], [ -120.016270209809008, 33.984338115005585 ], [ -120.016611209809312, 33.984283115005546 ], [ -120.017095209809767, 33.984338115005592 ], [ -120.017931209810584, 33.984283115005539 ], [ -120.018030209810675, 33.984338115005592 ], [ -120.018085209810707, 33.984448115005698 ], [ -120.018327209810934, 33.984503115005751 ], [ -120.018569209811176, 33.984448115005698 ], [ -120.018811209811389, 33.984576115005815 ], [ -120.018921209811495, 33.984704115005933 ], [ -120.019547209812089, 33.984906115006126 ], [ -120.020108209812634, 33.98485111500608 ], [ -120.020295209812801, 33.98489711500612 ], [ -120.020647209813134, 33.984851115006073 ], [ -120.021087209813516, 33.985098115006309 ], [ -120.021483209813937, 33.985144115006335 ], [ -120.021967209814377, 33.985107115006308 ], [ -120.022033209814438, 33.985290115006478 ], [ -120.022363209814756, 33.985382115006573 ], [ -120.022847209815183, 33.985446115006631 ], [ -120.023067209815395, 33.985538115006719 ], [ -120.023100209815453, 33.98547411500666 ], [ -120.023452209815773, 33.985547115006717 ], [ -120.024111209816397, 33.985565115006743 ], [ -120.025640209817865, 33.986078115007217 ], [ -120.026608209818761, 33.986564115007667 ], [ -120.02692720981905, 33.986939115008013 ], [ -120.02687220981899, 33.987040115008114 ], [ -120.026740209818882, 33.986994115008066 ], [ -120.026718209818867, 33.987104115008172 ], [ -120.02645420981861, 33.987224115008281 ], [ -120.026168209818351, 33.987471115008525 ], [ -120.026102209818291, 33.987736115008765 ], [ -120.026223209818383, 33.987920115008933 ], [ -120.026553209818701, 33.988204115009196 ], [ -120.026773209818899, 33.98852411500949 ], [ -120.027004209819111, 33.988598115009559 ], [ -120.027301209819413, 33.988570115009544 ], [ -120.027587209819686, 33.988717115009671 ], [ -120.027697209819792, 33.989001115009941 ], [ -120.027752209819852, 33.988973115009912 ], [ -120.027708209819806, 33.988781115009729 ], [ -120.027895209819988, 33.988762115009713 ], [ -120.02803820982011, 33.988827115009791 ], [ -120.028158209820234, 33.989028115009972 ], [ -120.028246209820296, 33.988909115009847 ], [ -120.028499209820538, 33.988836115009782 ], [ -120.029214209821205, 33.988909115009854 ], [ -120.03110620982298, 33.989395115010311 ], [ -120.033008209824786, 33.990054115010928 ], [ -120.034394209826118, 33.990421115011259 ], [ -120.035032209826724, 33.990677115011501 ], [ -120.035241209826921, 33.990824115011634 ], [ -120.036571209828153, 33.991337115012115 ], [ -120.037397209828953, 33.991841115012591 ], [ -120.03895820983044, 33.992692115013369 ], [ -120.03928820983073, 33.992949115013616 ], [ -120.039585209831017, 33.993096115013749 ], [ -120.03989320983132, 33.993370115014017 ], [ -120.040113209831503, 33.993499115014124 ], [ -120.041223209832552, 33.994515115015076 ], [ -120.041619209832945, 33.994992115015521 ], [ -120.042279209833552, 33.995459115015962 ], [ -120.04310420983434, 33.996292115016736 ], [ -120.044171209835326, 33.997245115017613 ], [ -120.045040209836174, 33.998106115018409 ], [ -120.045436209836538, 33.998601115018879 ], [ -120.04565620983675, 33.99880211501906 ], [ -120.04585320983692, 33.999123115019366 ], [ -120.046381209837435, 33.999801115019999 ], [ -120.046689209837709, 34.000341115020497 ], [ -120.046975209837967, 34.001074115021183 ], [ -120.047074209838058, 34.001935115021986 ], [ -120.047283209838298, 34.00243811502245 ], [ -120.04740420983839, 34.002942115022918 ], [ -120.047668209838648, 34.003675115023597 ], [ -120.047668209838648, 34.003959115023868 ], [ -120.047580209838557, 34.004289115024179 ], [ -120.047459209838465, 34.00449011502436 ], [ -120.047404209838376, 34.004783115024637 ], [ -120.047118209838104, 34.005241115025065 ], [ -120.046997209838011, 34.005589115025387 ], [ -120.046964209837981, 34.005974115025744 ], [ -120.046997209838011, 34.006175115025925 ], [ -120.048053209838997, 34.007604115027256 ], [ -120.048053209838997, 34.007677115027327 ], [ -120.047107209838089, 34.008172115027783 ], [ -120.047019209838012, 34.008328115027943 ], [ -120.047107209838089, 34.008373115027979 ], [ -120.047272209838255, 34.008337115027942 ], [ -120.048174209839118, 34.007833115027481 ], [ -120.048284209839224, 34.007861115027502 ], [ -120.048548209839453, 34.008410115028013 ], [ -120.048548209839453, 34.008923115028502 ], [ -120.048449209839376, 34.00906911502863 ], [ -120.048449209839376, 34.009289115028835 ], [ -120.048702209839604, 34.00969211502921 ], [ -120.048823209839725, 34.010086115029573 ], [ -120.048977209839862, 34.010269115029736 ], [ -120.049043209839908, 34.01060811503006 ], [ -120.049219209840103, 34.010993115030416 ], [ -120.049241209840105, 34.011332115030733 ], [ -120.049307209840165, 34.011570115030949 ], [ -120.049538209840392, 34.011845115031214 ], [ -120.049725209840545, 34.01218411503153 ], [ -120.050176209841013, 34.012476115031795 ], [ -120.050219209841046, 34.012696115032 ], [ -120.050307209841151, 34.012715115032016 ], [ -120.050395209841213, 34.013017115032305 ], [ -120.050263209841106, 34.013200115032475 ], [ -120.049791209840635, 34.01345611503271 ], [ -120.049714209840559, 34.013713115032949 ], [ -120.049560209840408, 34.01513211503427 ], [ -120.049483209840332, 34.015334115034463 ], [ -120.049516209840363, 34.016323115035384 ], [ -120.049395209840256, 34.017175115036174 ], [ -120.049329209840209, 34.017321115036296 ], [ -120.048977209839862, 34.017706115036667 ], [ -120.048086209838999, 34.018273115037182 ], [ -120.048207209839134, 34.018942115037817 ], [ -120.048086209838999, 34.019482115038322 ], [ -120.048174209839104, 34.019675115038496 ], [ -120.048295209839196, 34.019803115038627 ], [ -120.048295209839196, 34.019903115038709 ], [ -120.048075209839013, 34.020050115038842 ], [ -120.047888209838831, 34.020261115039041 ], [ -120.047888209838831, 34.020462115039237 ], [ -120.047987209838922, 34.020581115039342 ], [ -120.047998209838937, 34.020709115039452 ], [ -120.047569209838542, 34.021195115039909 ], [ -120.047338209838315, 34.021332115040032 ], [ -120.04712920983809, 34.021561115040257 ], [ -120.046821209837816, 34.021744115040427 ], [ -120.046634209837634, 34.022083115040743 ], [ -120.046282209837315, 34.022147115040802 ], [ -120.046051209837088, 34.022312115040947 ], [ -120.04579820983686, 34.02264111504126 ], [ -120.045293209836359, 34.0226871150413 ], [ -120.045073209836147, 34.022816115041422 ], [ -120.044842209835949, 34.023035115041623 ], [ -120.044578209835691, 34.023383115041952 ], [ -120.044545209835661, 34.023548115042104 ], [ -120.044853209835935, 34.023869115042395 ], [ -120.044864209835964, 34.023960115042485 ], [ -120.044677209835783, 34.024125115042636 ], [ -120.044490209835601, 34.024152115042654 ], [ -120.044248209835388, 34.024281115042783 ], [ -120.043852209834981, 34.024601115043083 ], [ -120.043841209834966, 34.024757115043229 ], [ -120.044006209835132, 34.025105115043537 ], [ -120.044039209835191, 34.025334115043769 ], [ -120.043984209835131, 34.025453115043874 ], [ -120.043610209834767, 34.025773115044167 ], [ -120.043258209834448, 34.026423115044786 ], [ -120.043137209834327, 34.026890115045212 ], [ -120.043093209834282, 34.027907115046148 ], [ -120.043038209834236, 34.028026115046274 ], [ -120.043093209834282, 34.028099115046338 ], [ -120.043511209834676, 34.028319115046543 ], [ -120.043841209834966, 34.028850115047035 ], [ -120.044127209835253, 34.029051115047224 ], [ -120.044380209835467, 34.029527115047664 ], [ -120.044391209835496, 34.030214115048302 ], [ -120.044534209835646, 34.030434115048514 ], [ -120.044886209835965, 34.030690115048749 ], [ -120.044952209836026, 34.030892115048935 ], [ -120.044952209836026, 34.031130115049166 ], [ -120.044842209835949, 34.031359115049369 ], [ -120.044534209835618, 34.031688115049676 ], [ -120.044479209835586, 34.031990115049958 ], [ -120.044710209835785, 34.032274115050221 ], [ -120.044710209835785, 34.032348115050283 ], [ -120.044468209835571, 34.03262211505055 ], [ -120.044402209835511, 34.033071115050959 ], [ -120.044050209835177, 34.033299115051179 ], [ -120.043918209835041, 34.033529115051401 ], [ -120.043753209834904, 34.033648115051498 ], [ -120.043654209834813, 34.03362911505149 ], [ -120.043434209834601, 34.033730115051583 ], [ -120.043456209834616, 34.033886115051722 ], [ -120.043555209834722, 34.034115115051939 ], [ -120.043500209834662, 34.034343115052145 ], [ -120.043335209834524, 34.03452711505232 ], [ -120.043291209834479, 34.034719115052503 ], [ -120.043390209834556, 34.035186115052937 ], [ -120.043379209834569, 34.035396115053132 ], [ -120.042950209834117, 34.035772115053483 ], [ -120.042928209834102, 34.035955115053653 ], [ -120.043005209834178, 34.036046115053729 ], [ -120.04344520983463, 34.035891115053587 ], [ -120.043786209834934, 34.035662115053377 ], [ -120.044226209835344, 34.035662115053377 ], [ -120.044743209835815, 34.035891115053587 ], [ -120.045194209836268, 34.036019115053705 ], [ -120.045315209836389, 34.036129115053811 ], [ -120.045788209836815, 34.036266115053941 ], [ -120.046062209837089, 34.036559115054217 ], [ -120.046249209837256, 34.036614115054263 ], [ -120.046436209837424, 34.036596115054252 ], [ -120.046645209837607, 34.036394115054058 ], [ -120.047063209838043, 34.036257115053928 ], [ -120.047261209838211, 34.036284115053952 ], [ -120.047470209838423, 34.03647711505414 ], [ -120.047635209838575, 34.036541115054192 ], [ -120.04771220983865, 34.036486115054146 ], [ -120.04771220983865, 34.036275115053947 ], [ -120.047767209838682, 34.036147115053822 ], [ -120.047899209838803, 34.036019115053712 ], [ -120.048020209838924, 34.036010115053706 ], [ -120.048229209839107, 34.036156115053842 ], [ -120.048350209839228, 34.036513115054163 ], [ -120.048724209839591, 34.036623115054276 ], [ -120.049043209839894, 34.036596115054259 ], [ -120.04926320984012, 34.036175115053858 ], [ -120.049406209840228, 34.036165115053848 ], [ -120.049505209840348, 34.036211115053881 ], [ -120.049603209840427, 34.036431115054086 ], [ -120.049791209840606, 34.036339115054012 ], [ -120.049857209840667, 34.036138115053824 ], [ -120.049857209840667, 34.035387115053119 ], [ -120.049967209840773, 34.035287115053023 ], [ -120.050197209840988, 34.035287115053023 ], [ -120.05036220984114, 34.035351115053089 ], [ -120.050670209841442, 34.035680115053395 ], [ -120.050637209841383, 34.036248115053915 ], [ -120.051110209841852, 34.036788115054435 ], [ -120.051044209841791, 34.036916115054538 ], [ -120.051154209841897, 34.036944115054574 ], [ -120.051484209842215, 34.036861115054499 ], [ -120.051517209842245, 34.036687115054335 ], [ -120.051484209842215, 34.036550115054204 ], [ -120.051550209842276, 34.03647711505414 ], [ -120.051660209842368, 34.03647711505414 ], [ -120.051825209842519, 34.036678115054329 ], [ -120.051825209842519, 34.036751115054393 ], [ -120.051704209842399, 34.036880115054515 ], [ -120.051737209842429, 34.037109115054726 ], [ -120.051836209842506, 34.03721811505482 ], [ -120.051935209842625, 34.037237115054843 ], [ -120.052463209843111, 34.037072115054684 ], [ -120.052738209843412, 34.037118115054746 ], [ -120.053090209843731, 34.037255115054862 ], [ -120.053464209844066, 34.037594115055178 ], [ -120.053662209844262, 34.037694115055274 ], [ -120.053816209844413, 34.037868115055424 ], [ -120.05412320984469, 34.0379421150555 ], [ -120.054541209845084, 34.0379421150555 ], [ -120.055003209845538, 34.037823115055396 ], [ -120.055630209846115, 34.037749115055327 ], [ -120.056268209846721, 34.037511115055096 ], [ -120.05675220984719, 34.037429115055019 ], [ -120.057247209847645, 34.037218115054827 ], [ -120.057577209847963, 34.037173115054784 ], [ -120.057962209848313, 34.036935115054568 ], [ -120.058237209848585, 34.036889115054521 ], [ -120.058534209848872, 34.036742115054388 ], [ -120.058863209849179, 34.036257115053928 ], [ -120.058886209849192, 34.036129115053825 ], [ -120.059215209849498, 34.03585411505356 ], [ -120.059974209850239, 34.035634115053355 ], [ -120.060172209850435, 34.035497115053218 ], [ -120.060766209850982, 34.034847115052621 ], [ -120.061305209851483, 34.034591115052393 ], [ -120.061514209851694, 34.034380115052187 ], [ -120.061668209851845, 34.034316115052128 ], [ -120.061976209852119, 34.034069115051899 ], [ -120.061481209851664, 34.033666115051524 ], [ -120.061448209851633, 34.033483115051354 ], [ -120.061349209851556, 34.033410115051282 ], [ -120.061228209851421, 34.033181115051072 ], [ -120.061206209851392, 34.032659115050585 ], [ -120.061316209851526, 34.032384115050327 ], [ -120.06159120985177, 34.032201115050157 ], [ -120.061800209851953, 34.031899115049889 ], [ -120.06213020985227, 34.031697115049695 ], [ -120.062350209852454, 34.031459115049472 ], [ -120.062592209852696, 34.031322115049335 ], [ -120.062779209852877, 34.031148115049184 ], [ -120.063504209853576, 34.030736115048796 ], [ -120.064010209854032, 34.030599115048666 ], [ -120.064010209854032, 34.030443115048527 ], [ -120.065561209855503, 34.029472115047618 ], [ -120.066309209856229, 34.029143115047319 ], [ -120.067035209856911, 34.02916111504733 ], [ -120.06923420985899, 34.02854811504676 ], [ -120.069762209859505, 34.028886115047079 ], [ -120.069905209859627, 34.029134115047306 ], [ -120.07022420985993, 34.029399115047561 ], [ -120.070334209860036, 34.029408115047559 ], [ -120.070488209860187, 34.029216115047383 ], [ -120.070444209860128, 34.02837411504661 ], [ -120.070499209860174, 34.028264115046497 ], [ -120.07066420986034, 34.028200115046438 ], [ -120.070917209860582, 34.028227115046469 ], [ -120.071049209860689, 34.028392115046614 ], [ -120.071291209860945, 34.028392115046614 ], [ -120.071390209861022, 34.028300115046541 ], [ -120.071478209861112, 34.028282115046515 ], [ -120.071829209861463, 34.028062115046311 ], [ -120.071873209861479, 34.027925115046173 ], [ -120.071686209861326, 34.027678115045951 ], [ -120.071643209861293, 34.027412115045706 ], [ -120.071884209861508, 34.027247115045547 ], [ -120.072093209861691, 34.027357115045653 ], [ -120.072324209861918, 34.027312115045618 ], [ -120.072379209861978, 34.027183115045489 ], [ -120.072357209861948, 34.0269821150453 ], [ -120.07222620986181, 34.026844115045172 ], [ -120.072005209861629, 34.02672511504506 ], [ -120.071973209861596, 34.026579115044925 ], [ -120.072302209861903, 34.026552115044908 ], [ -120.072423209862009, 34.026469115044826 ], [ -120.072247209861843, 34.026396115044754 ], [ -120.072269209861872, 34.026249115044614 ], [ -120.07257720986216, 34.025737115044137 ], [ -120.072764209862314, 34.025526115043952 ], [ -120.073006209862584, 34.025508115043927 ], [ -120.072907209862493, 34.025746115044157 ], [ -120.07311620986269, 34.025471115043906 ], [ -120.073369209862918, 34.025618115044033 ], [ -120.0735672098631, 34.025590115044011 ], [ -120.073699209863236, 34.025489115043911 ], [ -120.073402209862948, 34.025370115043799 ], [ -120.073281209862827, 34.025242115043682 ], [ -120.073270209862812, 34.025123115043577 ], [ -120.073347209862888, 34.02494911504342 ], [ -120.073644209863176, 34.024592115043085 ], [ -120.073842209863344, 34.024519115043006 ], [ -120.074051209863555, 34.02432611504284 ], [ -120.074359209863829, 34.024207115042721 ], [ -120.07445820986392, 34.024088115042609 ], [ -120.075261209864706, 34.02379511504234 ], [ -120.075810209865224, 34.023713115042263 ], [ -120.07728420986659, 34.023264115041847 ], [ -120.078780209868029, 34.023008115041605 ], [ -120.079275209868484, 34.02313611504173 ], [ -120.079649209868847, 34.02313611504173 ], [ -120.079902209869104, 34.022962115041558 ], [ -120.080474209869635, 34.022779115041395 ], [ -120.080737209869866, 34.02233011504098 ], [ -120.081001209870124, 34.022129115040784 ], [ -120.081342209870456, 34.021955115040626 ], [ -120.081430209870547, 34.021964115040646 ], [ -120.081705209870819, 34.022138115040796 ], [ -120.082035209871108, 34.022156115040808 ], [ -120.082123209871199, 34.022312115040954 ], [ -120.08224420987132, 34.022403115041044 ], [ -120.082629209871641, 34.021973115040645 ], [ -120.082860209871868, 34.021845115040527 ], [ -120.084015209872987, 34.021588115040288 ], [ -120.084378209873321, 34.021625115040329 ], [ -120.085169209874081, 34.021808115040486 ], [ -120.086225209875082, 34.021808115040493 ], [ -120.086896209875718, 34.021588115040288 ], [ -120.087226209876007, 34.02127711504 ], [ -120.08756720987634, 34.02132311504004 ], [ -120.087677209876446, 34.021112115039841 ], [ -120.087996209876735, 34.020856115039614 ], [ -120.08817220987693, 34.020819115039579 ], [ -120.088568209877295, 34.02042511503921 ], [ -120.08911820987781, 34.020435115039213 ], [ -120.089513209878177, 34.020581115039349 ], [ -120.089755209878405, 34.020581115039349 ], [ -120.089877209878551, 34.020435115039213 ], [ -120.089898209878555, 34.020315115039104 ], [ -120.090096209878737, 34.020169115038968 ], [ -120.090239209878888, 34.019968115038779 ], [ -120.0904592098791, 34.019821115038646 ], [ -120.090679209879283, 34.019803115038634 ], [ -120.091075209879648, 34.019940115038757 ], [ -120.091174209879739, 34.019894115038717 ], [ -120.091416209879981, 34.02007711503888 ], [ -120.091702209880268, 34.020160115038962 ], [ -120.091966209880496, 34.020169115038975 ], [ -120.092516209881026, 34.02007711503888 ], [ -120.092923209881405, 34.020123115038921 ], [ -120.093099209881572, 34.020041115038858 ], [ -120.093253209881752, 34.020032115038845 ], [ -120.093319209881798, 34.020087115038898 ], [ -120.093649209882088, 34.020096115038896 ], [ -120.094133209882557, 34.020261115039055 ], [ -120.094199209882618, 34.020206115039009 ], [ -120.094462209882863, 34.020196115038999 ], [ -120.094528209882924, 34.020151115038942 ], [ -120.095188209883574, 34.020123115038921 ], [ -120.095364209883741, 34.019986115038805 ], [ -120.095452209883803, 34.01975711503858 ], [ -120.095540209883893, 34.019693115038521 ], [ -120.095738209884061, 34.019702115038541 ], [ -120.095892209884212, 34.019839115038657 ], [ -120.096464209884743, 34.019894115038717 ], [ -120.096662209884968, 34.019748115038574 ], [ -120.096959209885227, 34.019784115038604 ], [ -120.097168209885425, 34.019492115038339 ], [ -120.097256209885515, 34.019455115038305 ], [ -120.097619209885863, 34.019583115038429 ], [ -120.097520209885772, 34.020077115038887 ], [ -120.097553209885803, 34.020242115039039 ], [ -120.097619209885863, 34.020215115039022 ], [ -120.097707209885925, 34.01994911503877 ], [ -120.097828209886046, 34.019876115038691 ], [ -120.097960209886182, 34.019876115038691 ], [ -120.098080209886277, 34.020224115039021 ], [ -120.098212209886398, 34.020315115039111 ], [ -120.098531209886744, 34.020315115039111 ], [ -120.099235209887382, 34.020160115038969 ], [ -120.099444209887579, 34.020233115039034 ], [ -120.099521209887655, 34.020361115039137 ], [ -120.099609209887745, 34.020398115039185 ], [ -120.100071209888171, 34.02033411503912 ], [ -120.100269209888367, 34.020535115039316 ], [ -120.100511209888595, 34.020636115039402 ], [ -120.100951209889004, 34.020618115039383 ], [ -120.101325209889367, 34.020654115039427 ], [ -120.101930209889957, 34.020508115039291 ], [ -120.102326209890322, 34.020123115038921 ], [ -120.10252420989049, 34.020096115038903 ], [ -120.10255720989052, 34.020050115038856 ], [ -120.102809209890751, 34.020050115038863 ], [ -120.103040209890978, 34.020114115038915 ], [ -120.103337209891265, 34.020462115039237 ], [ -120.103656209891582, 34.02042511503921 ], [ -120.10389820989181, 34.02061811503939 ], [ -120.104107209891993, 34.020609115039385 ], [ -120.104173209892053, 34.020792115039548 ], [ -120.104360209892235, 34.020920115039672 ], [ -120.104481209892356, 34.020920115039672 ], [ -120.104635209892479, 34.020764115039533 ], [ -120.10482220989266, 34.020728115039496 ], [ -120.104866209892705, 34.020984115039724 ], [ -120.104932209892766, 34.021103115039843 ], [ -120.105064209892902, 34.02118511503992 ], [ -120.105306209893143, 34.020956115039695 ], [ -120.106230209894008, 34.020956115039695 ], [ -120.106549209894297, 34.020792115039555 ], [ -120.106560209894312, 34.020544115039314 ], [ -120.106395209894146, 34.020288115039072 ], [ -120.10628520989404, 34.019885115038711 ], [ -120.106417209894175, 34.019894115038724 ], [ -120.106549209894297, 34.020096115038896 ], [ -120.106670209894418, 34.020114115038922 ], [ -120.106791209894538, 34.020077115038887 ], [ -120.106856209894573, 34.019931115038752 ], [ -120.107110209894842, 34.019903115038723 ], [ -120.107318209895041, 34.019803115038634 ], [ -120.10771420989542, 34.019775115038613 ], [ -120.108231209895877, 34.019876115038699 ], [ -120.108649209896285, 34.020160115038962 ], [ -120.10927620989689, 34.020206115039009 ], [ -120.109397209897011, 34.020325115039121 ], [ -120.109738209897316, 34.020379115039169 ], [ -120.109793209897376, 34.020425115039217 ], [ -120.109793209897376, 34.020700115039467 ], [ -120.109980209897529, 34.020810115039566 ], [ -120.110189209897754, 34.020718115039486 ], [ -120.110299209897846, 34.020535115039316 ], [ -120.110387209897951, 34.020499115039279 ], [ -120.110684209898224, 34.020499115039286 ], [ -120.110959209898482, 34.020654115039427 ], [ -120.11124520989874, 34.020718115039493 ], [ -120.111361209898845, 34.020639115039415 ], [ -120.111532209899011, 34.02039611503919 ] ], [ [ -119.710677209521094, 33.965800114988305 ], [ -119.710614209521012, 33.965784114988296 ], [ -119.710449209520874, 33.96589411498838 ], [ -119.710427209520859, 33.965839114988334 ], [ -119.710383209520813, 33.966169114988638 ], [ -119.710020209520479, 33.966444114988903 ], [ -119.709767209520237, 33.966499114988956 ], [ -119.709657209520131, 33.966435114988897 ], [ -119.70953620952001, 33.966462114988921 ], [ -119.709470209519949, 33.966380114988851 ], [ -119.709338209519842, 33.96634311498881 ], [ -119.708744209519267, 33.966728114989166 ], [ -119.708238209518768, 33.966957114989384 ], [ -119.707930209518494, 33.96724111498964 ], [ -119.707798209518387, 33.967260114989656 ], [ -119.707666209518237, 33.967214114989616 ], [ -119.707490209518099, 33.967278114989661 ], [ -119.707391209517994, 33.967416114989803 ], [ -119.707435209518039, 33.967581114989962 ], [ -119.708150209518706, 33.967883114990236 ], [ -119.708205209518738, 33.967965114990321 ], [ -119.708216209518767, 33.968277114990606 ], [ -119.70806220951863, 33.968534114990845 ], [ -119.707732209518298, 33.968882114991175 ], [ -119.707282209517899, 33.969157114991425 ], [ -119.707028209517659, 33.969249114991513 ], [ -119.70666520951734, 33.969313114991557 ], [ -119.706358209517035, 33.969276114991537 ], [ -119.706170209516856, 33.969129114991389 ], [ -119.705863209516579, 33.968689114990987 ], [ -119.705599209516308, 33.968543114990865 ], [ -119.705489209516202, 33.968543114990865 ], [ -119.705258209516003, 33.968671114990975 ], [ -119.705170209515899, 33.968809114991096 ], [ -119.705181209515928, 33.968955114991246 ], [ -119.705136209515871, 33.969029114991308 ], [ -119.704961209515716, 33.968928114991215 ], [ -119.704861209515627, 33.968928114991215 ], [ -119.704586209515355, 33.969074114991344 ], [ -119.704477209515275, 33.969047114991319 ], [ -119.704345209515139, 33.969129114991397 ], [ -119.703948209514763, 33.96893711499122 ], [ -119.703828209514668, 33.968809114991096 ], [ -119.703915209514733, 33.968552114990857 ], [ -119.703751209514593, 33.968286114990619 ], [ -119.703333209514213, 33.968011114990368 ], [ -119.703234209514108, 33.968112114990447 ], [ -119.702585209513501, 33.967938114990282 ], [ -119.702024209512956, 33.96763511499001 ], [ -119.701969209512896, 33.967672114990037 ], [ -119.701375209512349, 33.967461114989838 ], [ -119.701177209512153, 33.967150114989558 ], [ -119.70102320951203, 33.967104114989517 ], [ -119.700726209511743, 33.967241114989648 ], [ -119.700407209511454, 33.967525114989911 ], [ -119.700429209511455, 33.967617114989991 ], [ -119.700374209511423, 33.967645114990013 ], [ -119.700308209511363, 33.967892114990249 ], [ -119.700176209511227, 33.968002114990348 ], [ -119.700451209511499, 33.968433114990745 ], [ -119.700407209511454, 33.968818114991102 ], [ -119.700264209511317, 33.969084114991361 ], [ -119.70000020951106, 33.969111114991392 ], [ -119.700077209511136, 33.969138114991409 ], [ -119.699593209510667, 33.969688114991925 ], [ -119.699593209510695, 33.969890114992104 ], [ -119.699813209510879, 33.969982114992199 ], [ -119.699989209511045, 33.970128114992328 ], [ -119.699978209511045, 33.971265114993386 ], [ -119.699824209510894, 33.971411114993522 ], [ -119.699516209510591, 33.97146711499358 ], [ -119.699076209510181, 33.971430114993545 ], [ -119.698933209510045, 33.971338114993451 ], [ -119.698757209509878, 33.971100114993234 ], [ -119.698493209509635, 33.970981114993123 ], [ -119.698416209509574, 33.971008114993147 ], [ -119.698372209509529, 33.971100114993227 ], [ -119.697327209508558, 33.971338114993458 ], [ -119.69694220950818, 33.971512114993622 ], [ -119.696656209507935, 33.971576114993681 ], [ -119.696480209507726, 33.971549114993657 ], [ -119.696447209507696, 33.971668114993761 ], [ -119.695556209506876, 33.97159511499369 ], [ -119.695127209506467, 33.97168611499378 ], [ -119.695127209506467, 33.971549114993657 ], [ -119.694544209505921, 33.97165011499375 ], [ -119.693334209504783, 33.971677114993774 ], [ -119.693037209504524, 33.97163111499372 ], [ -119.692828209504299, 33.971659114993749 ], [ -119.691849209503403, 33.971961114994031 ], [ -119.691200209502796, 33.972328114994383 ], [ -119.690430209502054, 33.9724561149945 ], [ -119.690155209501796, 33.972593114994623 ], [ -119.690188209501827, 33.972667114994692 ], [ -119.689869209501538, 33.972786114994811 ], [ -119.689649209501326, 33.973134114995126 ], [ -119.689308209501021, 33.973290114995265 ], [ -119.689088209500781, 33.973501114995457 ], [ -119.688252209500021, 33.973565114995523 ], [ -119.688054209499853, 33.973748114995701 ], [ -119.687504209499338, 33.973831114995775 ], [ -119.687383209499217, 33.973712114995656 ], [ -119.687196209499007, 33.973712114995656 ], [ -119.687141209498961, 33.973748114995701 ], [ -119.687097209498916, 33.973702114995653 ], [ -119.686811209498657, 33.973923114995863 ], [ -119.686767209498612, 33.974170114996092 ], [ -119.686591209498445, 33.974353114996262 ], [ -119.686294209498186, 33.974316114996235 ], [ -119.686085209497975, 33.974435114996332 ], [ -119.685689209497625, 33.975370114997204 ], [ -119.68565620949758, 33.975709114997521 ], [ -119.684402209496412, 33.976085114997865 ], [ -119.684171209496157, 33.976021114997806 ], [ -119.683819209495852, 33.976168114997961 ], [ -119.683291209495351, 33.976479114998249 ], [ -119.682950209495019, 33.976626114998368 ], [ -119.683005209495079, 33.976708114998445 ], [ -119.682763209494865, 33.976818114998558 ], [ -119.682422209494533, 33.977111114998827 ], [ -119.681828209493986, 33.977496114999184 ], [ -119.681377209493576, 33.977698114999384 ], [ -119.680541209492773, 33.977890114999553 ], [ -119.680002209492258, 33.978101114999752 ], [ -119.679936209492212, 33.9780461149997 ], [ -119.679617209491909, 33.978165114999804 ], [ -119.678957209491287, 33.978184114999827 ], [ -119.678209209490589, 33.978294114999933 ], [ -119.677967209490347, 33.978284114999916 ], [ -119.677879209490257, 33.978376115 ], [ -119.677659209490045, 33.978294114999933 ], [ -119.677153209489603, 33.978284114999923 ], [ -119.676570209489057, 33.97818411499982 ], [ -119.675954209488467, 33.97822911499987 ], [ -119.675195209487768, 33.97837611500001 ], [ -119.675118209487692, 33.978486115000116 ], [ -119.674943209487523, 33.978486115000116 ], [ -119.674734209487312, 33.978752115000354 ], [ -119.674480209487072, 33.978761115000353 ], [ -119.674271209486875, 33.97894411500053 ], [ -119.674249209486845, 33.979751115001271 ], [ -119.674359209486951, 33.979970115001493 ], [ -119.674359209486951, 33.980108115001613 ], [ -119.674161209486783, 33.980218115001712 ], [ -119.67422720948683, 33.980319115001812 ], [ -119.673919209486527, 33.980355115001842 ], [ -119.673941209486571, 33.980401115001889 ], [ -119.672292209485036, 33.980869115002321 ], [ -119.671544209484296, 33.980603115002076 ], [ -119.67065320948349, 33.980374115001865 ], [ -119.670290209483127, 33.98044711500193 ], [ -119.67018020948305, 33.980704115002169 ], [ -119.670125209482975, 33.980685115002146 ], [ -119.669993209482868, 33.981299115002727 ], [ -119.670070209482944, 33.981730115003117 ], [ -119.670015209482898, 33.981941115003323 ], [ -119.669740209482626, 33.982060115003428 ], [ -119.66924520948217, 33.982069115003441 ], [ -119.669256209482171, 33.982115115003481 ], [ -119.668651209481609, 33.982564115003903 ], [ -119.668068209481049, 33.983343115004622 ], [ -119.667452209480473, 33.983883115005128 ], [ -119.666473209479562, 33.983975115005222 ], [ -119.665912209479046, 33.983819115005076 ], [ -119.665692209478834, 33.983865115005109 ], [ -119.665626209478773, 33.984021115005248 ], [ -119.665670209478833, 33.984131115005376 ], [ -119.665593209478729, 33.984213115005439 ], [ -119.665593209478757, 33.984589115005782 ], [ -119.665274209478426, 33.985029115006192 ], [ -119.664922209478078, 33.985249115006404 ], [ -119.663294209476575, 33.985597115006733 ], [ -119.661886209475242, 33.986055115007154 ], [ -119.661083209474484, 33.986174115007259 ], [ -119.660940209474376, 33.986302115007383 ], [ -119.659356209472861, 33.986412115007475 ], [ -119.658938209472467, 33.986238115007325 ], [ -119.658938209472467, 33.986183115007265 ], [ -119.658366209471936, 33.986073115007166 ], [ -119.658201209471756, 33.986101115007187 ], [ -119.657860209471451, 33.986275115007359 ], [ -119.657563209471178, 33.986220115007306 ], [ -119.656859209470525, 33.986440115007511 ], [ -119.656353209470055, 33.986953115007985 ], [ -119.656122209469856, 33.987072115008104 ], [ -119.655990209469735, 33.98722811500825 ], [ -119.655473209469221, 33.987328115008332 ], [ -119.655539209469282, 33.987356115008353 ], [ -119.654142209467977, 33.98769511500867 ], [ -119.654131209467963, 33.987649115008637 ], [ -119.653955209467796, 33.987759115008735 ], [ -119.653614209467491, 33.987869115008834 ], [ -119.652525209466461, 33.987997115008959 ], [ -119.652162209466098, 33.987997115008959 ], [ -119.651854209465824, 33.987915115008889 ], [ -119.651821209465794, 33.987961115008929 ], [ -119.651590209465567, 33.987952115008909 ], [ -119.65135920946534, 33.987713115008695 ], [ -119.651348209465354, 33.987558115008547 ], [ -119.651260209465264, 33.987503115008494 ], [ -119.650798209464824, 33.987457115008446 ], [ -119.650358209464414, 33.98746611500848 ], [ -119.650127209464216, 33.987613115008593 ], [ -119.650039209464126, 33.987613115008593 ], [ -119.649500209463611, 33.987393115008409 ], [ -119.649522209463655, 33.987301115008307 ], [ -119.649456209463594, 33.987301115008314 ], [ -119.649456209463594, 33.987530115008518 ], [ -119.647762209461987, 33.987851115008823 ], [ -119.647762209461987, 33.987723115008706 ], [ -119.647674209461897, 33.987741115008717 ], [ -119.646872209461137, 33.987521115008519 ], [ -119.646409209460728, 33.987466115008473 ], [ -119.645089209459485, 33.987924115008894 ], [ -119.644418209458834, 33.98798811500896 ], [ -119.644385209458804, 33.988089115009053 ], [ -119.643605209458087, 33.987906115008883 ], [ -119.642769209457313, 33.987796115008763 ], [ -119.641977209456542, 33.987741115008717 ], [ -119.641668209456256, 33.987640115008624 ], [ -119.641020209455661, 33.987503115008494 ], [ -119.640217209454903, 33.987154115008174 ], [ -119.639964209454661, 33.987099115008128 ], [ -119.639590209454326, 33.987154115008181 ], [ -119.639084209453856, 33.987356115008353 ], [ -119.639051209453825, 33.987264115008287 ], [ -119.637632209452462, 33.987567115008559 ], [ -119.636796209451703, 33.987668115008653 ], [ -119.636367209451279, 33.987631115008618 ], [ -119.63603720945099, 33.987530115008518 ], [ -119.635927209450884, 33.987457115008446 ], [ -119.635839209450793, 33.987292115008309 ], [ -119.63559720945058, 33.98717311500819 ], [ -119.634321209449368, 33.987145115008161 ], [ -119.634046209449096, 33.987209115008227 ], [ -119.633199209448321, 33.987145115008168 ], [ -119.633166209448291, 33.987063115008084 ], [ -119.632759209447897, 33.987072115008097 ], [ -119.63215420944735, 33.987292115008309 ], [ -119.631703209446911, 33.987521115008519 ], [ -119.630515209445804, 33.98779611500877 ], [ -119.63010820944541, 33.987952115008909 ], [ -119.62816120944359, 33.988309115009251 ], [ -119.62816120944359, 33.98837311500931 ], [ -119.62772120944318, 33.988456115009392 ], [ -119.627281209442756, 33.988483115009416 ], [ -119.626038209441589, 33.988126115009081 ], [ -119.625455209441057, 33.988126115009081 ], [ -119.625246209440874, 33.988226115009184 ], [ -119.624520209440163, 33.988694115009615 ], [ -119.623849209439541, 33.988886115009784 ], [ -119.622265209438069, 33.989152115010029 ], [ -119.620659209436525, 33.989152115010029 ], [ -119.620274209436189, 33.989060115009949 ], [ -119.619900209435841, 33.988749115009661 ], [ -119.61983420943578, 33.988785115009684 ], [ -119.619515209435463, 33.988529115009456 ], [ -119.619383209435341, 33.988181115009134 ], [ -119.619427209435386, 33.988162115009104 ], [ -119.619174209435158, 33.987411115008406 ], [ -119.619097209435083, 33.987356115008353 ], [ -119.618767209434765, 33.987338115008356 ], [ -119.618107209434172, 33.987503115008494 ], [ -119.618085209434128, 33.987429115008432 ], [ -119.61788720943396, 33.987484115008478 ], [ -119.617876209433945, 33.987539115008524 ], [ -119.616952209433066, 33.987777115008754 ], [ -119.616677209432808, 33.987887115008853 ], [ -119.616270209432429, 33.987942115008906 ], [ -119.615995209432171, 33.987832115008807 ], [ -119.615654209431852, 33.987503115008494 ], [ -119.615412209431625, 33.987668115008645 ], [ -119.615071209431292, 33.987750115008737 ], [ -119.613917209430227, 33.987576115008565 ], [ -119.613773209430079, 33.987457115008439 ], [ -119.613652209429958, 33.987448115008441 ], [ -119.613509209429822, 33.98735611500836 ], [ -119.613366209429699, 33.987118115008137 ], [ -119.613278209429595, 33.987136115008163 ], [ -119.613135209429473, 33.98731011500832 ], [ -119.613135209429473, 33.987558115008554 ], [ -119.612959209429334, 33.987686115008664 ], [ -119.612486209428894, 33.987668115008653 ], [ -119.612190209428604, 33.987695115008663 ], [ -119.61150720942797, 33.988034115008986 ], [ -119.611211209427694, 33.988117115009089 ], [ -119.610848209427346, 33.988126115009081 ], [ -119.609506209426087, 33.988538115009462 ], [ -119.609264209425845, 33.988730115009631 ], [ -119.608604209425224, 33.988840115009729 ], [ -119.606294209423055, 33.988932115009831 ], [ -119.605194209422038, 33.988868115009772 ], [ -119.604611209421492, 33.988694115009615 ], [ -119.604039209420961, 33.988648115009561 ], [ -119.603709209420643, 33.988795115009701 ], [ -119.602400209419415, 33.988932115009824 ], [ -119.60183920941887, 33.988749115009654 ], [ -119.601311209418384, 33.988694115009608 ], [ -119.600332209417473, 33.988694115009608 ], [ -119.599837209417018, 33.988767115009679 ], [ -119.599419209416638, 33.988959115009855 ], [ -119.598957209416156, 33.988996115009876 ], [ -119.59852820941579, 33.989079115009972 ], [ -119.597989209415275, 33.989042115009923 ], [ -119.59762620941494, 33.98889511500979 ], [ -119.597252209414577, 33.988840115009729 ], [ -119.596735209414106, 33.988868115009772 ], [ -119.596471209413863, 33.988959115009848 ], [ -119.59615220941356, 33.989271115010141 ], [ -119.595932209413348, 33.989399115010265 ], [ -119.59545920941288, 33.989363115010235 ], [ -119.594557209412045, 33.989207115010082 ], [ -119.594172209411681, 33.989207115010089 ], [ -119.593809209411347, 33.989289115010166 ], [ -119.593578209411149, 33.989234115010106 ], [ -119.593622209411194, 33.989207115010089 ], [ -119.59274220941036, 33.989207115010089 ], [ -119.592247209409905, 33.989097115009976 ], [ -119.592170209409829, 33.989143115010023 ], [ -119.591730209409391, 33.989097115009976 ], [ -119.591103209408814, 33.989106115009989 ], [ -119.591136209408845, 33.989042115009923 ], [ -119.590850209408572, 33.989060115009949 ], [ -119.590762209408481, 33.989143115010023 ], [ -119.590685209408434, 33.989427115010287 ], [ -119.590355209408102, 33.989949115010774 ], [ -119.590003209407797, 33.990215115011019 ], [ -119.58935420940719, 33.990847115011611 ], [ -119.589090209406933, 33.991021115011762 ], [ -119.588837209406705, 33.991103115011846 ], [ -119.588210209406128, 33.991543115012256 ], [ -119.587418209405342, 33.991791115012489 ], [ -119.587462209405388, 33.99183711501253 ], [ -119.587022209404992, 33.992056115012737 ], [ -119.586978209404947, 33.992029115012706 ], [ -119.585647209403703, 33.992469115013122 ], [ -119.584635209402762, 33.992991115013602 ], [ -119.584041209402187, 33.993055115013654 ], [ -119.583007209401202, 33.993028115013637 ], [ -119.582600209400837, 33.993119115013727 ], [ -119.582028209400306, 33.99344911501403 ], [ -119.581951209400231, 33.993550115014123 ], [ -119.5819182094002, 33.993797115014353 ], [ -119.581632209399942, 33.993971115014517 ], [ -119.580829209399184, 33.994145115014668 ], [ -119.580368209398728, 33.994154115014688 ], [ -119.579817209398215, 33.994035115014576 ], [ -119.579817209398215, 33.993889115014433 ], [ -119.579653209398074, 33.993889115014426 ], [ -119.579212209397653, 33.994118115014651 ], [ -119.578542209397042, 33.994356115014867 ], [ -119.578542209397042, 33.99455811501506 ], [ -119.577838209396361, 33.995236115015686 ], [ -119.576958209395556, 33.995822115016239 ], [ -119.576397209395012, 33.996069115016468 ], [ -119.575561209394237, 33.996243115016632 ], [ -119.574868209393571, 33.996335115016713 ], [ -119.574197209392963, 33.996335115016706 ], [ -119.574197209392963, 33.996225115016614 ], [ -119.57340520939222, 33.99623411501662 ], [ -119.571887209390795, 33.996069115016461 ], [ -119.570116209389141, 33.99624311501664 ], [ -119.56846620938758, 33.996243115016632 ], [ -119.566739209385958, 33.996161115016555 ], [ -119.565914209385198, 33.996033115016445 ], [ -119.564792209384123, 33.995694115016114 ], [ -119.564154209383531, 33.995428115015876 ], [ -119.563648209383061, 33.995391115015842 ], [ -119.562647209382121, 33.995611115016047 ], [ -119.561987209381499, 33.995804115016227 ], [ -119.5601722093798, 33.995822115016232 ], [ -119.559655209379329, 33.995923115016325 ], [ -119.559413209379088, 33.996161115016555 ], [ -119.559160209378874, 33.996692115017055 ], [ -119.558764209378481, 33.996995115017334 ], [ -119.554991209374961, 33.997810115018083 ], [ -119.554958209374931, 33.997773115018056 ], [ -119.554749209374705, 33.998012115018284 ], [ -119.554309209374324, 33.998735115018953 ], [ -119.553957209373976, 33.99949611501966 ], [ -119.553671209373732, 33.999981115020105 ], [ -119.553517209373581, 34.000146115020264 ], [ -119.553583209373642, 34.000183115020299 ], [ -119.553121209373188, 34.000705115020779 ], [ -119.55279120937287, 34.001300115021337 ], [ -119.549623209369912, 34.003902115023763 ], [ -119.549194209369489, 34.004195115024032 ], [ -119.548501209368837, 34.004883115024661 ], [ -119.547643209368061, 34.005313115025075 ], [ -119.547225209367653, 34.005615115025357 ], [ -119.547050209367498, 34.006018115025732 ], [ -119.546973209367422, 34.006467115026147 ], [ -119.547159209367607, 34.006825115026473 ], [ -119.547611209368014, 34.007273115026898 ], [ -119.547600209367999, 34.008125115027681 ], [ -119.547709209368122, 34.008538115028081 ], [ -119.547677209368075, 34.008556115028092 ], [ -119.54816120936853, 34.009399115028877 ], [ -119.548150209368515, 34.009774115029217 ], [ -119.547974209368348, 34.009875115029317 ], [ -119.547820209368226, 34.010315115029734 ], [ -119.547413209367846, 34.010919115030291 ], [ -119.546511209366997, 34.011964115031269 ], [ -119.545983209366483, 34.012678115031925 ], [ -119.545466209365998, 34.013209115032424 ], [ -119.544443209365028, 34.013979115033145 ], [ -119.544190209364814, 34.014363115033504 ], [ -119.543453209364117, 34.014840115033941 ], [ -119.543211209363903, 34.014904115033993 ], [ -119.542562209363297, 34.014931115034024 ], [ -119.54238620936313, 34.015051115034133 ], [ -119.542342209363113, 34.01521511503428 ], [ -119.54247420936322, 34.015435115034492 ], [ -119.543178209363873, 34.015930115034955 ], [ -119.543321209364009, 34.016104115035112 ], [ -119.543486209364147, 34.016488115035472 ], [ -119.543629209364298, 34.016498115035482 ], [ -119.544014209364661, 34.017469115036391 ], [ -119.543970209364616, 34.018220115037089 ], [ -119.543816209364465, 34.018229115037087 ], [ -119.543871209364497, 34.018302115037166 ], [ -119.543838209364466, 34.018898115037707 ], [ -119.543651209364313, 34.019539115038313 ], [ -119.543156209363829, 34.020253115038969 ], [ -119.542122209362844, 34.021471115040107 ], [ -119.541836209362586, 34.021718115040343 ], [ -119.541561209362342, 34.022085115040682 ], [ -119.541066209361887, 34.022442115041017 ], [ -119.540549209361387, 34.022973115041502 ], [ -119.540274209361144, 34.02316611504169 ], [ -119.540208209361083, 34.02316611504169 ], [ -119.540329209361175, 34.02320211504172 ], [ -119.539900209360809, 34.023587115042076 ], [ -119.539900209360809, 34.023660115042148 ], [ -119.538756209359718, 34.024274115042722 ], [ -119.538690209359658, 34.024219115042676 ], [ -119.538360209359354, 34.024384115042828 ], [ -119.537689209358703, 34.024530115042957 ], [ -119.536468209357565, 34.02463111504305 ], [ -119.536017209357126, 34.024622115043044 ], [ -119.535687209356851, 34.024512115042938 ], [ -119.535027209356244, 34.024604115043026 ], [ -119.534081209355307, 34.024604115043026 ], [ -119.533641209354911, 34.024704115043129 ], [ -119.532970209354275, 34.025016115043414 ], [ -119.53261820935397, 34.02510711504349 ], [ -119.532464209353819, 34.025226115043608 ], [ -119.532277209353637, 34.025125115043508 ], [ -119.5321122093535, 34.025125115043508 ], [ -119.531991209353379, 34.025245115043624 ], [ -119.531969209353363, 34.025336115043707 ], [ -119.531738209353136, 34.02520811504359 ], [ -119.531584209352985, 34.025190115043578 ], [ -119.531386209352817, 34.025318115043689 ], [ -119.531331209352771, 34.025409115043779 ], [ -119.531353209352787, 34.025538115043894 ], [ -119.531518209352924, 34.025675115044024 ], [ -119.531584209352985, 34.025638115043989 ], [ -119.531639209353045, 34.025712115044051 ], [ -119.531936209353333, 34.025538115043894 ], [ -119.531947209353334, 34.025611115043972 ], [ -119.531386209352817, 34.025977115044306 ], [ -119.530770209352241, 34.02606011504438 ], [ -119.530550209352029, 34.026234115044545 ], [ -119.530374209351862, 34.026234115044538 ], [ -119.530275209351785, 34.026408115044703 ], [ -119.530132209351649, 34.026481115044767 ], [ -119.529505209351029, 34.026527115044821 ], [ -119.529384209350923, 34.026710115044985 ], [ -119.528977209350543, 34.026728115045003 ], [ -119.528746209350317, 34.026866115045131 ], [ -119.528053209349665, 34.026856115045128 ], [ -119.52767920934933, 34.026985115045242 ], [ -119.527184209348874, 34.027314115045549 ], [ -119.527019209348722, 34.027525115045748 ], [ -119.527096209348798, 34.027672115045874 ], [ -119.527338209349026, 34.027845115046041 ], [ -119.527404209349086, 34.027946115046134 ], [ -119.527426209349088, 34.028377115046538 ], [ -119.527338209349026, 34.028560115046709 ], [ -119.526623209348358, 34.028935115047055 ], [ -119.526315209348056, 34.028853115046978 ], [ -119.525952209347722, 34.028862115046991 ], [ -119.52579820934757, 34.028935115047055 ], [ -119.525699209347451, 34.02906411504717 ], [ -119.525699209347451, 34.029402115047496 ], [ -119.525468209347252, 34.030190115048228 ], [ -119.525270209347084, 34.030364115048386 ], [ -119.524643209346479, 34.030721115048721 ], [ -119.524258209346101, 34.031023115049003 ], [ -119.524104209345978, 34.031060115049037 ], [ -119.523906209345782, 34.031023115049003 ], [ -119.523664209345569, 34.030868115048854 ], [ -119.523356209345295, 34.030511115048526 ], [ -119.523180209345099, 34.030447115048467 ], [ -119.523026209344977, 34.030474115048492 ], [ -119.52285020934481, 34.030685115048691 ], [ -119.522806209344765, 34.030849115048838 ], [ -119.523081209345008, 34.031454115049407 ], [ -119.523081209345008, 34.03164611504959 ], [ -119.522982209344931, 34.03183011504975 ], [ -119.522751209344733, 34.031875115049786 ], [ -119.522608209344568, 34.03183011504975 ], [ -119.522421209344415, 34.031830115049758 ], [ -119.522278209344279, 34.031894115049809 ], [ -119.521827209343854, 34.03235111505024 ], [ -119.521310209343355, 34.032626115050491 ], [ -119.521244209343266, 34.032708115050575 ], [ -119.521277209343324, 34.03283711505069 ], [ -119.521354209343372, 34.032910115050768 ], [ -119.521442209343476, 34.032846115050695 ], [ -119.521552209343568, 34.03287311505072 ], [ -119.521574209343612, 34.033057115050894 ], [ -119.521024209343096, 34.033762115051545 ], [ -119.520804209342884, 34.033945115051715 ], [ -119.520672209342735, 34.033981115051759 ], [ -119.520584209342672, 34.034100115051871 ], [ -119.520441209342536, 34.034073115051854 ], [ -119.52024320934234, 34.034146115051911 ], [ -119.520155209342278, 34.034302115052057 ], [ -119.520210209342309, 34.034366115052116 ], [ -119.520529209342627, 34.034384115052141 ], [ -119.520870209342945, 34.034641115052374 ], [ -119.521530209343567, 34.034824115052537 ], [ -119.522608209344568, 34.034971115052663 ], [ -119.522696209344659, 34.035044115052742 ], [ -119.522839209344795, 34.035337115053018 ], [ -119.52288320934484, 34.035328115053012 ], [ -119.522872209344825, 34.035392115053071 ], [ -119.523059209345007, 34.035447115053117 ], [ -119.523730209345615, 34.035520115053181 ], [ -119.524280209346145, 34.035785115053429 ], [ -119.524478209346313, 34.035996115053628 ], [ -119.524610209346449, 34.036289115053904 ], [ -119.524599209346434, 34.036564115054155 ], [ -119.524390209346251, 34.036784115054367 ], [ -119.524346209346206, 34.036894115054466 ], [ -119.524401209346237, 34.036948115054514 ], [ -119.524643209346479, 34.03701211505458 ], [ -119.524885209346706, 34.036985115054549 ], [ -119.524852209346676, 34.037168115054719 ], [ -119.525226209347039, 34.037626115055147 ], [ -119.526502209348237, 34.038322115055799 ], [ -119.526634209348344, 34.038551115056002 ], [ -119.526689209348419, 34.039449115056847 ], [ -119.52675520934848, 34.039613115056994 ], [ -119.527140209348829, 34.039879115057246 ], [ -119.527338209349026, 34.039897115057258 ], [ -119.52770120934936, 34.039769115057148 ], [ -119.527866209349511, 34.039971115057327 ], [ -119.528460209350044, 34.040190115057534 ], [ -119.528900209350468, 34.040208115057553 ], [ -119.529076209350634, 34.0402541150576 ], [ -119.529208209350742, 34.040447115057773 ], [ -119.529274209350802, 34.041179115058448 ], [ -119.529439209350969, 34.041335115058601 ], [ -119.529736209351256, 34.04143511505869 ], [ -119.530220209351697, 34.041454115058713 ], [ -119.530550209352, 34.041536115058783 ], [ -119.53068220935215, 34.041802115059035 ], [ -119.530891209352333, 34.041902115059123 ], [ -119.531188209352621, 34.041930115059152 ], [ -119.532079209353469, 34.041884115059119 ], [ -119.532288209353638, 34.042003115059231 ], [ -119.532794209354108, 34.042379115059575 ], [ -119.533278209354577, 34.042553115059732 ], [ -119.533586209354851, 34.042553115059725 ], [ -119.533652209354926, 34.042452115059639 ], [ -119.534081209355307, 34.042379115059575 ], [ -119.534169209355397, 34.042278115059482 ], [ -119.534763209355944, 34.042333115059527 ], [ -119.534972209356155, 34.042433115059623 ], [ -119.535093209356276, 34.042553115059732 ], [ -119.535478209356654, 34.042718115059877 ], [ -119.536072209357201, 34.042873115060033 ], [ -119.536204209357336, 34.043029115060172 ], [ -119.53644620935755, 34.043175115060315 ], [ -119.537612209358628, 34.043367115060491 ], [ -119.537744209358749, 34.043441115060553 ], [ -119.53795320935896, 34.043688115060789 ], [ -119.538602209359567, 34.043844115060935 ], [ -119.539251209360174, 34.044182115061261 ], [ -119.539592209360478, 34.044182115061254 ], [ -119.539955209360841, 34.04429211506136 ], [ -119.540318209361189, 34.044521115061571 ], [ -119.540461209361325, 34.044558115061605 ], [ -119.540846209361675, 34.044521115061563 ], [ -119.541462209362251, 34.044182115061254 ], [ -119.541946209362692, 34.044063115061135 ], [ -119.543354209364011, 34.04414611506121 ], [ -119.543926209364557, 34.044063115061142 ], [ -119.543948209364572, 34.043972115061059 ], [ -119.544784209365361, 34.043926115061005 ], [ -119.54564220936615, 34.043954115061041 ], [ -119.54619220936668, 34.04405411506113 ], [ -119.546280209366742, 34.044219115061289 ], [ -119.54622520936671, 34.044787115061816 ], [ -119.546873209367305, 34.045208115062209 ], [ -119.546984209367423, 34.045089115062098 ], [ -119.54711620936753, 34.045025115062039 ], [ -119.547248209367666, 34.045190115062191 ], [ -119.547336209367742, 34.046069115062998 ], [ -119.547897209368259, 34.04614211506307 ], [ -119.548183209368545, 34.046096115063037 ], [ -119.548644209368987, 34.045913115062859 ], [ -119.548644209368987, 34.046069115063005 ], [ -119.548534209368867, 34.046224115063154 ], [ -119.548534209368867, 34.04632511506324 ], [ -119.548810209369137, 34.046481115063386 ], [ -119.549513209369806, 34.046517115063423 ], [ -119.549986209370232, 34.046609115063511 ], [ -119.550382209370596, 34.046481115063393 ], [ -119.551009209371173, 34.046517115063423 ], [ -119.551273209371445, 34.046710115063604 ], [ -119.551559209371689, 34.047662115064483 ], [ -119.55171320937184, 34.047763115064583 ], [ -119.552109209372205, 34.047836115064655 ], [ -119.552373209372462, 34.047763115064583 ], [ -119.552857209372931, 34.048138115064937 ], [ -119.55421020937419, 34.048284115065066 ], [ -119.555101209375039, 34.048486115065252 ], [ -119.55567320937557, 34.048715115065463 ], [ -119.556036209375904, 34.048962115065706 ], [ -119.556289209376118, 34.049328115066039 ], [ -119.556388209376237, 34.050674115067288 ], [ -119.556344209376178, 34.050693115067304 ], [ -119.556421209376254, 34.051379115067945 ], [ -119.556663209376481, 34.051691115068238 ], [ -119.557081209376889, 34.051910115068438 ], [ -119.557455209377238, 34.05221211506872 ], [ -119.557565209377344, 34.05280811506929 ], [ -119.55767520937745, 34.052936115069393 ], [ -119.558159209377891, 34.052908115069378 ], [ -119.558368209378074, 34.052963115069431 ], [ -119.558665209378361, 34.053320115069759 ], [ -119.559127209378786, 34.05365011507007 ], [ -119.559765209379407, 34.053650115070063 ], [ -119.560183209379787, 34.053723115070134 ], [ -119.560689209380257, 34.054025115070409 ], [ -119.561294209380847, 34.054135115070515 ], [ -119.561481209381029, 34.05426311507064 ], [ -119.561569209381091, 34.054520115070879 ], [ -119.561624209381165, 34.055142115071455 ], [ -119.561767209381287, 34.055453115071749 ], [ -119.561877209381365, 34.055527115071818 ], [ -119.562350209381819, 34.055518115071791 ], [ -119.562735209382197, 34.055801115072065 ], [ -119.562922209382378, 34.055829115072093 ], [ -119.56294420938238, 34.055948115072205 ], [ -119.563241209382639, 34.055884115072139 ], [ -119.56336220938276, 34.055701115071976 ], [ -119.563549209382941, 34.055600115071876 ], [ -119.564473209383792, 34.05546311507176 ], [ -119.564737209384049, 34.055298115071601 ], [ -119.564891209384172, 34.05496811507129 ], [ -119.564858209384155, 34.05493211507126 ], [ -119.564902209384201, 34.054565115070915 ], [ -119.565309209384608, 34.054410115070773 ], [ -119.566057209385306, 34.053686115070093 ], [ -119.566178209385399, 34.053732115070147 ], [ -119.566475209385715, 34.053421115069852 ], [ -119.566475209385715, 34.053064115069517 ], [ -119.566343209385565, 34.052954115069419 ], [ -119.566464209385686, 34.052231115068743 ], [ -119.566640209385852, 34.052102115068614 ], [ -119.567047209386246, 34.052102115068621 ], [ -119.567476209386612, 34.052295115068809 ], [ -119.567817209386945, 34.052341115068842 ], [ -119.56869720938775, 34.052286115068796 ], [ -119.569236209388279, 34.052185115068696 ], [ -119.570490209389448, 34.052194115068708 ], [ -119.570897209389841, 34.052286115068789 ], [ -119.571073209389994, 34.052478115068965 ], [ -119.571282209390191, 34.052606115069082 ], [ -119.571535209390419, 34.052624115069115 ], [ -119.571777209390646, 34.052569115069062 ], [ -119.572085209390949, 34.052423115068919 ], [ -119.572162209391024, 34.052304115068814 ], [ -119.572404209391237, 34.052139115068655 ], [ -119.572437209391268, 34.05150711506807 ], [ -119.572668209391523, 34.051132115067723 ], [ -119.572943209391767, 34.05102211506761 ], [ -119.572965209391782, 34.050647115067271 ], [ -119.573042209391858, 34.050445115067077 ], [ -119.573229209392039, 34.05031711506696 ], [ -119.573647209392419, 34.050207115066861 ], [ -119.574197209392935, 34.05018011506683 ], [ -119.574505209393237, 34.050116115066778 ], [ -119.575121209393785, 34.050116115066778 ], [ -119.575286209393937, 34.05021611506686 ], [ -119.575616209394269, 34.050271115066927 ], [ -119.575847209394468, 34.050372115067006 ], [ -119.576650209395197, 34.050445115067085 ], [ -119.577035209395603, 34.050574115067199 ], [ -119.578267209396742, 34.050656115067277 ], [ -119.57852020939697, 34.050830115067441 ], [ -119.579026209397455, 34.050921115067517 ], [ -119.579817209398186, 34.050949115067553 ], [ -119.579817209398186, 34.050912115067511 ], [ -119.580334209398671, 34.050912115067511 ], [ -119.580323209398657, 34.05098611506758 ], [ -119.580697209399048, 34.051040115067629 ], [ -119.580972209399292, 34.051224115067811 ], [ -119.581038209399352, 34.051196115067789 ], [ -119.581280209399566, 34.051443115068011 ], [ -119.581236209399549, 34.051507115068063 ], [ -119.581544209399823, 34.051764115068302 ], [ -119.582039209400307, 34.051910115068438 ], [ -119.582468209400673, 34.052148115068668 ], [ -119.583139209401324, 34.052945115069413 ], [ -119.583524209401673, 34.053265115069713 ], [ -119.584019209402129, 34.05350311506993 ], [ -119.584525209402599, 34.053540115069964 ], [ -119.584899209402963, 34.05341211506984 ], [ -119.585042209403113, 34.053293115069735 ], [ -119.585262209403325, 34.052908115069371 ], [ -119.585317209403371, 34.052624115069115 ], [ -119.585394209403447, 34.052524115069012 ], [ -119.586032209404024, 34.052258115068767 ], [ -119.5861092094041, 34.052066115068584 ], [ -119.586692209404632, 34.051837115068388 ], [ -119.586813209404752, 34.051452115068017 ], [ -119.587330209405252, 34.051636115068177 ], [ -119.587594209405495, 34.051636115068192 ], [ -119.58796820940583, 34.051562115068116 ], [ -119.588122209405981, 34.051636115068185 ], [ -119.588463209406314, 34.051636115068185 ], [ -119.58860620940645, 34.051535115068091 ], [ -119.58866120940651, 34.051343115067915 ], [ -119.588474209406328, 34.051031115067623 ], [ -119.588254209406102, 34.050903115067513 ], [ -119.587924209405784, 34.050830115067441 ], [ -119.587627209405525, 34.050555115067176 ], [ -119.58761620940551, 34.050171115066824 ], [ -119.587440209405344, 34.049951115066627 ], [ -119.587330209405252, 34.049649115066345 ], [ -119.587352209405253, 34.049484115066186 ], [ -119.58749520940539, 34.049347115066055 ], [ -119.5879462094058, 34.049255115065982 ], [ -119.589222209407026, 34.049136115065863 ], [ -119.589673209407437, 34.049182115065911 ], [ -119.59060820940833, 34.049383115066092 ], [ -119.591983209409591, 34.049402115066108 ], [ -119.592291209409893, 34.04953011506624 ], [ -119.592632209410226, 34.049594115066292 ], [ -119.592852209410438, 34.049575115066276 ], [ -119.5929402094105, 34.04952111506622 ], [ -119.592863209410424, 34.04933811506605 ], [ -119.592478209410103, 34.049090115065823 ], [ -119.591752209409393, 34.048797115065547 ], [ -119.591246209408922, 34.048706115065464 ], [ -119.590652209408375, 34.048523115065294 ], [ -119.590311209408057, 34.04836711506514 ], [ -119.589937209407694, 34.048111115064913 ], [ -119.589904209407663, 34.047589115064426 ], [ -119.590124209407875, 34.047177115064038 ], [ -119.590256209407983, 34.047030115063912 ], [ -119.590586209408301, 34.046948115063827 ], [ -119.59141120940906, 34.046948115063827 ], [ -119.592060209409695, 34.047204115064069 ], [ -119.592291209409893, 34.047351115064195 ], [ -119.592544209410164, 34.047396115064245 ], [ -119.592786209410349, 34.047369115064221 ], [ -119.592896209410483, 34.047863115064672 ], [ -119.593094209410651, 34.048101115064902 ], [ -119.593281209410833, 34.048065115064865 ], [ -119.593424209410969, 34.047882115064695 ], [ -119.593556209411091, 34.047827115064642 ], [ -119.593677209411211, 34.047900115064721 ], [ -119.593710209411242, 34.048074115064878 ], [ -119.594062209411561, 34.048358115065149 ], [ -119.594304209411803, 34.048385115065166 ], [ -119.594546209412016, 34.048284115065073 ], [ -119.594579209412046, 34.048486115065252 ], [ -119.594843209412304, 34.048642115065412 ], [ -119.595140209412563, 34.048687115065448 ], [ -119.595503209412911, 34.048642115065398 ], [ -119.595723209413109, 34.048541115065312 ], [ -119.595822209413228, 34.048431115065206 ], [ -119.595800209413213, 34.048303115065082 ], [ -119.595074209412502, 34.048303115065082 ], [ -119.594832209412289, 34.048193115064976 ], [ -119.594568209412031, 34.048220115065014 ], [ -119.594612209412077, 34.048019115064832 ], [ -119.594909209412364, 34.047735115064562 ], [ -119.595261209412655, 34.047497115064346 ], [ -119.595558209412971, 34.047406115064263 ], [ -119.595712209413122, 34.047305115064162 ], [ -119.595723209413137, 34.047112115063982 ], [ -119.595580209412987, 34.046966115063846 ], [ -119.595558209412971, 34.046508115063418 ], [ -119.595272209412684, 34.045977115062925 ], [ -119.595228209412639, 34.045446115062418 ], [ -119.595338209412731, 34.045144115062151 ], [ -119.59543720941285, 34.045034115062045 ], [ -119.595822209413228, 34.044842115061869 ], [ -119.595844209413229, 34.044759115061787 ], [ -119.59696620941429, 34.044448115061499 ], [ -119.597890209415169, 34.044311115061369 ], [ -119.598572209415806, 34.044311115061376 ], [ -119.599474209416641, 34.044476115061528 ], [ -119.599815209416974, 34.044366115061422 ], [ -119.600299209417415, 34.044036115061118 ], [ -119.600442209417551, 34.044027115061105 ], [ -119.600640209417747, 34.044091115061171 ], [ -119.600596209417702, 34.043633115060736 ], [ -119.601025209418097, 34.043175115060322 ], [ -119.601322209418356, 34.042653115059828 ], [ -119.601685209418719, 34.04220511505941 ], [ -119.601960209418976, 34.041985115059205 ], [ -119.602411209419387, 34.041783115059026 ], [ -119.602642209419614, 34.041619115058865 ], [ -119.603016209419962, 34.041152115058431 ], [ -119.603126209420068, 34.041216115058489 ], [ -119.603412209420355, 34.040959115058257 ], [ -119.604061209420962, 34.040996115058284 ], [ -119.60420420942107, 34.040950115058237 ], [ -119.604248209421129, 34.040447115057773 ], [ -119.604688209421539, 34.040227115057576 ], [ -119.605095209421904, 34.040190115057541 ], [ -119.605711209422481, 34.04048311505781 ], [ -119.606085209422844, 34.040538115057863 ], [ -119.606305209423041, 34.040520115057845 ], [ -119.606349209423101, 34.040465115057799 ], [ -119.606338209423072, 34.040373115057704 ], [ -119.606492209423223, 34.04038211505771 ], [ -119.606943209423662, 34.040685115058004 ], [ -119.606877209423601, 34.040996115058292 ], [ -119.606910209423631, 34.041088115058379 ], [ -119.607042209423753, 34.041179115058455 ], [ -119.607460209424133, 34.04114211505842 ], [ -119.607757209424406, 34.041033115058326 ], [ -119.607856209424526, 34.040886115058179 ], [ -119.607856209424526, 34.040428115057757 ], [ -119.60774620942442, 34.040089115057448 ], [ -119.607515209424193, 34.039751115057129 ], [ -119.607338209424029, 34.03964111505703 ], [ -119.606800209423525, 34.039513115056906 ], [ -119.606481209423237, 34.039375115056778 ], [ -119.606019209422783, 34.039348115056754 ], [ -119.605975209422738, 34.039274115056678 ], [ -119.606459209423221, 34.03896311505639 ], [ -119.606734209423465, 34.038597115056042 ], [ -119.606888209423602, 34.037992115055488 ], [ -119.606965209423677, 34.037882115055389 ], [ -119.607460209424133, 34.03759911505513 ], [ -119.608372209424985, 34.03741611505496 ], [ -119.608901209425497, 34.037480115055011 ], [ -119.60912120942568, 34.037297115054848 ], [ -119.609076209425638, 34.037168115054726 ], [ -119.608846209425437, 34.036921115054497 ], [ -119.608802209425392, 34.036747115054332 ], [ -119.608901209425497, 34.036555115054156 ], [ -119.609253209425802, 34.03626211505388 ], [ -119.609264209425817, 34.03610611505372 ], [ -119.60912120942568, 34.035978115053616 ], [ -119.608978209425544, 34.035941115053575 ], [ -119.608813209425406, 34.035749115053399 ], [ -119.608714209425301, 34.035511115053183 ], [ -119.608450209425072, 34.035392115053064 ], [ -119.607922209424586, 34.034906115052614 ], [ -119.60781220942448, 34.034705115052432 ], [ -119.607141209423858, 34.034293115052051 ], [ -119.606624209423373, 34.033798115051596 ], [ -119.606547209423297, 34.033679115051484 ], [ -119.606327209423085, 34.033560115051372 ], [ -119.60630520942307, 34.033487115051294 ], [ -119.606129209422917, 34.033377115051195 ], [ -119.606008209422782, 34.033414115051237 ], [ -119.605744209422511, 34.033322115051142 ], [ -119.605557209422329, 34.033121115050953 ], [ -119.605458209422238, 34.033176115051006 ], [ -119.605348209422161, 34.033157115050997 ], [ -119.60526020942207, 34.033020115050867 ], [ -119.604907209421739, 34.032864115050714 ], [ -119.604666209421524, 34.032608115050486 ], [ -119.604314209421176, 34.032370115050256 ], [ -119.604028209420918, 34.032068115049981 ], [ -119.603995209420887, 34.031903115049829 ], [ -119.603951209420842, 34.031875115049793 ], [ -119.603951209420842, 34.031142115049121 ], [ -119.604072209420963, 34.030968115048957 ], [ -119.604248209421129, 34.030813115048815 ], [ -119.604732209421584, 34.029769115047841 ], [ -119.605337209422146, 34.028706115046852 ], [ -119.605788209422585, 34.028139115046315 ], [ -119.60592020942272, 34.028093115046275 ], [ -119.605755209422554, 34.028065115046246 ], [ -119.60586520942266, 34.027946115046134 ], [ -119.605975209422766, 34.027626115045848 ], [ -119.606910209423631, 34.026307115044609 ], [ -119.608098209424739, 34.025016115043414 ], [ -119.608758209425346, 34.024173115042636 ], [ -119.609330209425906, 34.023569115042072 ], [ -119.610705209427195, 34.022387115040964 ], [ -119.611211209427665, 34.022048115040654 ], [ -119.612299209428684, 34.021141115039811 ], [ -119.613113209429457, 34.020647115039345 ], [ -119.61429020943055, 34.019557115038332 ], [ -119.614752209430975, 34.019200115037997 ], [ -119.615236209431444, 34.018650115037488 ], [ -119.616853209432975, 34.017432115036357 ], [ -119.61687520943299, 34.017359115036292 ], [ -119.617744209433795, 34.016983115035949 ], [ -119.618459209434462, 34.016626115035606 ], [ -119.619240209435191, 34.016452115035442 ], [ -119.620593209436464, 34.015976115035002 ], [ -119.621110209436964, 34.015976115034995 ], [ -119.621341209437162, 34.016049115035074 ], [ -119.621407209437237, 34.016140115035149 ], [ -119.621704209437496, 34.016287115035297 ], [ -119.621737209437526, 34.016415115035407 ], [ -119.622485209438224, 34.016745115035711 ], [ -119.622815209438556, 34.016827115035795 ], [ -119.62322220943895, 34.016855115035817 ], [ -119.62322220943895, 34.016763115035729 ], [ -119.623585209439284, 34.016745115035718 ], [ -119.623849209439541, 34.016562115035541 ], [ -119.624377209440027, 34.016406115035394 ], [ -119.624465209440118, 34.01628711503529 ], [ -119.624707209440345, 34.01620511503522 ], [ -119.625158209440755, 34.015966115034992 ], [ -119.625895209441452, 34.015472115034527 ], [ -119.626819209442331, 34.014977115034064 ], [ -119.627292209442743, 34.014794115033901 ], [ -119.628293209443711, 34.014675115033796 ], [ -119.629140209444486, 34.014428115033567 ], [ -119.629613209444926, 34.01419911503335 ], [ -119.629613209444926, 34.014354115033484 ], [ -119.629723209445032, 34.014354115033498 ], [ -119.629778209445078, 34.014244115033385 ], [ -119.630295209445592, 34.013979115033145 ], [ -119.630339209445609, 34.013796115032974 ], [ -119.631318209446533, 34.013447115032648 ], [ -119.631692209446896, 34.013438115032642 ], [ -119.631945209447125, 34.013557115032754 ], [ -119.633452209448535, 34.013438115032642 ], [ -119.634266209449308, 34.013557115032746 ], [ -119.635135209450127, 34.013585115032775 ], [ -119.635608209450567, 34.013521115032724 ], [ -119.636961209451826, 34.01312711503234 ], [ -119.637862209452692, 34.013118115032341 ], [ -119.638336209453115, 34.013246115032459 ], [ -119.638721209453493, 34.013466115032664 ], [ -119.638831209453599, 34.013576115032777 ], [ -119.638886209453631, 34.013796115032967 ], [ -119.638831209453599, 34.013796115032974 ], [ -119.638831209453599, 34.01393311503309 ], [ -119.638567209453342, 34.01394211503311 ], [ -119.638721209453493, 34.014006115033169 ], [ -119.638710209453464, 34.014144115033297 ], [ -119.638765209453538, 34.014318115033461 ], [ -119.639271209454009, 34.014693115033815 ], [ -119.639249209453979, 34.015078115034157 ], [ -119.639139209453873, 34.015316115034395 ], [ -119.639161209453903, 34.01548111503454 ], [ -119.639227209453963, 34.015472115034534 ], [ -119.639271209454009, 34.0155361150346 ], [ -119.639546209454252, 34.015463115034521 ], [ -119.639777209454479, 34.015444115034505 ], [ -119.640371209455026, 34.015609115034664 ], [ -119.640371209455026, 34.015692115034732 ], [ -119.640426209455086, 34.015637115034679 ], [ -119.640514209455162, 34.015673115034716 ], [ -119.640470209455117, 34.015728115034769 ], [ -119.640503209455147, 34.015774115034816 ], [ -119.640591209455238, 34.01571011503475 ], [ -119.640646209455269, 34.01575611503479 ], [ -119.640613209455267, 34.015820115034856 ], [ -119.640690209455343, 34.015792115034834 ], [ -119.640811209455435, 34.015994115035028 ], [ -119.640811209455435, 34.016214115035226 ], [ -119.640877209455525, 34.016333115035323 ], [ -119.64179020945636, 34.016351115035349 ], [ -119.641977209456542, 34.01642411503542 ], [ -119.642020209456589, 34.016369115035367 ], [ -119.64252620945706, 34.01647011503546 ], [ -119.642901209457392, 34.016763115035729 ], [ -119.643297209457771, 34.016800115035764 ], [ -119.643407209457877, 34.016745115035718 ], [ -119.643637209458092, 34.016324115035324 ], [ -119.643758209458213, 34.015893115034928 ], [ -119.644110209458532, 34.016067115035071 ], [ -119.644253209458697, 34.016085115035104 ], [ -119.644429209458863, 34.015921115034942 ], [ -119.644385209458804, 34.015472115034534 ], [ -119.644561209458971, 34.015289115034363 ], [ -119.644715209459122, 34.015243115034323 ], [ -119.644902209459303, 34.015261115034328 ], [ -119.645210209459577, 34.015408115034468 ], [ -119.645221209459592, 34.015591115034645 ], [ -119.64549620945985, 34.015609115034664 ], [ -119.645606209459956, 34.015499115034551 ], [ -119.645628209459986, 34.015307115034375 ], [ -119.645562209459897, 34.015270115034355 ], [ -119.645650209460001, 34.015133115034217 ], [ -119.645771209460094, 34.015087115034184 ], [ -119.646046209460366, 34.015096115034183 ], [ -119.646409209460714, 34.015215115034287 ], [ -119.646651209460927, 34.015243115034323 ], [ -119.646794209461063, 34.015307115034375 ], [ -119.646794209461063, 34.015554115034611 ], [ -119.646706209460959, 34.01556311503461 ], [ -119.646739209460989, 34.015829115034862 ], [ -119.646882209461154, 34.015893115034928 ], [ -119.647015209461273, 34.015866115034903 ], [ -119.647399209461625, 34.015646115034698 ], [ -119.647938209462154, 34.01562811503468 ], [ -119.648114209462307, 34.015334115034399 ], [ -119.648224209462413, 34.015279115034353 ], [ -119.648642209462793, 34.015298115034369 ], [ -119.649159209463292, 34.015170115034252 ], [ -119.649676209463749, 34.015215115034295 ], [ -119.649709209463779, 34.015096115034183 ], [ -119.65046820946452, 34.015215115034302 ], [ -119.650952209464961, 34.015371115034434 ], [ -119.651392209465371, 34.015600115034658 ], [ -119.65142520946543, 34.015774115034816 ], [ -119.651502209465477, 34.015820115034856 ], [ -119.651513209465492, 34.015902115034933 ], [ -119.651612209465583, 34.015994115035021 ], [ -119.651634209465612, 34.01610411503512 ], [ -119.651700209465673, 34.016159115035165 ], [ -119.651601209465582, 34.016168115035185 ], [ -119.651634209465612, 34.017359115036292 ], [ -119.651403209465386, 34.017432115036357 ], [ -119.651260209465264, 34.017569115036487 ], [ -119.651194209465174, 34.018009115036897 ], [ -119.651282209465293, 34.018101115036984 ], [ -119.651436209465416, 34.018137115037014 ], [ -119.652019209465962, 34.018101115036984 ], [ -119.652030209465991, 34.01824711503712 ], [ -119.652228209466159, 34.01843011503729 ], [ -119.652646209466539, 34.018705115037548 ], [ -119.652932209466826, 34.018797115037621 ], [ -119.6532402094671, 34.018971115037786 ], [ -119.653328209467176, 34.019154115037963 ], [ -119.653405209467252, 34.019548115038333 ], [ -119.653724209467569, 34.019832115038596 ], [ -119.653856209467691, 34.019878115038637 ], [ -119.654560209468329, 34.019905115038661 ], [ -119.654758209468554, 34.019823115038577 ], [ -119.655110209468873, 34.019777115038544 ], [ -119.655264209469024, 34.01966711503843 ], [ -119.6553522094691, 34.019529115038296 ], [ -119.655396209469146, 34.019328115038128 ], [ -119.655539209469282, 34.019218115038029 ], [ -119.656474209470147, 34.018861115037687 ], [ -119.656628209470298, 34.01872311503756 ], [ -119.656870209470512, 34.018623115037471 ], [ -119.657057209470693, 34.018614115037458 ], [ -119.657970209471557, 34.019099115037911 ], [ -119.658168209471739, 34.019154115037956 ], [ -119.65831120947189, 34.019126115037928 ], [ -119.658740209472285, 34.0188701150377 ], [ -119.659180209472709, 34.018440115037301 ], [ -119.659543209473028, 34.018247115037113 ], [ -119.659499209472969, 34.018183115037068 ], [ -119.659774209473255, 34.017972115036876 ], [ -119.66017020947362, 34.017817115036721 ], [ -119.66020320947365, 34.017890115036785 ], [ -119.660467209473907, 34.017707115036607 ], [ -119.660797209474183, 34.017642115036551 ], [ -119.661435209474831, 34.017432115036357 ], [ -119.661644209475014, 34.017285115036223 ], [ -119.662370209475682, 34.017276115036204 ], [ -119.66272220947603, 34.017120115036072 ], [ -119.662810209476092, 34.017120115036079 ], [ -119.662964209476243, 34.01700111503596 ], [ -119.663316209476562, 34.01686411503583 ], [ -119.66408620947729, 34.016754115035738 ], [ -119.664867209478047, 34.01652511503552 ], [ -119.665417209478534, 34.016553115035535 ], [ -119.665417209478534, 34.016617115035601 ], [ -119.66574720947888, 34.016598115035578 ], [ -119.665791209478897, 34.016479115035466 ], [ -119.666209209479277, 34.016488115035472 ], [ -119.666220209479292, 34.016699115035671 ], [ -119.666264209479337, 34.016635115035612 ], [ -119.666671209479702, 34.016580115035566 ], [ -119.668288209481261, 34.016479115035466 ], [ -119.668893209481823, 34.016543115035539 ], [ -119.66893720948184, 34.016507115035488 ], [ -119.669487209482369, 34.016635115035619 ], [ -119.669828209482674, 34.016800115035764 ], [ -119.670037209482885, 34.017011115035963 ], [ -119.670070209482915, 34.017359115036292 ], [ -119.670279209483112, 34.017588115036503 ], [ -119.670279209483112, 34.017752115036657 ], [ -119.670191209483008, 34.017826115036726 ], [ -119.670169209483007, 34.017981115036861 ], [ -119.670290209483099, 34.01806411503695 ], [ -119.670730209483523, 34.018101115036991 ], [ -119.670785209483583, 34.018210115037085 ], [ -119.670697209483492, 34.01824711503712 ], [ -119.670774209483568, 34.018540115037382 ], [ -119.67091720948369, 34.018595115037442 ], [ -119.671434209484218, 34.018577115037424 ], [ -119.671720209484477, 34.018650115037502 ], [ -119.671940209484688, 34.018778115037613 ], [ -119.672490209485204, 34.019255115038057 ], [ -119.672842209485509, 34.019255115038057 ], [ -119.673171209485815, 34.019475115038261 ], [ -119.673480209486115, 34.019603115038379 ], [ -119.673941209486543, 34.019584115038356 ], [ -119.675393209487936, 34.019374115038168 ], [ -119.676109209488601, 34.019365115038163 ], [ -119.676252209488709, 34.019410115038205 ], [ -119.676538209488982, 34.019630115038396 ], [ -119.677021209489439, 34.019859115038621 ], [ -119.677945209490318, 34.019951115038715 ], [ -119.678627209490955, 34.020097115038837 ], [ -119.680013209492259, 34.020015115038767 ], [ -119.680519209492701, 34.019914115038667 ], [ -119.68164120949379, 34.019896115038655 ], [ -119.682136209494246, 34.019832115038604 ], [ -119.682598209494699, 34.019676115038457 ], [ -119.683544209495551, 34.019640115038413 ], [ -119.685227209497143, 34.019676115038457 ], [ -119.686547209498372, 34.020006115038761 ], [ -119.686569209498415, 34.020473115039188 ], [ -119.686657209498478, 34.020555115039265 ], [ -119.68691020949872, 34.020647115039345 ], [ -119.68699820949881, 34.020931115039609 ], [ -119.687174209498963, 34.021160115039827 ], [ -119.68738320949916, 34.021654115040292 ], [ -119.687757209499523, 34.02205711504066 ], [ -119.687878209499644, 34.022259115040846 ], [ -119.687966209499734, 34.022662115041236 ], [ -119.688109209499871, 34.022919115041468 ], [ -119.688197209499933, 34.023266115041793 ], [ -119.68843920950016, 34.023523115042032 ], [ -119.688593209500311, 34.02383411504232 ], [ -119.688813209500509, 34.024054115042517 ], [ -119.688901209500614, 34.024219115042683 ], [ -119.689033209500721, 34.024842115043256 ], [ -119.689143209500827, 34.025025115043434 ], [ -119.689099209500782, 34.02508011504348 ], [ -119.689231209500917, 34.025281115043654 ], [ -119.68955020950122, 34.025483115043855 ], [ -119.689495209501146, 34.025959115044294 ], [ -119.689539209501191, 34.026142115044465 ], [ -119.689913209501555, 34.02672811504501 ], [ -119.690507209502101, 34.027296115045544 ], [ -119.691112209502663, 34.027791115046007 ], [ -119.69151920950307, 34.027845115046055 ], [ -119.691827209503344, 34.028212115046394 ], [ -119.692069209503572, 34.028340115046511 ], [ -119.692311209503814, 34.028816115046958 ], [ -119.692619209504088, 34.02898111504711 ], [ -119.693004209504466, 34.029329115047439 ], [ -119.693081209504513, 34.029338115047437 ], [ -119.693367209504785, 34.029128115047243 ], [ -119.693444209504861, 34.028945115047073 ], [ -119.693598209505012, 34.028899115047025 ], [ -119.693961209505318, 34.028954115047092 ], [ -119.694819209506164, 34.029283115047392 ], [ -119.695446209506741, 34.02921011504732 ], [ -119.695589209506878, 34.029329115047432 ], [ -119.695886209507165, 34.029842115047913 ], [ -119.696194209507439, 34.029943115048006 ], [ -119.696986209508168, 34.030080115048136 ], [ -119.697129209508304, 34.030199115048234 ], [ -119.697349209508516, 34.030520115048539 ], [ -119.69771220950885, 34.030703115048709 ], [ -119.698042209509197, 34.031161115049137 ], [ -119.698152209509303, 34.031197115049181 ], [ -119.698361209509486, 34.031170115049143 ], [ -119.698493209509607, 34.031326115049289 ], [ -119.698493209509607, 34.031573115049525 ], [ -119.698559209509668, 34.031820115049754 ], [ -119.698823209509911, 34.03213211505004 ], [ -119.699296209510365, 34.03231511505021 ], [ -119.699571209510609, 34.032516115050392 ], [ -119.699846209510852, 34.032534115050424 ], [ -119.70017620951117, 34.032415115050306 ], [ -119.700220209511215, 34.032516115050392 ], [ -119.700418209511412, 34.032635115050518 ], [ -119.700462209511443, 34.032828115050691 ], [ -119.700341209511336, 34.033377115051202 ], [ -119.700440209511427, 34.033533115051341 ], [ -119.700550209511533, 34.033551115051367 ], [ -119.70064920951161, 34.033505115051312 ], [ -119.700869209511822, 34.033166115051003 ], [ -119.701188209512139, 34.032864115050721 ], [ -119.701320209512261, 34.032626115050505 ], [ -119.701463209512411, 34.032525115050412 ], [ -119.701903209512807, 34.032507115050393 ], [ -119.702057209512958, 34.032562115050446 ], [ -119.702299209513171, 34.032571115050459 ], [ -119.702673209513534, 34.032883115050737 ], [ -119.702871209513702, 34.032937115050792 ], [ -119.702992209513837, 34.033093115050939 ], [ -119.703069209513885, 34.033368115051189 ], [ -119.703355209514172, 34.033450115051259 ], [ -119.703575209514355, 34.03364311505144 ], [ -119.703641209514416, 34.033844115051629 ], [ -119.703641209514416, 34.034027115051806 ], [ -119.703476209514264, 34.034714115052445 ], [ -119.703322209514141, 34.035026115052737 ], [ -119.703223209514036, 34.035593115053274 ], [ -119.702992209513837, 34.035960115053605 ], [ -119.70271720951358, 34.036234115053858 ], [ -119.702651209513505, 34.036381115053992 ], [ -119.702618209513474, 34.036857115054438 ], [ -119.702739209513595, 34.037031115054603 ], [ -119.702904209513733, 34.03711311505468 ], [ -119.703465209514277, 34.037242115054795 ], [ -119.703729209514506, 34.037351115054896 ], [ -119.703971209514748, 34.037681115055207 ], [ -119.704246209514992, 34.037828115055348 ], [ -119.704422209515158, 34.037791115055306 ], [ -119.704565209515323, 34.037644115055166 ], [ -119.704532209515293, 34.037589115055127 ], [ -119.704432209515176, 34.037589115055127 ], [ -119.704389209515128, 34.037205115054768 ], [ -119.704652209515388, 34.037150115054708 ], [ -119.704652209515388, 34.037187115054742 ], [ -119.704993209515706, 34.037242115054795 ], [ -119.705070209515782, 34.037324115054879 ], [ -119.705070209515782, 34.038139115055628 ], [ -119.705268209515964, 34.038359115055826 ], [ -119.705522209516204, 34.038478115055945 ], [ -119.705863209516536, 34.03849611505597 ], [ -119.706049209516706, 34.038441115055917 ], [ -119.706247209516874, 34.038285115055771 ], [ -119.706369209517007, 34.038020115055517 ], [ -119.706599209517208, 34.037919115055431 ], [ -119.706676209517283, 34.037974115055484 ], [ -119.706764209517374, 34.038166115055652 ], [ -119.706764209517374, 34.03839511505587 ], [ -119.70664420951725, 34.038551115056016 ], [ -119.706676209517283, 34.038752115056212 ], [ -119.706918209517497, 34.039165115056591 ], [ -119.707061209517633, 34.039522115056926 ], [ -119.707226209517799, 34.03968611505708 ], [ -119.707732209518269, 34.039897115057265 ], [ -119.707909209518434, 34.039906115057278 ], [ -119.708227209518753, 34.040016115057384 ], [ -119.708590209519102, 34.040602115057929 ], [ -119.70878820951927, 34.040712115058035 ], [ -119.709316209519784, 34.040785115058092 ], [ -119.709690209520119, 34.040639115057957 ], [ -119.709922209520343, 34.040630115057951 ], [ -119.710108209520499, 34.040703115058022 ], [ -119.710196209520589, 34.040831115058147 ], [ -119.710394209520786, 34.040849115058158 ], [ -119.71068020952103, 34.040799115058114 ], [ -119.71068020952103, 34.040802115058113 ], [ -119.71080320952116, 34.040890115058197 ], [ -119.710924209521281, 34.041100115058377 ], [ -119.710979209521341, 34.041448115058714 ], [ -119.710968209521326, 34.04178711505903 ], [ -119.710825209521161, 34.042254115059471 ], [ -119.710848209521174, 34.042382115059581 ], [ -119.711045209521401, 34.04262911505981 ], [ -119.711287209521615, 34.042666115059852 ], [ -119.711761209522066, 34.043004115060157 ], [ -119.711925209522235, 34.04325211506039 ], [ -119.712200209522479, 34.043481115060608 ], [ -119.712497209522766, 34.043554115060672 ], [ -119.712849209523085, 34.043563115060678 ], [ -119.713542209523709, 34.043361115060499 ], [ -119.714938209525059, 34.04320611506035 ], [ -119.71554320952562, 34.043014115060174 ], [ -119.715972209526015, 34.042583115059777 ], [ -119.716137209526167, 34.042583115059777 ], [ -119.715983209526016, 34.042455115059646 ], [ -119.716170209526197, 34.042217115059422 ], [ -119.716302209526333, 34.042135115059359 ], [ -119.716489209526486, 34.041833115059077 ], [ -119.716676209526668, 34.041768115059014 ], [ -119.716742209526757, 34.041897115059136 ], [ -119.716731209526728, 34.04206111505929 ], [ -119.716478209526471, 34.042684115059863 ], [ -119.716357209526379, 34.042867115060041 ], [ -119.716192209526227, 34.042876115060039 ], [ -119.716280209526303, 34.042968115060127 ], [ -119.716236209526272, 34.043078115060233 ], [ -119.716038209526076, 34.04324211506038 ], [ -119.715818209525864, 34.043590115060717 ], [ -119.71551020952559, 34.04381911506092 ], [ -119.715378209525454, 34.04400211506109 ], [ -119.715356209525439, 34.044149115061217 ], [ -119.715477209525559, 34.044304115061372 ], [ -119.715862209525923, 34.044323115061395 ], [ -119.716467209526471, 34.04394711506103 ], [ -119.71689620952688, 34.043535115060664 ], [ -119.717270209527257, 34.043316115060449 ], [ -119.717391209527364, 34.043297115060433 ], [ -119.717512209527484, 34.043371115060502 ], [ -119.717655209527607, 34.043728115060844 ], [ -119.717578209527531, 34.044671115061711 ], [ -119.717985209527924, 34.044735115061783 ], [ -119.718051209527985, 34.044799115061842 ], [ -119.718205209528108, 34.044854115061881 ], [ -119.718491209528395, 34.044790115061829 ], [ -119.718601209528501, 34.044552115061599 ], [ -119.718689209528577, 34.044542115061596 ], [ -119.719349209529199, 34.044927115061952 ], [ -119.719711209529535, 34.044982115062005 ], [ -119.720041209529825, 34.044927115061952 ], [ -119.720437209530189, 34.044634115061669 ], [ -119.720668209530444, 34.044396115061467 ], [ -119.720701209530475, 34.044304115061372 ], [ -119.720866209530641, 34.044176115061255 ], [ -119.720954209530703, 34.044213115061304 ], [ -119.720976209530718, 34.044359115061418 ], [ -119.720877209530627, 34.044671115061711 ], [ -119.720877209530627, 34.044854115061881 ], [ -119.721031209530778, 34.045046115062064 ], [ -119.721185209530915, 34.045046115062071 ], [ -119.721394209531127, 34.044936115061958 ], [ -119.721658209531356, 34.045046115062064 ], [ -119.721999209531688, 34.045046115062064 ], [ -119.722791209532417, 34.044780115061826 ], [ -119.723176209532781, 34.044726115061763 ], [ -119.723209209532811, 34.044872115061906 ], [ -119.722912209532524, 34.045321115062322 ], [ -119.722802209532418, 34.045632115062617 ], [ -119.722725209532371, 34.045659115062634 ], [ -119.722813209532433, 34.045842115062804 ], [ -119.722967209532584, 34.045980115062932 ], [ -119.7235172095331, 34.045971115062926 ], [ -119.723759209533355, 34.045842115062797 ], [ -119.723946209533537, 34.045842115062804 ], [ -119.724099209533648, 34.04591611506288 ], [ -119.724176209533724, 34.046392115063306 ], [ -119.724308209533874, 34.046593115063516 ], [ -119.724891209534391, 34.047014115063902 ], [ -119.725287209534756, 34.047179115064047 ], [ -119.725518209534982, 34.047673115064505 ], [ -119.725804209535255, 34.047902115064716 ], [ -119.726156209535574, 34.048049115064856 ], [ -119.726783209536194, 34.047948115064763 ], [ -119.72731120953668, 34.048113115064922 ], [ -119.727608209536939, 34.048039115064853 ], [ -119.727894209537226, 34.047866115064686 ], [ -119.72827920953759, 34.047856115064683 ], [ -119.729247209538485, 34.048131115064933 ], [ -119.729620209538865, 34.04784711506467 ], [ -119.729895209539109, 34.047829115064651 ], [ -119.730247209539442, 34.048149115064952 ], [ -119.730434209539624, 34.048186115064986 ], [ -119.730698209539867, 34.047975115064794 ], [ -119.730786209539943, 34.047829115064651 ], [ -119.730841209539975, 34.047380115064236 ], [ -119.731006209540155, 34.046978115063872 ], [ -119.73108320954023, 34.046941115063831 ], [ -119.731292209540413, 34.047005115063897 ], [ -119.731391209540504, 34.047206115064071 ], [ -119.731490209540581, 34.047206115064078 ], [ -119.731545209540656, 34.046904115063796 ], [ -119.731644209540733, 34.046749115063655 ], [ -119.731875209540959, 34.046630115063543 ], [ -119.732403209541445, 34.046556115063474 ], [ -119.73257920954164, 34.046236115063181 ], [ -119.732711209541748, 34.046099115063051 ], [ -119.732842209541886, 34.046053115063003 ], [ -119.733832209542797, 34.046044115062998 ], [ -119.734140209543099, 34.046172115063115 ], [ -119.73453620954345, 34.046263115063205 ], [ -119.735559209544434, 34.046328115063261 ], [ -119.735988209544828, 34.046566115063484 ], [ -119.737187209545965, 34.047014115063902 ], [ -119.737472209546226, 34.047069115063955 ], [ -119.737901209546592, 34.047069115063955 ], [ -119.738330209547016, 34.046959115063842 ], [ -119.739001209547666, 34.047005115063897 ], [ -119.739067209547727, 34.04705111506393 ], [ -119.739089209547728, 34.047170115064048 ], [ -119.738935209547606, 34.047289115064153 ], [ -119.738803209547498, 34.047280115064147 ], [ -119.738781209547454, 34.047399115064259 ], [ -119.738495209547196, 34.047435115064296 ], [ -119.738341209547016, 34.047600115064434 ], [ -119.738319209547001, 34.047783115064618 ], [ -119.738638209547318, 34.048442115065235 ], [ -119.739056209547698, 34.048863115065622 ], [ -119.739221209547878, 34.049339115066076 ], [ -119.739375209548029, 34.049477115066189 ], [ -119.739529209548152, 34.049477115066196 ], [ -119.739947209548561, 34.049339115066068 ], [ -119.740079209548668, 34.049422115066143 ], [ -119.740123209548713, 34.049568115066272 ], [ -119.739903209548515, 34.049825115066511 ], [ -119.73982620954844, 34.049852115066543 ], [ -119.739793209548409, 34.049943115066625 ], [ -119.739903209548515, 34.05007211506674 ], [ -119.740134209548742, 34.050136115066813 ], [ -119.740409209548986, 34.049998115066671 ], [ -119.74073920954929, 34.049596115066301 ], [ -119.741091209549623, 34.049586115066298 ], [ -119.741366209549867, 34.049998115066678 ], [ -119.741718209550214, 34.050877115067493 ], [ -119.7419262095504, 34.051024115067626 ], [ -119.742278209550747, 34.051051115067658 ], [ -119.742773209551203, 34.051015115067621 ], [ -119.743719209552069, 34.051115115067716 ], [ -119.744874209553174, 34.051362115067946 ], [ -119.745391209553674, 34.051390115067974 ], [ -119.74572020955398, 34.051610115068179 ], [ -119.746006209554238, 34.051564115068132 ], [ -119.74657820955477, 34.051024115067626 ], [ -119.747084209555254, 34.050749115067383 ], [ -119.747469209555632, 34.050658115067286 ], [ -119.747623209555783, 34.050731115067364 ], [ -119.747832209555966, 34.050969115067588 ], [ -119.747887209556012, 34.051362115067946 ], [ -119.747821209555951, 34.051564115068139 ], [ -119.747711209555845, 34.051628115068198 ], [ -119.747656209555799, 34.05187511506842 ], [ -119.747205209555347, 34.052415115068925 ], [ -119.747260209555407, 34.052580115069077 ], [ -119.747414209555558, 34.052598115069095 ], [ -119.747568209555709, 34.052708115069208 ], [ -119.747502209555634, 34.053102115069571 ], [ -119.747623209555783, 34.053184115069634 ], [ -119.748349209556437, 34.053212115069663 ], [ -119.748547209556634, 34.053129115069588 ], [ -119.748888209556966, 34.053147115069606 ], [ -119.749031209557074, 34.053111115069576 ], [ -119.749262209557301, 34.053358115069805 ], [ -119.749515209557529, 34.053367115069811 ], [ -119.749922209557923, 34.053138115069594 ], [ -119.750658209558623, 34.052443115068947 ], [ -119.750768209558728, 34.052406115068926 ], [ -119.750966209558925, 34.052424115068931 ], [ -119.751065209559002, 34.052525115069031 ], [ -119.75092220955888, 34.053074115069542 ], [ -119.750999209558955, 34.053276115069728 ], [ -119.7512962095592, 34.053523115069957 ], [ -119.751626209559518, 34.053587115070009 ], [ -119.753199209560975, 34.053404115069846 ], [ -119.755244209562903, 34.05286411506934 ], [ -119.755596209563265, 34.052873115069353 ], [ -119.756113209563722, 34.053092115069553 ], [ -119.756135209563766, 34.053239115069694 ], [ -119.756014209563645, 34.053395115069833 ], [ -119.75557420956325, 34.05356911506999 ], [ -119.755046209562735, 34.053971115070375 ], [ -119.754937209562641, 34.054209115070606 ], [ -119.754991209562704, 34.054447115070815 ], [ -119.755233209562917, 34.05480411507115 ], [ -119.755266209562947, 34.054978115071322 ], [ -119.755651209563297, 34.055546115071834 ], [ -119.755552209563206, 34.05617711507243 ], [ -119.755255209562932, 34.056589115072811 ], [ -119.755222209562902, 34.056946115073139 ], [ -119.755398209563054, 34.05716611507335 ], [ -119.755871209563509, 34.057395115073561 ], [ -119.756256209563858, 34.057468115073632 ], [ -119.756663209564266, 34.057395115073554 ], [ -119.757015209564599, 34.05712011507331 ], [ -119.757455209565009, 34.05706511507325 ], [ -119.757873209565389, 34.057157115073345 ], [ -119.75793920956545, 34.057212115073391 ], [ -119.757950209565465, 34.057340115073515 ], [ -119.757851209565388, 34.057468115073625 ], [ -119.757752209565268, 34.057916115074043 ], [ -119.757785209565299, 34.058374115074479 ], [ -119.757983209565495, 34.058667115074741 ], [ -119.758489209565965, 34.05885911507491 ], [ -119.759302209566712, 34.058795115074858 ], [ -119.759698209567105, 34.058704115074782 ], [ -119.759984209567378, 34.058530115074625 ], [ -119.76025920956765, 34.058255115074367 ], [ -119.760578209567939, 34.058154115074274 ], [ -119.760996209568319, 34.058145115074254 ], [ -119.761238209568546, 34.058237115074348 ], [ -119.761524209568833, 34.058255115074367 ], [ -119.762140209569395, 34.058145115074261 ], [ -119.762470209569727, 34.058008115074131 ], [ -119.763152209570364, 34.057925115074056 ], [ -119.763349209570535, 34.057669115073814 ], [ -119.763449209570652, 34.057422115073578 ], [ -119.763460209570638, 34.057157115073338 ], [ -119.763636209570805, 34.056919115073121 ], [ -119.763811209570989, 34.056845115073052 ], [ -119.764350209571489, 34.056845115073052 ], [ -119.764581209571688, 34.056717115072935 ], [ -119.764790209571899, 34.056425115072663 ], [ -119.765010209572111, 34.055912115072182 ], [ -119.765351209572444, 34.05537211507167 ], [ -119.765417209572504, 34.055189115071499 ], [ -119.765516209572581, 34.05511511507143 ], [ -119.765791209572839, 34.055125115071441 ], [ -119.765890209572945, 34.055289115071595 ], [ -119.766011209573065, 34.056205115072466 ], [ -119.765923209572975, 34.056662115072882 ], [ -119.765945209572976, 34.056919115073129 ], [ -119.766187209573232, 34.05706511507325 ], [ -119.766429209573417, 34.057120115073303 ], [ -119.767089209574053, 34.056983115073173 ], [ -119.767221209574188, 34.056864115073061 ], [ -119.767419209574356, 34.056498115072728 ], [ -119.768144209575055, 34.05631511507255 ], [ -119.768342209575266, 34.056040115072292 ], [ -119.768353209575253, 34.055637115071924 ], [ -119.768573209575464, 34.055262115071578 ], [ -119.768892209575753, 34.054997115071338 ], [ -119.769376209576222, 34.054923115071261 ], [ -119.771675209578362, 34.055134115071461 ], [ -119.771994209578679, 34.055244115071559 ], [ -119.772312209578971, 34.055445115071741 ], [ -119.773863209580426, 34.055930115072201 ], [ -119.774171209580729, 34.055967115072242 ], [ -119.774875209581396, 34.055903115072176 ], [ -119.775326209581806, 34.056013115072275 ], [ -119.775612209582079, 34.056168115072424 ], [ -119.777580209583931, 34.056205115072466 ], [ -119.778658209584933, 34.056333115072576 ], [ -119.779593209585826, 34.056150115072406 ], [ -119.780264209586448, 34.055939115072206 ], [ -119.781154209587299, 34.055857115072129 ], [ -119.782287209588361, 34.055884115072153 ], [ -119.782672209588711, 34.055985115072261 ], [ -119.782991209589014, 34.056205115072459 ], [ -119.783167209589166, 34.056425115072663 ], [ -119.783398209589393, 34.056562115072794 ], [ -119.78366220958965, 34.056589115072818 ], [ -119.78404720959, 34.056434115072676 ], [ -119.784124209590075, 34.056443115072682 ], [ -119.784311209590228, 34.056662115072875 ], [ -119.784432209590378, 34.057047115073246 ], [ -119.78471820959065, 34.057367115073539 ], [ -119.785058209590972, 34.057559115073715 ], [ -119.786609209592399, 34.057688115073837 ], [ -119.786840209592626, 34.057578115073731 ], [ -119.786917209592701, 34.057413115073579 ], [ -119.786774209592565, 34.057111115073305 ], [ -119.78681820959261, 34.056763115072975 ], [ -119.786785209592594, 34.056415115072646 ], [ -119.786554209592367, 34.055994115072259 ], [ -119.786532209592352, 34.055601115071894 ], [ -119.786719209592505, 34.055216115071531 ], [ -119.786807209592595, 34.055216115071531 ], [ -119.787027209592836, 34.0556101150719 ], [ -119.787104209592911, 34.056141115072393 ], [ -119.787280209593064, 34.05640611507264 ], [ -119.787412209593185, 34.056013115072275 ], [ -119.787654209593398, 34.055857115072129 ], [ -119.788171209593898, 34.055665115071953 ], [ -119.788446209594142, 34.055418115071724 ], [ -119.788776209594459, 34.05499711507133 ], [ -119.78889720959458, 34.054923115071261 ], [ -119.789029209594688, 34.05490511507125 ], [ -119.789216209594869, 34.055051115071379 ], [ -119.789183209594839, 34.055418115071724 ], [ -119.789018209594673, 34.055756115072036 ], [ -119.788765209594459, 34.056049115072312 ], [ -119.788732209594428, 34.056150115072406 ], [ -119.788633209594323, 34.056223115072477 ], [ -119.788622209594308, 34.056406115072647 ], [ -119.789128209594779, 34.056644115072856 ], [ -119.789645209595264, 34.056736115072951 ], [ -119.789612209595248, 34.056974115073174 ], [ -119.789502209595142, 34.057276115073449 ], [ -119.789590209595204, 34.057358115073527 ], [ -119.789821209595459, 34.057367115073539 ], [ -119.790316209595915, 34.057202115073387 ], [ -119.790810209596359, 34.057092115073281 ], [ -119.79154720959707, 34.056781115073008 ], [ -119.792229209597707, 34.056736115072951 ], [ -119.792680209598132, 34.056626115072845 ], [ -119.794549209599879, 34.056662115072882 ], [ -119.795660209600939, 34.05684511507306 ], [ -119.795880209601151, 34.056974115073182 ], [ -119.796012209601258, 34.057129115073323 ], [ -119.79622120960147, 34.057129115073323 ], [ -119.796441209601653, 34.056974115073182 ], [ -119.796496209601727, 34.056845115073052 ], [ -119.796485209601713, 34.056626115072845 ], [ -119.796661209601865, 34.056525115072752 ], [ -119.796870209602076, 34.056543115072778 ], [ -119.797244209602411, 34.056662115072889 ], [ -119.797442209602622, 34.056781115073001 ], [ -119.797574209602729, 34.056992115073193 ], [ -119.79770620960285, 34.056992115073193 ], [ -119.79770620960285, 34.056772115072981 ], [ -119.79764020960279, 34.056653115072869 ], [ -119.797321209602487, 34.056406115072647 ], [ -119.796848209602047, 34.05623211507249 ], [ -119.796419209601652, 34.056214115072471 ], [ -119.796243209601485, 34.055985115072261 ], [ -119.7962542096015, 34.055775115072052 ], [ -119.796309209601546, 34.055674115071973 ], [ -119.796518209601729, 34.055555115071854 ], [ -119.797112209602304, 34.055564115071867 ], [ -119.797497209602653, 34.055445115071755 ], [ -119.798124209603273, 34.054786115071138 ], [ -119.798410209603517, 34.054283115070675 ], [ -119.798553209603668, 34.054127115070521 ], [ -119.798883209603957, 34.053971115070382 ], [ -119.799278209604324, 34.053953115070357 ], [ -119.799597209604642, 34.053861115070269 ], [ -119.799916209604945, 34.053633115070063 ], [ -119.800103209605098, 34.053404115069853 ], [ -119.800499209605491, 34.053157115069617 ], [ -119.800939209605914, 34.053129115069595 ], [ -119.80190720960681, 34.053276115069735 ], [ -119.80234720960722, 34.053285115069741 ], [ -119.803369209608192, 34.053550115069982 ], [ -119.804063209608842, 34.053559115069994 ], [ -119.804337209609116, 34.053431115069877 ], [ -119.804535209609284, 34.053431115069877 ], [ -119.80459020960933, 34.053221115069682 ], [ -119.804480209609224, 34.052836115069319 ], [ -119.804381209609133, 34.052717115069207 ], [ -119.804414209609163, 34.05256211506908 ], [ -119.804513209609283, 34.052461115068972 ], [ -119.804997209609709, 34.052433115068951 ], [ -119.805019209609753, 34.052745115069243 ], [ -119.805162209609861, 34.053010115069483 ], [ -119.805206209609906, 34.053376115069824 ], [ -119.805393209610088, 34.053468115069911 ], [ -119.805767209610437, 34.053541115069976 ], [ -119.805987209610649, 34.053404115069853 ], [ -119.806372209611027, 34.053294115069754 ], [ -119.806988209611589, 34.052855115069342 ], [ -119.807054209611636, 34.052836115069333 ], [ -119.807834209612381, 34.052003115068551 ], [ -119.808120209612667, 34.051829115068386 ], [ -119.808692209613199, 34.051646115068216 ], [ -119.808989209613486, 34.051481115068064 ], [ -119.809165209613653, 34.051472115068044 ], [ -119.809495209613956, 34.051326115067916 ], [ -119.810276209614685, 34.051326115067909 ], [ -119.810639209615047, 34.051372115067963 ], [ -119.810947209615321, 34.051665115068232 ], [ -119.811189209615549, 34.052049115068591 ], [ -119.811618209615943, 34.052323115068845 ], [ -119.811992209616307, 34.052461115068972 ], [ -119.81255220961684, 34.052928115069413 ], [ -119.812761209617008, 34.052964115069443 ], [ -119.813289209617537, 34.052900115069384 ], [ -119.813729209617961, 34.053056115069531 ], [ -119.813916209618114, 34.053239115069701 ], [ -119.813993209618189, 34.053395115069847 ], [ -119.814257209618447, 34.053569115070005 ], [ -119.814543209618705, 34.05366011507008 ], [ -119.814840209618993, 34.053678115070106 ], [ -119.815346209619463, 34.053880115070299 ], [ -119.815467209619584, 34.053990115070398 ], [ -119.816071209620148, 34.054218115070618 ], [ -119.816457209620523, 34.054264115070652 ], [ -119.816512209620569, 34.054228115070622 ], [ -119.81650120962054, 34.054063115070477 ], [ -119.81634620962042, 34.053898115070311 ], [ -119.81621420962027, 34.053559115070001 ], [ -119.816226209620297, 34.053257115069719 ], [ -119.816116209620191, 34.052873115069353 ], [ -119.816259209620327, 34.052772115069274 ], [ -119.816446209620509, 34.05277211506926 ], [ -119.816566209620632, 34.052864115069355 ], [ -119.816644209620705, 34.05286411506934 ], [ -119.816742209620784, 34.052754115069256 ], [ -119.816863209620877, 34.052452115068967 ], [ -119.817215209621239, 34.052049115068598 ], [ -119.81774320962171, 34.052022115068567 ], [ -119.818128209622074, 34.052104115068651 ], [ -119.818282209622225, 34.05203111506858 ], [ -119.818601209622543, 34.052022115068567 ], [ -119.8188652096228, 34.051957115068511 ], [ -119.818953209622862, 34.052049115068598 ], [ -119.818986209622892, 34.052168115068696 ], [ -119.818810209622725, 34.052305115068833 ], [ -119.818887209622801, 34.052552115069062 ], [ -119.818854209622771, 34.052992115069472 ], [ -119.81918420962306, 34.053349115069807 ], [ -119.819426209623302, 34.053752115070175 ], [ -119.819613209623483, 34.053898115070311 ], [ -119.819844209623682, 34.053990115070398 ], [ -119.820471209624287, 34.054008115070417 ], [ -119.820834209624621, 34.054173115070569 ], [ -119.82094320962473, 34.054301115070686 ], [ -119.821152209624913, 34.054832115071179 ], [ -119.821625209625381, 34.055115115071452 ], [ -119.82163620962541, 34.055253115071565 ], [ -119.821526209625276, 34.055427115071737 ], [ -119.821526209625276, 34.055555115071854 ], [ -119.821669209625441, 34.055756115072043 ], [ -119.821911209625654, 34.055793115072078 ], [ -119.822153209625867, 34.055692115071984 ], [ -119.822219209625928, 34.055738115072032 ], [ -119.822230209625943, 34.055893115072173 ], [ -119.822362209626064, 34.0560401150723 ], [ -119.822571209626247, 34.056150115072406 ], [ -119.823077209626732, 34.056296115072541 ], [ -119.823561209627186, 34.056772115072981 ], [ -119.823726209627338, 34.056827115073041 ], [ -119.823946209627564, 34.056754115072984 ], [ -119.82405620962767, 34.056772115072988 ], [ -119.824078209627686, 34.056919115073136 ], [ -119.824034209627655, 34.057056115073244 ], [ -119.823726209627338, 34.057459115073627 ], [ -119.823726209627338, 34.057706115073863 ], [ -119.82400120962761, 34.057861115074004 ], [ -119.824606209628186, 34.057852115073999 ], [ -119.825584209629085, 34.057651115073803 ], [ -119.825738209629236, 34.057678115073827 ], [ -119.825738209629236, 34.057907115074038 ], [ -119.825420209628945, 34.05831011507442 ], [ -119.825265209628782, 34.058429115074524 ], [ -119.825188209628735, 34.058804115074885 ], [ -119.825299209628824, 34.058942115075006 ], [ -119.825749209629251, 34.059189115075235 ], [ -119.825958209629448, 34.059518115075548 ], [ -119.826266209629722, 34.059747115075751 ], [ -119.826574209630024, 34.059775115075787 ], [ -119.826948209630402, 34.05963711507566 ], [ -119.827223209630645, 34.059445115075476 ], [ -119.827465209630873, 34.059436115075471 ], [ -119.827608209631009, 34.059326115075365 ], [ -119.828301209631661, 34.05901511507507 ], [ -119.828433209631768, 34.058859115074924 ], [ -119.828939209632253, 34.058493115074583 ], [ -119.829049209632345, 34.05845711507456 ], [ -119.829203209632496, 34.058475115074586 ], [ -119.82931320963263, 34.058566115074662 ], [ -119.829247209632541, 34.058896115074958 ], [ -119.829280209632572, 34.059051115075107 ], [ -119.829390209632706, 34.05902411507509 ], [ -119.829510209632801, 34.058887115074967 ], [ -119.829840209633105, 34.058823115074901 ], [ -119.830038209633287, 34.05896911507503 ], [ -119.830126209633377, 34.059134115075189 ], [ -119.830126209633377, 34.059829115075836 ], [ -119.829928209633181, 34.060351115076323 ], [ -119.829994209633242, 34.060653115076597 ], [ -119.830104209633348, 34.060791115076732 ], [ -119.830390209633634, 34.060974115076903 ], [ -119.830742209633925, 34.061101115077022 ], [ -119.831072209634272, 34.061157115077073 ], [ -119.83127020963444, 34.061349115077263 ], [ -119.831556209634712, 34.061532115077426 ], [ -119.831952209635105, 34.061715115077597 ], [ -119.832117209635243, 34.061880115077741 ], [ -119.832150209635302, 34.062447115078271 ], [ -119.83234820963547, 34.062621115078436 ], [ -119.832502209635592, 34.062594115078397 ], [ -119.832898209635985, 34.062337115078172 ], [ -119.833162209636228, 34.062273115078106 ], [ -119.833393209636455, 34.062273115078114 ], [ -119.833789209636791, 34.062557115078377 ], [ -119.833866209636867, 34.062722115078515 ], [ -119.834360209637339, 34.063097115078882 ], [ -119.834712209637701, 34.063216115078994 ], [ -119.835042209638004, 34.063399115079164 ], [ -119.835691209638611, 34.063518115079283 ], [ -119.836153209639036, 34.063747115079487 ], [ -119.836395209639264, 34.063948115079675 ], [ -119.836604209639447, 34.064324115080019 ], [ -119.836923209639764, 34.064525115080208 ], [ -119.837693209640506, 34.064635115080307 ], [ -119.837979209640764, 34.064882115080536 ], [ -119.838418209641176, 34.065065115080706 ], [ -119.83869320964142, 34.065046115080698 ], [ -119.839210209641919, 34.064873115080538 ], [ -119.839991209642662, 34.064964115080613 ], [ -119.840992209643588, 34.064873115080538 ], [ -119.841080209643692, 34.064900115080562 ], [ -119.84119020964377, 34.065028115080679 ], [ -119.841366209643951, 34.065092115080731 ], [ -119.841685209644254, 34.065065115080714 ], [ -119.841959209644486, 34.065101115080743 ], [ -119.842345209644876, 34.065284115080921 ], [ -119.842400209644936, 34.06535811508099 ], [ -119.842740209645243, 34.065559115081165 ], [ -119.84305920964556, 34.065651115081259 ], [ -119.844071209646486, 34.066172115081734 ], [ -119.84497320964735, 34.066566115082111 ], [ -119.845600209647941, 34.066767115082293 ], [ -119.846381209648669, 34.067252115082752 ], [ -119.846810209649064, 34.067280115082767 ], [ -119.847217209649429, 34.06707811508258 ], [ -119.847392209649641, 34.067051115082563 ], [ -119.848030209650233, 34.067115115082622 ], [ -119.848349209650522, 34.067088115082598 ], [ -119.849207209651325, 34.066776115082305 ], [ -119.849482209651569, 34.066776115082305 ], [ -119.849581209651674, 34.066850115082367 ], [ -119.84962520965172, 34.067097115082596 ], [ -119.849834209651945, 34.067280115082774 ], [ -119.850384209652432, 34.067325115082816 ], [ -119.850670209652705, 34.067289115082787 ], [ -119.851088209653113, 34.067371115082864 ], [ -119.85113220965313, 34.067518115082983 ], [ -119.851066209653069, 34.067811115083266 ], [ -119.851176209653175, 34.068021115083468 ], [ -119.851550209653539, 34.068241115083666 ], [ -119.852022209653981, 34.068323115083743 ], [ -119.851989209653951, 34.068506115083913 ], [ -119.851682209653646, 34.068973115084354 ], [ -119.851703209653678, 34.069238115084595 ], [ -119.851846209653814, 34.069458115084799 ], [ -119.852187209654119, 34.069540115084884 ], [ -119.852737209654663, 34.069385115084728 ], [ -119.853573209655451, 34.069394115084748 ], [ -119.853716209655587, 34.069513115084845 ], [ -119.85434320965615, 34.069632115084964 ], [ -119.854717209656485, 34.069824115085147 ], [ -119.855553209657302, 34.070126115085429 ], [ -119.856345209658045, 34.070638115085906 ], [ -119.85715820965882, 34.07101411508625 ], [ -119.857576209659214, 34.071032115086261 ], [ -119.857895209659517, 34.070895115086145 ], [ -119.858060209659655, 34.070931115086182 ], [ -119.858533209660109, 34.071279115086497 ], [ -119.858764209660336, 34.071325115086537 ], [ -119.858973209660519, 34.071307115086526 ], [ -119.85960020966111, 34.070922115086162 ], [ -119.859611209661111, 34.070803115086058 ], [ -119.859864209661367, 34.070648115085909 ], [ -119.859963209661458, 34.070648115085909 ], [ -119.860952209662386, 34.071581115086772 ], [ -119.861117209662538, 34.071664115086854 ], [ -119.861436209662827, 34.071737115086925 ], [ -119.86177720966316, 34.071746115086938 ], [ -119.862085209663434, 34.071654115086851 ], [ -119.862602209663947, 34.071398115086602 ], [ -119.862767209664099, 34.071389115086596 ], [ -119.863658209664948, 34.070483115085757 ], [ -119.864076209665328, 34.070208115085514 ], [ -119.865131209666345, 34.069733115085064 ], [ -119.865351209666528, 34.069705115085029 ], [ -119.865439209666619, 34.0697781150851 ], [ -119.865516209666666, 34.070007115085318 ], [ -119.865384209666558, 34.070547115085809 ], [ -119.865384209666558, 34.070785115086032 ], [ -119.865505209666679, 34.070995115086227 ], [ -119.865681209666846, 34.071160115086386 ], [ -119.865857209666999, 34.071160115086386 ], [ -119.866198209667303, 34.070940115086188 ], [ -119.866330209667453, 34.070940115086188 ], [ -119.866484209667604, 34.071178115086404 ], [ -119.866814209667879, 34.071471115086673 ], [ -119.86701220966809, 34.071526115086733 ], [ -119.867287209668362, 34.071536115086737 ], [ -119.867716209668757, 34.071654115086844 ], [ -119.868563209669531, 34.071426115086645 ], [ -119.868783209669772, 34.071407115086622 ], [ -119.869223209670153, 34.071545115086749 ], [ -119.869366209670289, 34.071636115086832 ], [ -119.869728209670654, 34.071691115086885 ], [ -119.870531209671412, 34.071325115086537 ], [ -119.870784209671655, 34.071325115086537 ], [ -119.871037209671883, 34.071517115086721 ], [ -119.871477209672278, 34.071737115086918 ], [ -119.871620209672443, 34.071874115087049 ], [ -119.872214209673004, 34.072075115087245 ], [ -119.872698209673445, 34.07209411508726 ], [ -119.873017209673762, 34.072240115087396 ], [ -119.87316020967387, 34.072387115087523 ], [ -119.873413209674126, 34.073064115088165 ], [ -119.873599209674282, 34.073247115088336 ], [ -119.873742209674418, 34.073256115088348 ], [ -119.874292209674934, 34.073027115088131 ], [ -119.874358209675023, 34.072917115088018 ], [ -119.874490209675159, 34.07284411508796 ], [ -119.874842209675478, 34.072807115087926 ], [ -119.875084209675705, 34.07284411508796 ], [ -119.875348209675963, 34.072789115087907 ], [ -119.875612209676191, 34.072817115087929 ], [ -119.875733209676312, 34.072917115088025 ], [ -119.875876209676434, 34.073210115088294 ], [ -119.875964209676511, 34.073750115088799 ], [ -119.876426209676964, 34.074272115089286 ], [ -119.876536209677042, 34.074308115089316 ], [ -119.876855209677387, 34.074281115089299 ], [ -119.877515209677981, 34.074052115089081 ], [ -119.877669209678132, 34.073695115088746 ], [ -119.877867209678314, 34.073677115088721 ], [ -119.87794420967839, 34.073604115088656 ], [ -119.877955209678404, 34.073485115088552 ], [ -119.877812209678268, 34.073265115088347 ], [ -119.877844209678287, 34.073055115088152 ], [ -119.878098209678541, 34.073082115088184 ], [ -119.878548209678968, 34.073256115088341 ], [ -119.879043209679423, 34.073274115088353 ], [ -119.879736209680104, 34.073091115088189 ], [ -119.879956209680287, 34.073082115088177 ], [ -119.880231209680559, 34.073302115088381 ], [ -119.880341209680665, 34.073320115088407 ], [ -119.880506209680803, 34.073274115088367 ], [ -119.880539209680833, 34.073119115088204 ], [ -119.880935209681198, 34.072661115087783 ], [ -119.881694209681939, 34.072771115087889 ], [ -119.882177209682368, 34.072743115087867 ], [ -119.882255209682455, 34.072844115087968 ], [ -119.882288209682486, 34.07322811508832 ], [ -119.882463209682641, 34.073659115088709 ], [ -119.882320209682504, 34.074144115089162 ], [ -119.88243020968261, 34.07464711508964 ], [ -119.882595209682776, 34.074766115089744 ], [ -119.882936209683081, 34.074867115089845 ], [ -119.883772209683869, 34.074985115089952 ], [ -119.883882209683975, 34.074967115089933 ], [ -119.883970209684065, 34.07487611508985 ], [ -119.88392620968402, 34.074738115089716 ], [ -119.884091209684186, 34.074308115089316 ], [ -119.884179209684262, 34.074235115089252 ], [ -119.884410209684489, 34.07421711508924 ], [ -119.884883209684929, 34.074290115089305 ], [ -119.885378209685385, 34.074482115089481 ], [ -119.885433209685431, 34.074400115089411 ], [ -119.8853892096854, 34.074125115089153 ], [ -119.885554209685552, 34.073805115088852 ], [ -119.885686209685687, 34.073778115088821 ], [ -119.885906209685871, 34.073805115088859 ], [ -119.886456209686415, 34.074089115089116 ], [ -119.886610209686566, 34.07411611508914 ], [ -119.886752209686691, 34.074217115089233 ], [ -119.887138209687052, 34.074281115089299 ], [ -119.88765420968754, 34.07416211508918 ], [ -119.888171209688011, 34.074125115089153 ], [ -119.888963209688768, 34.074272115089286 ], [ -119.889172209688994, 34.074235115089259 ], [ -119.889458209689224, 34.074043115089076 ], [ -119.889557209689343, 34.073823115088857 ], [ -119.889700209689479, 34.073704115088752 ], [ -119.889667209689449, 34.073567115088636 ], [ -119.889469209689253, 34.073475115088556 ], [ -119.889469209689253, 34.073384115088452 ], [ -119.889535209689299, 34.073338115088411 ], [ -119.890085209689829, 34.073283115088358 ], [ -119.890349209690086, 34.073201115088281 ], [ -119.89056920969027, 34.073064115088165 ], [ -119.891042209690738, 34.073164115088247 ], [ -119.891206209690893, 34.073082115088177 ], [ -119.891558209691226, 34.073018115088118 ], [ -119.891679209691318, 34.073045115088135 ], [ -119.892163209691788, 34.0733201150884 ], [ -119.892625209692213, 34.073393115088471 ], [ -119.893010209692591, 34.073393115088471 ], [ -119.894451209693941, 34.073228115088327 ], [ -119.894583209694076, 34.0733201150884 ], [ -119.894627209694093, 34.073430115088506 ], [ -119.894594209694063, 34.073649115088706 ], [ -119.894253209693758, 34.073805115088852 ], [ -119.893945209693456, 34.074107115089127 ], [ -119.893945209693456, 34.074281115089299 ], [ -119.894132209693637, 34.074473115089475 ], [ -119.894847209694305, 34.074867115089845 ], [ -119.89530920969473, 34.074931115089896 ], [ -119.896243209695626, 34.07491211508988 ], [ -119.896826209696172, 34.074976115089946 ], [ -119.897046209696384, 34.074867115089845 ], [ -119.897365209696673, 34.074317115089329 ], [ -119.897684209696976, 34.074098115089136 ], [ -119.897695209696991, 34.073961115088998 ], [ -119.897607209696901, 34.073695115088753 ], [ -119.897673209697004, 34.07345711508853 ], [ -119.89775020969708, 34.073393115088464 ], [ -119.897926209697246, 34.073375115088453 ], [ -119.898223209697505, 34.073448115088524 ], [ -119.898828209698067, 34.073283115088373 ], [ -119.900004209699205, 34.07313711508823 ], [ -119.900114209699296, 34.073247115088336 ], [ -119.900114209699296, 34.073338115088411 ], [ -119.900038209699233, 34.073439115088512 ], [ -119.900246209699418, 34.07389711508894 ], [ -119.90046620969963, 34.074043115089076 ], [ -119.901049209700147, 34.074235115089259 ], [ -119.901236209700357, 34.074235115089252 ], [ -119.902512209701555, 34.074015115089054 ], [ -119.902589209701631, 34.0740701150891 ], [ -119.902567209701601, 34.074308115089316 ], [ -119.902391209701435, 34.074391115089405 ], [ -119.902380209701448, 34.074473115089475 ], [ -119.902688209701722, 34.074565115089555 ], [ -119.903392209702361, 34.074592115089587 ], [ -119.903711209702664, 34.074656115089645 ], [ -119.903898209702845, 34.074748115089733 ], [ -119.904392209703289, 34.074885115089856 ], [ -119.904931209703818, 34.075223115090168 ], [ -119.905316209704196, 34.075269115090215 ], [ -119.905745209704591, 34.075214115090162 ], [ -119.906185209704987, 34.07496711508994 ], [ -119.906570209705365, 34.074985115089952 ], [ -119.906889209705653, 34.075159115090123 ], [ -119.907186209705969, 34.075196115090151 ], [ -119.907461209706213, 34.075159115090116 ], [ -119.907901209706608, 34.07501311508998 ], [ -119.908286209706986, 34.075040115090012 ], [ -119.90856120970723, 34.075223115090175 ], [ -119.90856120970723, 34.075553115090486 ], [ -119.908132209706835, 34.076029115090932 ], [ -119.908132209706835, 34.076157115091043 ], [ -119.908407209707107, 34.076404115091272 ], [ -119.908946209707608, 34.076541115091409 ], [ -119.910485209709066, 34.076541115091409 ], [ -119.910683209709234, 34.076505115091365 ], [ -119.91121120970972, 34.076285115091153 ], [ -119.911508209710036, 34.07623911509112 ], [ -119.911596209710126, 34.076303115091179 ], [ -119.911607209710112, 34.076404115091272 ], [ -119.911420209709917, 34.076651115091501 ], [ -119.911442209709946, 34.076779115091625 ], [ -119.911629209710156, 34.076852115091697 ], [ -119.912344209710824, 34.076944115091777 ], [ -119.912454209710916, 34.077026115091847 ], [ -119.912454209710916, 34.07727311509209 ], [ -119.912498209710947, 34.077337115092142 ], [ -119.912762209711204, 34.077493115092288 ], [ -119.913059209711477, 34.077530115092323 ], [ -119.913883209712267, 34.077465115092259 ], [ -119.915071209713375, 34.077282115092089 ], [ -119.916699209714906, 34.077173115091995 ], [ -119.918106209716228, 34.077438115092235 ], [ -119.918151209716271, 34.077493115092288 ], [ -119.91831520971644, 34.077548115092341 ], [ -119.918810209716924, 34.077493115092288 ], [ -119.919140209717227, 34.077328115092143 ], [ -119.919283209717364, 34.077319115092131 ], [ -119.919503209717547, 34.077218115092037 ], [ -119.919536209717577, 34.077054115091869 ], [ -119.919426209717471, 34.076907115091743 ], [ -119.919448209717501, 34.076770115091612 ], [ -119.919272209717349, 34.076532115091396 ], [ -119.919096209717182, 34.07642211509129 ], [ -119.918931209717016, 34.076395115091273 ], [ -119.918810209716924, 34.076221115091094 ], [ -119.918502209716621, 34.075937115090838 ], [ -119.918128209716286, 34.075763115090687 ], [ -119.918151209716299, 34.07548911509042 ], [ -119.918414209716545, 34.075297115090244 ], [ -119.918832209716925, 34.075123115090086 ], [ -119.919800209717835, 34.075132115090099 ], [ -119.920064209718092, 34.075004115089961 ], [ -119.920548209718547, 34.074528115089535 ], [ -119.920790209718774, 34.074144115089176 ], [ -119.920746209718715, 34.073887115088937 ], [ -119.92044920971847, 34.073521115088603 ], [ -119.920559209718562, 34.072972115088085 ], [ -119.920966209718955, 34.072423115087567 ], [ -119.920977209718941, 34.07234111508749 ], [ -119.920878209718865, 34.072249115087409 ], [ -119.92092220971891, 34.07209411508726 ], [ -119.921043209719031, 34.07205711508724 ], [ -119.92134020971929, 34.072130115087297 ], [ -119.921472209719397, 34.072030115087209 ], [ -119.921571209719517, 34.071856115087044 ], [ -119.921604209719547, 34.07138911508661 ], [ -119.921901209719806, 34.070785115086046 ], [ -119.921890209719805, 34.070547115085816 ], [ -119.921780209719699, 34.070336115085624 ], [ -119.921648209719592, 34.070181115085475 ], [ -119.921648209719592, 34.070062115085378 ], [ -119.921735209719657, 34.069888115085213 ], [ -119.92184620971976, 34.06978711508512 ], [ -119.922835209720702, 34.069549115084897 ], [ -119.923451209721279, 34.069202115084572 ], [ -119.923935209721733, 34.069092115084466 ], [ -119.924001209721794, 34.06899111508438 ], [ -119.923594209721401, 34.068836115084238 ], [ -119.923451209721279, 34.068707115084116 ], [ -119.922594209720486, 34.068451115083882 ], [ -119.922615209720519, 34.068341115083768 ], [ -119.922857209720732, 34.067911115083369 ], [ -119.922868209720718, 34.067801115083277 ], [ -119.923011209720855, 34.067646115083129 ], [ -119.923011209720855, 34.067572115083053 ], [ -119.922967209720838, 34.067572115083053 ], [ -119.922989209720853, 34.067454115082953 ], [ -119.922880209720745, 34.067234115082741 ], [ -119.922285209720201, 34.066630115082177 ], [ -119.921582209719503, 34.066319115081896 ], [ -119.92082320971879, 34.066401115081966 ], [ -119.920482209718486, 34.06629111508186 ], [ -119.920262209718288, 34.066145115081717 ], [ -119.919668209717742, 34.065550115081166 ], [ -119.919360209717411, 34.065330115080975 ], [ -119.918898209716986, 34.064863115080541 ], [ -119.91885420971694, 34.064497115080194 ], [ -119.91887620971697, 34.064058115079781 ], [ -119.918744209716834, 34.063637115079388 ], [ -119.918304209716425, 34.063060115078862 ], [ -119.918304209716425, 34.062923115078732 ], [ -119.918546209716666, 34.062584115078415 ], [ -119.918997209717077, 34.06248411507832 ], [ -119.919129209717241, 34.062575115078403 ], [ -119.919272209717377, 34.062539115078373 ], [ -119.9194262097175, 34.062374115078214 ], [ -119.919536209717606, 34.062017115077879 ], [ -119.919679209717728, 34.061843115077721 ], [ -119.92028420971829, 34.061550115077459 ], [ -119.920592209718592, 34.061340115077257 ], [ -119.920592209718592, 34.061047115076981 ], [ -119.920328209718335, 34.060836115076782 ], [ -119.920306209718333, 34.060754115076705 ], [ -119.920361209718365, 34.060543115076513 ], [ -119.920460209718485, 34.060470115076441 ], [ -119.920493209718515, 34.060250115076244 ], [ -119.920548209718547, 34.060214115076214 ], [ -119.92044920971847, 34.060177115076165 ], [ -119.920570209718591, 34.059958115075965 ], [ -119.920691209718683, 34.059893115075901 ], [ -119.920999209718985, 34.05992111507593 ], [ -119.921087209719047, 34.059884115075896 ], [ -119.921472209719425, 34.060095115076102 ], [ -119.922263209720171, 34.060086115076089 ], [ -119.922505209720413, 34.060122115076126 ], [ -119.922461209720367, 34.059967115075978 ], [ -119.922582209720488, 34.05987511507589 ], [ -119.922703209720581, 34.059582115075614 ], [ -119.922868209720718, 34.059390115075445 ], [ -119.923264209721125, 34.059262115075313 ], [ -119.923935209721762, 34.059289115075352 ], [ -119.924122209721915, 34.059436115075485 ], [ -119.924386209722172, 34.060104115076101 ], [ -119.924617209722399, 34.060379115076358 ], [ -119.925068209722809, 34.060653115076612 ], [ -119.925508209723219, 34.060745115076706 ], [ -119.925717209723445, 34.060708115076672 ], [ -119.92582720972355, 34.060562115076536 ], [ -119.92582720972355, 34.060379115076366 ], [ -119.925651209723384, 34.060214115076207 ], [ -119.925706209723444, 34.060058115076068 ], [ -119.925893209723597, 34.060022115076038 ], [ -119.925981209723702, 34.059939115075956 ], [ -119.926102209723794, 34.059912115075932 ], [ -119.92668520972434, 34.060049115076055 ], [ -119.927784209725402, 34.060131115076125 ], [ -119.927773209725387, 34.060003115076007 ], [ -119.927652209725238, 34.059893115075909 ], [ -119.928114209725692, 34.059976115075983 ], [ -119.928301209725873, 34.060058115076068 ], [ -119.928488209726055, 34.060058115076068 ], [ -119.928620209726162, 34.05992111507593 ], [ -119.92889520972642, 34.059857115075879 ], [ -119.929049209726571, 34.059893115075901 ], [ -119.929775209727254, 34.059893115075909 ], [ -119.929962209727449, 34.059829115075857 ], [ -119.930116209727572, 34.059683115075714 ], [ -119.930160209727632, 34.059500115075537 ], [ -119.930116209727572, 34.059335115075392 ], [ -119.929885209727374, 34.059125115075204 ], [ -119.929159209726663, 34.058951115075033 ], [ -119.928774209726313, 34.05893211507501 ], [ -119.928213209725783, 34.058978115075064 ], [ -119.927696209725312, 34.058859115074931 ], [ -119.927432209725026, 34.058877115074964 ], [ -119.927135209724767, 34.05836511507448 ], [ -119.926728209724388, 34.058026115074156 ], [ -119.926926209724556, 34.057779115073942 ], [ -119.926937209724571, 34.057541115073711 ], [ -119.926794209724449, 34.057431115073626 ], [ -119.926201209723899, 34.057239115073443 ], [ -119.925882209723582, 34.057010115073219 ], [ -119.925486209723218, 34.056873115073095 ], [ -119.925453209723187, 34.056827115073048 ], [ -119.925519209723262, 34.056791115073025 ], [ -119.925508209723247, 34.056653115072891 ], [ -119.925431209723172, 34.056580115072833 ], [ -119.92518920972293, 34.056525115072773 ], [ -119.925134209722884, 34.056461115072707 ], [ -119.925090209722839, 34.056617115072861 ], [ -119.924925209722673, 34.056653115072891 ], [ -119.924760209722535, 34.056781115073015 ], [ -119.92471620972249, 34.05718411507339 ], [ -119.924617209722399, 34.057294115073475 ], [ -119.924463209722248, 34.057294115073482 ], [ -119.924122209721915, 34.057129115073337 ], [ -119.923902209721732, 34.057102115073313 ], [ -119.923759209721595, 34.05718411507339 ], [ -119.923484209721323, 34.0575231150737 ], [ -119.923319209721186, 34.057550115073724 ], [ -119.923033209720899, 34.057486115073679 ], [ -119.922571209720473, 34.057166115073372 ], [ -119.922374209720275, 34.057084115073287 ], [ -119.922055209719971, 34.057065115073279 ], [ -119.921340209719318, 34.0575231150737 ], [ -119.920889209718879, 34.057724115073889 ], [ -119.920460209718485, 34.057852115074013 ], [ -119.920251209718259, 34.057971115074118 ], [ -119.919569209717636, 34.058145115074289 ], [ -119.919272209717377, 34.058255115074381 ], [ -119.91834820971647, 34.058429115074546 ], [ -119.917337209715527, 34.058475115074593 ], [ -119.916292209714541, 34.058255115074381 ], [ -119.915797209714086, 34.058063115074205 ], [ -119.915643209713934, 34.057861115074012 ], [ -119.915423209713722, 34.057779115073934 ], [ -119.915181209713509, 34.057578115073746 ], [ -119.914917209713252, 34.057477115073645 ], [ -119.914477209712842, 34.057175115073377 ], [ -119.914499209712872, 34.057047115073253 ], [ -119.914455209712827, 34.056937115073161 ], [ -119.914191209712541, 34.056717115072949 ], [ -119.913993209712373, 34.056708115072944 ], [ -119.913664209712067, 34.056791115073025 ], [ -119.913422209711854, 34.056791115073025 ], [ -119.913202209711642, 34.056873115073095 ], [ -119.91259720971108, 34.056791115073018 ], [ -119.91212420971064, 34.056498115072749 ], [ -119.911772209710279, 34.055912115072196 ], [ -119.911607209710112, 34.055784115072072 ], [ -119.911563209710067, 34.055829115072122 ], [ -119.91146420970999, 34.055784115072079 ], [ -119.911200209709747, 34.055784115072072 ], [ -119.910815209709384, 34.055866115072163 ], [ -119.910738209709308, 34.055656115071962 ], [ -119.910705209709278, 34.055875115072162 ], [ -119.91043020970902, 34.055939115072221 ], [ -119.909649209708277, 34.055692115071992 ], [ -119.909242209707884, 34.055509115071828 ], [ -119.908946209707636, 34.055299115071634 ], [ -119.908671209707364, 34.05486811507123 ], [ -119.908726209707396, 34.054722115071087 ], [ -119.908682209707379, 34.054612115070988 ], [ -119.908209209706939, 34.054484115070863 ], [ -119.908077209706789, 34.054557115070942 ], [ -119.907846209706591, 34.054575115070961 ], [ -119.907791209706559, 34.05464011507101 ], [ -119.907637209706408, 34.054594115070977 ], [ -119.907483209706257, 34.054411115070806 ], [ -119.907373209706151, 34.054466115070852 ], [ -119.907263209706016, 34.054630115071014 ], [ -119.906944209705728, 34.054502115070889 ], [ -119.906207209705045, 34.053770115070201 ], [ -119.90614120970497, 34.053624115070065 ], [ -119.905833209704696, 34.05364211507009 ], [ -119.905459209704361, 34.053376115069845 ], [ -119.904832209703741, 34.052690115069204 ], [ -119.904888209703827, 34.052498115069028 ], [ -119.904722209703635, 34.052305115068854 ], [ -119.904492209703406, 34.052214115068757 ], [ -119.904315209703242, 34.052323115068859 ], [ -119.904294209703238, 34.052406115068941 ], [ -119.904129209703086, 34.052369115068906 ], [ -119.903953209702905, 34.052443115068975 ], [ -119.903810209702797, 34.052406115068941 ], [ -119.903832209702813, 34.052305115068847 ], [ -119.903744209702708, 34.052269115068803 ], [ -119.903623209702616, 34.052342115068882 ], [ -119.903392209702389, 34.052214115068757 ], [ -119.903271209702268, 34.052214115068757 ], [ -119.90304020970207, 34.051985115068533 ], [ -119.903018209702054, 34.051738115068311 ], [ -119.902908209701948, 34.051573115068159 ], [ -119.902820209701858, 34.051088115067714 ], [ -119.902721209701781, 34.050978115067601 ], [ -119.90256720970163, 34.050932115067567 ], [ -119.901896209700979, 34.051005115067632 ], [ -119.901170209700297, 34.051005115067632 ], [ -119.900818209699978, 34.050932115067575 ], [ -119.900466209699658, 34.05066711506732 ], [ -119.899807209699006, 34.050438115067102 ], [ -119.899444209698657, 34.050117115066804 ], [ -119.899070209698337, 34.049925115066621 ], [ -119.898311209697624, 34.049687115066405 ], [ -119.896969209696337, 34.049193115065947 ], [ -119.896848209696216, 34.049056115065817 ], [ -119.896892209696261, 34.04858911506539 ], [ -119.897035209696384, 34.048332115065151 ], [ -119.897200209696564, 34.048314115065118 ], [ -119.897299209696641, 34.048213115065025 ], [ -119.897343209696686, 34.048058115064897 ], [ -119.897277209696639, 34.047948115064777 ], [ -119.896892209696261, 34.047792115064631 ], [ -119.896023209695471, 34.04719711506408 ], [ -119.895320209694773, 34.046886115063799 ], [ -119.894913209694408, 34.046556115063488 ], [ -119.894396209693923, 34.04643711506337 ], [ -119.894176209693711, 34.046209115063157 ], [ -119.894044209693575, 34.045952115062924 ], [ -119.893747209693316, 34.045586115062584 ], [ -119.893758209693331, 34.04478011506184 ], [ -119.893670209693241, 34.044671115061725 ], [ -119.893329209692936, 34.044625115061692 ], [ -119.89252620969215, 34.04435911506144 ], [ -119.892482209692105, 34.044378115061463 ], [ -119.891174209690874, 34.044012115061122 ], [ -119.890734209690478, 34.04392911506104 ], [ -119.890151209689904, 34.043691115060831 ], [ -119.889205209689038, 34.043526115060665 ], [ -119.889029209688886, 34.043453115060601 ], [ -119.888996209688827, 34.043307115060472 ], [ -119.888677209688538, 34.043078115060247 ], [ -119.888534209688402, 34.042885115060074 ], [ -119.888281209688159, 34.042721115059926 ], [ -119.888039209687946, 34.042473115059686 ], [ -119.887797209687704, 34.042364115059584 ], [ -119.887632209687524, 34.042391115059615 ], [ -119.887489209687402, 34.042345115059575 ], [ -119.887181209687128, 34.042345115059575 ], [ -119.886995209686944, 34.042272115059497 ], [ -119.887006209686959, 34.041778115059032 ], [ -119.88663220968661, 34.041595115058861 ], [ -119.886522209686504, 34.041476115058764 ], [ -119.886313209686307, 34.040835115058165 ], [ -119.886192209686214, 34.040166115057531 ], [ -119.886236209686231, 34.039562115056974 ], [ -119.886412209686398, 34.03901311505647 ], [ -119.886467209686458, 34.039049115056493 ], [ -119.886379209686368, 34.038720115056194 ], [ -119.88630220968632, 34.038674115056153 ], [ -119.886258209686275, 34.038537115056037 ], [ -119.88630220968632, 34.03835411505586 ], [ -119.886588209686565, 34.038253115055774 ], [ -119.886676209686655, 34.038134115055648 ], [ -119.886676209686655, 34.03796011505549 ], [ -119.88659920968658, 34.037942115055465 ], [ -119.886555209686534, 34.037566115055121 ], [ -119.886654209686611, 34.03715411505474 ], [ -119.88681820968678, 34.037072115054656 ], [ -119.886808209686762, 34.036999115054591 ], [ -119.88663220968661, 34.036999115054591 ], [ -119.886511209686489, 34.03692511505453 ], [ -119.886357209686352, 34.036944115054538 ], [ -119.886126209686125, 34.037200115054766 ], [ -119.885884209685912, 34.037346115054923 ], [ -119.885774209685806, 34.037346115054923 ], [ -119.885719209685774, 34.037484115055037 ], [ -119.885389209685457, 34.03764011505519 ], [ -119.884784209684867, 34.037548115055102 ], [ -119.884311209684427, 34.037548115055102 ], [ -119.883409209683578, 34.037392115054963 ], [ -119.882650209682851, 34.037365115054946 ], [ -119.882057209682301, 34.03724611505482 ], [ -119.882013209682256, 34.037191115054775 ], [ -119.882035209682272, 34.037090115054674 ], [ -119.881946209682198, 34.036614115054235 ], [ -119.88187020968212, 34.036577115054193 ], [ -119.881749209681999, 34.036074115053729 ], [ -119.881551209681831, 34.035753115053438 ], [ -119.881210209681498, 34.035579115053267 ], [ -119.880880209681209, 34.035479115053164 ], [ -119.880154209680512, 34.035406115053107 ], [ -119.879978209680345, 34.035351115053054 ], [ -119.879813209680179, 34.035149115052867 ], [ -119.879670209680043, 34.034600115052363 ], [ -119.879582209679981, 34.034508115052276 ], [ -119.879186209679602, 34.034407115052176 ], [ -119.878933209679374, 34.034197115051988 ], [ -119.878636209679087, 34.034160115051947 ], [ -119.878317209678784, 34.034032115051836 ], [ -119.877900209678359, 34.034004115051808 ], [ -119.87763620967813, 34.033757115051571 ], [ -119.877449209677948, 34.033483115051325 ], [ -119.877262209677767, 34.033345115051176 ], [ -119.877262209677767, 34.033190115051042 ], [ -119.876756209677296, 34.032879115050761 ], [ -119.876470209677038, 34.032851115050725 ], [ -119.876151209676735, 34.032659115050549 ], [ -119.875854209676476, 34.032283115050205 ], [ -119.875678209676323, 34.031890115049826 ], [ -119.875447209676096, 34.030819115048835 ], [ -119.87527120967593, 34.029308115047428 ], [ -119.875260209675886, 34.02877711504695 ], [ -119.875436209676081, 34.027431115045687 ], [ -119.875557209676202, 34.026817115045112 ], [ -119.875964209676553, 34.025498115043888 ], [ -119.875964209676553, 34.025343115043746 ], [ -119.87619520967678, 34.024839115043264 ], [ -119.876426209677007, 34.024033115042521 ], [ -119.876866209677402, 34.02290711504147 ], [ -119.877119209677659, 34.022138115040761 ], [ -119.877130209677688, 34.021946115040571 ], [ -119.877372209677901, 34.021396115040062 ], [ -119.877537209678067, 34.020773115039489 ], [ -119.878581209679041, 34.018530115037393 ], [ -119.879439209679873, 34.017037115036011 ], [ -119.879461209679874, 34.016872115035859 ], [ -119.879637209680041, 34.016689115035689 ], [ -119.879758209680162, 34.016653115035652 ], [ -119.879824209680223, 34.016570115035577 ], [ -119.879901209680298, 34.016561115035572 ], [ -119.879945209680344, 34.016488115035493 ], [ -119.880110209680481, 34.016424115035434 ], [ -119.880693209681013, 34.01634111503536 ], [ -119.881111209681436, 34.016204115035244 ], [ -119.881903209682179, 34.016039115035085 ], [ -119.88206820968233, 34.01591111503496 ], [ -119.882101209682375, 34.015645115034715 ], [ -119.881980209682254, 34.015361115034445 ], [ -119.881958209682224, 34.015105115034203 ], [ -119.88205720968233, 34.014986115034098 ], [ -119.882255209682498, 34.014335115033496 ], [ -119.882354209682589, 34.014180115033348 ], [ -119.882354209682589, 34.013740115032945 ], [ -119.881914209682179, 34.0132551150325 ], [ -119.881859209682133, 34.013090115032327 ], [ -119.881914209682179, 34.012761115032028 ], [ -119.882364209682606, 34.011671115031021 ], [ -119.882705209682939, 34.011030115030422 ], [ -119.883508209683697, 34.009894115029361 ], [ -119.884091209684243, 34.009298115028798 ], [ -119.884520209684638, 34.008978115028512 ], [ -119.884586209684699, 34.009033115028558 ], [ -119.884718209684806, 34.008978115028512 ], [ -119.885015209685122, 34.009143115028671 ], [ -119.885653209685742, 34.009280115028794 ], [ -119.886632209686624, 34.009344115028846 ], [ -119.886786209686775, 34.009161115028682 ], [ -119.886720209686729, 34.008749115028294 ], [ -119.886763209686762, 34.008383115027954 ], [ -119.887302209687263, 34.007787115027398 ], [ -119.887302209687292, 34.007641115027269 ], [ -119.887203209687186, 34.007513115027145 ], [ -119.886852209686836, 34.007394115027033 ], [ -119.886686209686687, 34.007247115026907 ], [ -119.886643209686653, 34.006853115026537 ], [ -119.886577209686564, 34.00676211502644 ], [ -119.886478209686473, 34.00676211502644 ], [ -119.886500209686517, 34.0067161150264 ], [ -119.886148209686198, 34.006670115026367 ], [ -119.885796209685864, 34.006414115026125 ], [ -119.885664209685729, 34.006130115025861 ], [ -119.885686209685758, 34.005919115025662 ], [ -119.885389209685485, 34.005571115025333 ], [ -119.885147209685258, 34.005443115025223 ], [ -119.884960209685076, 34.005195115024989 ], [ -119.885092209685197, 34.004792115024607 ], [ -119.885290209685365, 34.004664115024497 ], [ -119.885257209685335, 34.004508115024336 ], [ -119.885400209685471, 34.004096115023962 ], [ -119.88530120968538, 34.00418811502405 ], [ -119.885235209685334, 34.004353115024202 ], [ -119.885070209685182, 34.004343115024184 ], [ -119.884938209685075, 34.004170115024039 ], [ -119.884960209685076, 34.003831115023722 ], [ -119.885169209685273, 34.00375711502366 ], [ -119.884982209685091, 34.003739115023627 ], [ -119.88501520968515, 34.003455115023364 ], [ -119.884850209684984, 34.003281115023206 ], [ -119.884498209684622, 34.003080115023032 ], [ -119.884553209684668, 34.002787115022741 ], [ -119.884707209684848, 34.002750115022714 ], [ -119.884707209684848, 34.00260311502258 ], [ -119.884300209684426, 34.002420115022396 ], [ -119.884124209684273, 34.002274115022267 ], [ -119.884212209684364, 34.002054115022062 ], [ -119.884388209684531, 34.001944115021956 ], [ -119.884410209684532, 34.001806115021843 ], [ -119.88422320968435, 34.0016601150217 ], [ -119.884080209684228, 34.001293115021355 ], [ -119.883794209683984, 34.000973115021054 ], [ -119.88279320968303, 34.000991115021073 ], [ -119.882607209682845, 34.000836115020931 ], [ -119.882705209682953, 34.000607115020713 ], [ -119.882486209682753, 34.000478115020606 ], [ -119.882211209682509, 34.000075115020216 ], [ -119.882298209682574, 33.999865115020029 ], [ -119.882475209682738, 33.999691115019864 ], [ -119.882947209683181, 33.999663115019828 ], [ -119.883189209683394, 33.999471115019652 ], [ -119.883167209683393, 33.999288115019482 ], [ -119.882958209683167, 33.999150115019368 ], [ -119.88282620968306, 33.998967115019198 ], [ -119.882947209683181, 33.998701115018946 ], [ -119.883068209683302, 33.99865611501891 ], [ -119.883036209683254, 33.998536115018787 ], [ -119.88282620968306, 33.998445115018704 ], [ -119.882694209682938, 33.99845411501871 ], [ -119.882541209682799, 33.998381115018645 ], [ -119.882409209682677, 33.998381115018638 ], [ -119.882288209682557, 33.998225115018492 ], [ -119.882298209682574, 33.998042115018322 ], [ -119.882452209682725, 33.997969115018265 ], [ -119.882650209682893, 33.997776115018091 ], [ -119.882618209682875, 33.997630115017948 ], [ -119.88249620968277, 33.997556115017879 ], [ -119.88253020968277, 33.997474115017802 ], [ -119.882288209682557, 33.997529115017848 ], [ -119.882189209682466, 33.99740111501773 ], [ -119.881881209682163, 33.997346115017685 ], [ -119.881595209681905, 33.997126115017473 ], [ -119.881353209681663, 33.996714115017092 ], [ -119.881419209681724, 33.996237115016655 ], [ -119.881386209681693, 33.996146115016565 ], [ -119.881287209681602, 33.996100115016525 ], [ -119.881243209681557, 33.995963115016394 ], [ -119.881089209681434, 33.995889115016325 ], [ -119.88100120968133, 33.995724115016174 ], [ -119.880946209681298, 33.995734115016177 ], [ -119.880968209681313, 33.995679115016138 ], [ -119.880869209681222, 33.995468115015932 ], [ -119.880946209681298, 33.994854115015357 ], [ -119.881276209681587, 33.994671115015187 ], [ -119.881243209681557, 33.99459811501513 ], [ -119.881023209681373, 33.994497115015029 ], [ -119.880759209681116, 33.993856115014431 ], [ -119.880781209681132, 33.993553115014151 ], [ -119.880858209681207, 33.993370115013995 ], [ -119.88100120968133, 33.993242115013871 ], [ -119.881144209681466, 33.992986115013622 ], [ -119.881309209681618, 33.992876115013516 ], [ -119.881320209681633, 33.992793115013441 ], [ -119.881485209681827, 33.992692115013348 ], [ -119.881375209681721, 33.992271115012954 ], [ -119.881144209681466, 33.991987115012691 ], [ -119.880451209680842, 33.99175811501248 ], [ -119.880253209680646, 33.991740115012469 ], [ -119.880055209680449, 33.991648115012381 ], [ -119.87975820968019, 33.991373115012117 ], [ -119.8796702096801, 33.991181115011948 ], [ -119.87925220967972, 33.990961115011743 ], [ -119.879109209679584, 33.990787115011571 ], [ -119.879109209679584, 33.990640115011445 ], [ -119.879021209679493, 33.990494115011309 ], [ -119.879076209679553, 33.990457115011274 ], [ -119.879021209679493, 33.989825115010674 ], [ -119.878911209679387, 33.989486115010358 ], [ -119.878746209679207, 33.989248115010149 ], [ -119.878427209678918, 33.988982115009904 ], [ -119.878295209678782, 33.98900111500992 ], [ -119.877669209678217, 33.988753115009686 ], [ -119.877537209678096, 33.988625115009555 ], [ -119.877217209677795, 33.987654115008645 ], [ -119.876976209677579, 33.987214115008243 ], [ -119.876910209677504, 33.986884115007946 ], [ -119.876712209677308, 33.986417115007505 ], [ -119.876668209677277, 33.986078115007196 ], [ -119.876492209677124, 33.985510115006662 ], [ -119.876283209676927, 33.985199115006381 ], [ -119.876019209676656, 33.98406311500532 ], [ -119.875810209676459, 33.983770115005044 ], [ -119.875370209676049, 33.983440115004733 ], [ -119.875084209675776, 33.983019115004346 ], [ -119.874578209675306, 33.982066115003462 ], [ -119.874193209674957, 33.981736115003159 ], [ -119.873973209674745, 33.981424115002866 ], [ -119.87383120967462, 33.980783115002261 ], [ -119.87401720967479, 33.98031611500182 ], [ -119.873754209674544, 33.980206115001721 ], [ -119.873522209674306, 33.980206115001735 ], [ -119.873039209673848, 33.98041711500192 ], [ -119.872885209673726, 33.980380115001886 ], [ -119.872698209673516, 33.980215115001727 ], [ -119.872445209673302, 33.980206115001728 ], [ -119.872280209673136, 33.980068115001593 ], [ -119.872137209672999, 33.9800681150016 ], [ -119.872071209672953, 33.980123115001653 ], [ -119.872082209672968, 33.980307115001821 ], [ -119.872038209672922, 33.980371115001887 ], [ -119.871543209672467, 33.980591115002092 ], [ -119.870993209671923, 33.980637115002125 ], [ -119.870641209671589, 33.980563115002049 ], [ -119.870355209671331, 33.980435115001946 ], [ -119.870025209671013, 33.980563115002049 ], [ -119.869497209670527, 33.980517115002016 ], [ -119.869366209670389, 33.980398115001897 ], [ -119.86901420967007, 33.98040711500191 ], [ -119.868640209669692, 33.980490115001992 ], [ -119.868145209669237, 33.980471115001983 ], [ -119.867276209668418, 33.980288115001798 ], [ -119.867111209668266, 33.980197115001715 ], [ -119.866528209667749, 33.980014115001545 ], [ -119.865582209666826, 33.979565115001122 ], [ -119.865010209666295, 33.979400115000971 ], [ -119.864603209665916, 33.979088115000692 ], [ -119.863933209665277, 33.978731115000343 ], [ -119.862415209663851, 33.977760114999448 ], [ -119.86222820966367, 33.977558114999262 ], [ -119.862041209663488, 33.977457114999169 ], [ -119.861634209663123, 33.97699911499874 ], [ -119.861172209662669, 33.976660114998431 ], [ -119.860655209662184, 33.976129114997931 ], [ -119.860512209662048, 33.976065114997866 ], [ -119.859622209661225, 33.975350114997219 ], [ -119.858951209660617, 33.974910114996803 ], [ -119.858511209660165, 33.97450711499642 ], [ -119.856971209658738, 33.973343114995345 ], [ -119.856795209658543, 33.973142114995156 ], [ -119.855080209656933, 33.97174011499385 ], [ -119.854552209656447, 33.971428114993557 ], [ -119.853859209655795, 33.970888114993045 ], [ -119.851693209653774, 33.969495114991751 ], [ -119.85151620965361, 33.969339114991612 ], [ -119.851374209653471, 33.969110114991409 ], [ -119.851044209653139, 33.96885411499116 ], [ -119.851000209653094, 33.968570114990897 ], [ -119.85069220965282, 33.968157114990511 ], [ -119.850340209652487, 33.968066114990421 ], [ -119.850032209652184, 33.967855114990222 ], [ -119.849680209651865, 33.967736114990124 ], [ -119.849460209651653, 33.967708114990096 ], [ -119.849042209651273, 33.967809114990182 ], [ -119.848448209650684, 33.967791114990163 ], [ -119.848019209650289, 33.967983114990346 ], [ -119.84766720964997, 33.968066114990421 ], [ -119.847601209649909, 33.96813011499048 ], [ -119.847305209649619, 33.968066114990428 ], [ -119.847118209649452, 33.968075114990427 ], [ -119.8469532096493, 33.968167114990521 ], [ -119.846810209649163, 33.968377114990709 ], [ -119.846601209648981, 33.968542114990868 ], [ -119.846106209648497, 33.96861611499093 ], [ -119.84587520964827, 33.968826114991131 ], [ -119.845556209647981, 33.968909114991213 ], [ -119.845281209647709, 33.969129114991411 ], [ -119.844687209647162, 33.969165114991448 ], [ -119.844291209646798, 33.96903711499133 ], [ -119.844071209646586, 33.969165114991448 ], [ -119.843983209646495, 33.969275114991554 ], [ -119.843950209646465, 33.969440114991706 ], [ -119.843994209646482, 33.96960511499185 ], [ -119.843851209646374, 33.969843114992074 ], [ -119.843576209646102, 33.969981114992208 ], [ -119.843213209645768, 33.970091114992314 ], [ -119.843169209645737, 33.970063114992286 ], [ -119.84233420964496, 33.970237114992443 ], [ -119.841762209644401, 33.970164114992372 ], [ -119.84172920964437, 33.97028311499249 ], [ -119.840871209643581, 33.970311114992512 ], [ -119.840552209643249, 33.970375114992571 ], [ -119.839001209641808, 33.970366114992558 ], [ -119.837715209640592, 33.970127114992337 ], [ -119.837099209640002, 33.97010011499232 ], [ -119.835768209638772, 33.969779114992022 ], [ -119.834877209637909, 33.969697114991945 ], [ -119.834481209637573, 33.969587114991839 ], [ -119.833426209636556, 33.969458114991717 ], [ -119.833052209636193, 33.9693301149916 ], [ -119.832436209635617, 33.969239114991517 ], [ -119.831600209634829, 33.969037114991323 ], [ -119.831292209634526, 33.968909114991206 ], [ -119.831138209634403, 33.968909114991213 ], [ -119.829631209632993, 33.968377114990709 ], [ -119.828950209632339, 33.968194114990538 ], [ -119.826805209630322, 33.96725011498966 ], [ -119.826387209629914, 33.966911114989351 ], [ -119.825661209629232, 33.966600114989056 ], [ -119.824759209628397, 33.966086114988585 ], [ -119.824463209628107, 33.965967114988473 ], [ -119.824265209627939, 33.965812114988324 ], [ -119.823869209627546, 33.965628114988149 ], [ -119.823473209627167, 33.965298114987839 ], [ -119.821801209625619, 33.964391114986995 ], [ -119.820889209624738, 33.963814114986462 ], [ -119.820097209624024, 33.963411114986087 ], [ -119.819173209623145, 33.962668114985391 ], [ -119.819030209623008, 33.961844114984615 ], [ -119.818909209622916, 33.961578114984377 ], [ -119.818612209622614, 33.961129114983969 ], [ -119.818491209622479, 33.960148114983049 ], [ -119.818425209622433, 33.959892114982814 ], [ -119.818304209622312, 33.959773114982703 ], [ -119.81810620962213, 33.959773114982703 ], [ -119.817820209621871, 33.959919114982839 ], [ -119.817765209621797, 33.960048114982953 ], [ -119.81763320962169, 33.960140114983041 ], [ -119.817182209621279, 33.960671114983533 ], [ -119.816819209620917, 33.960937114983786 ], [ -119.81661020962072, 33.960992114983839 ], [ -119.816269209620415, 33.960992114983839 ], [ -119.814774209619003, 33.96154111498435 ], [ -119.814125209618396, 33.961697114984496 ], [ -119.814026209618291, 33.961761114984554 ], [ -119.813751209618047, 33.961770114984553 ], [ -119.813476209617775, 33.961853114984635 ], [ -119.812233209616593, 33.961844114984629 ], [ -119.811431209615861, 33.962018114984794 ], [ -119.811167209615618, 33.962018114984794 ], [ -119.810947209615378, 33.961945114984715 ], [ -119.810375209614847, 33.962055114984814 ], [ -119.810155209614663, 33.962183114984938 ], [ -119.810111209614618, 33.961917114984701 ], [ -119.810111209614618, 33.962091114984865 ], [ -119.809737209614255, 33.962293114985052 ], [ -119.80972620961424, 33.962430114985168 ], [ -119.809429209613981, 33.962613114985338 ], [ -119.809033209613617, 33.962769114985484 ], [ -119.808494209613116, 33.962861114985579 ], [ -119.808065209612664, 33.962998114985702 ], [ -119.807340209612008, 33.96306211498576 ], [ -119.807131209611796, 33.963127114985824 ], [ -119.80591020961063, 33.963310114985994 ], [ -119.805481209610249, 33.963429114986099 ], [ -119.805228209609993, 33.963374114986053 ], [ -119.805107209609901, 33.963402114986067 ], [ -119.805019209609824, 33.963273114985959 ], [ -119.804777209609583, 33.963273114985959 ], [ -119.80452420960934, 33.963383114986065 ], [ -119.804348209609188, 33.963576114986239 ], [ -119.804238209609082, 33.963557114986223 ], [ -119.803798209608686, 33.963667114986322 ], [ -119.803358209608248, 33.96354811498621 ], [ -119.803073209607959, 33.963777114986428 ], [ -119.802754209607684, 33.963805114986457 ], [ -119.802435209607367, 33.963704114986356 ], [ -119.801951209606926, 33.963383114986065 ], [ -119.801401209606411, 33.963319114986 ], [ -119.800488209605547, 33.963008114985705 ], [ -119.80034520960541, 33.962861114985571 ], [ -119.800169209605258, 33.962540114985273 ], [ -119.800081209605167, 33.962504114985236 ], [ -119.799685209604789, 33.962641114985367 ], [ -119.799201209604348, 33.962568114985288 ], [ -119.798234209603436, 33.962568114985295 ], [ -119.797508209602753, 33.962934114985643 ], [ -119.797046209602314, 33.962861114985579 ], [ -119.79668320960198, 33.962733114985454 ], [ -119.796485209601784, 33.962751114985473 ], [ -119.796397209601707, 33.962668114985391 ], [ -119.796287209601616, 33.962714114985431 ], [ -119.796166209601495, 33.962861114985579 ], [ -119.795847209601192, 33.962916114985632 ], [ -119.794604209600024, 33.962962114985665 ], [ -119.794121209599552, 33.96293411498565 ], [ -119.793879209599339, 33.96287911498559 ], [ -119.793241209598747, 33.96287911498559 ], [ -119.792471209597991, 33.962678114985401 ], [ -119.791679209597262, 33.962265114985016 ], [ -119.791503209597096, 33.962055114984814 ], [ -119.790854209596489, 33.961615114984419 ], [ -119.790260209595942, 33.961001114983844 ], [ -119.790095209595748, 33.960900114983744 ], [ -119.790018209595672, 33.960698114983551 ], [ -119.789809209595489, 33.9604231149833 ], [ -119.789777209595456, 33.959791114982714 ], [ -119.789854209595532, 33.959589114982521 ], [ -119.789843209595517, 33.95936011498231 ], [ -119.789677209595368, 33.959333114982286 ], [ -119.788974209594699, 33.959580114982508 ], [ -119.788545209594304, 33.959645114982578 ], [ -119.788314209594105, 33.959773114982696 ], [ -119.787786209593591, 33.959873114982791 ], [ -119.787148209592985, 33.960121114983018 ], [ -119.786664209592544, 33.960222114983118 ], [ -119.785707209591664, 33.960066114982965 ], [ -119.785630209591588, 33.960112114983005 ], [ -119.78516920959116, 33.960167114983072 ], [ -119.784971209590964, 33.960268114983158 ], [ -119.78491520959092, 33.960203114983088 ], [ -119.784762209590767, 33.960350114983228 ], [ -119.784267209590297, 33.960533114983406 ], [ -119.783761209589812, 33.960543114983409 ], [ -119.783508209589584, 33.960469114983354 ], [ -119.783431209589509, 33.960497114983376 ], [ -119.782958209589054, 33.960378114983257 ], [ -119.782738209588857, 33.960405114983281 ], [ -119.782166209588326, 33.960799114983658 ], [ -119.782078209588221, 33.961303114984126 ], [ -119.782089209588221, 33.961505114984305 ], [ -119.781759209587932, 33.961816114984607 ], [ -119.781408209587582, 33.961935114984719 ], [ -119.780758209586978, 33.961945114984708 ], [ -119.780044209586336, 33.9618161149846 ], [ -119.779406209585702, 33.961395114984199 ], [ -119.77930720958561, 33.961220114984044 ], [ -119.778757209585095, 33.960927114983761 ], [ -119.778460209584807, 33.960854114983711 ], [ -119.77666820958315, 33.960854114983697 ], [ -119.77555720958209, 33.960753114983611 ], [ -119.774490209581103, 33.960762114983616 ], [ -119.774237209580861, 33.960799114983658 ], [ -119.772895209579602, 33.961321114984138 ], [ -119.772434209579146, 33.961715114984514 ], [ -119.771840209578613, 33.962384114985127 ], [ -119.771642209578417, 33.962476114985215 ], [ -119.771202209577993, 33.962494114985219 ], [ -119.770454209577281, 33.962366114985116 ], [ -119.769992209576841, 33.962183114984931 ], [ -119.769838209576719, 33.962000114984761 ], [ -119.769486209576399, 33.961734114984523 ], [ -119.768980209575929, 33.961551114984346 ], [ -119.768519209575473, 33.961312114984139 ], [ -119.768078209575052, 33.960854114983697 ], [ -119.76761720957461, 33.960515114983387 ], [ -119.767133209574169, 33.96038711498327 ], [ -119.764471209571653, 33.96038711498327 ], [ -119.763833209571075, 33.960268114983158 ], [ -119.763492209570771, 33.95993811498284 ], [ -119.763262209570541, 33.959544114982478 ], [ -119.76292120957018, 33.959397114982337 ], [ -119.762811209570103, 33.959296114982251 ], [ -119.76205220956939, 33.959315114982267 ], [ -119.761623209568995, 33.959397114982345 ], [ -119.761040209568449, 33.959434114982379 ], [ -119.760149209567601, 33.959360114982317 ], [ -119.759698209567162, 33.959397114982345 ], [ -119.758907209566431, 33.959214114982174 ], [ -119.757939209565521, 33.959159114982114 ], [ -119.757697209565308, 33.959214114982174 ], [ -119.757532209565156, 33.959296114982251 ], [ -119.757191209564809, 33.959608114982544 ], [ -119.757059209564687, 33.959855114982773 ], [ -119.756278209563973, 33.960405114983288 ], [ -119.755970209563671, 33.960698114983558 ], [ -119.755684209563398, 33.961120114983942 ], [ -119.755046209562821, 33.962659114985385 ], [ -119.754871209562637, 33.96292511498563 ], [ -119.754486209562273, 33.963053114985748 ], [ -119.754002209561818, 33.963099114985795 ], [ -119.753210209561075, 33.962678114985401 ], [ -119.752935209560832, 33.962641114985367 ], [ -119.752220209560164, 33.962879114985583 ], [ -119.751648209559605, 33.963145114985828 ], [ -119.751395209559377, 33.963310114985994 ], [ -119.751098209559089, 33.963392114986064 ], [ -119.751065209559059, 33.963484114986144 ], [ -119.750263209558298, 33.963768114986415 ], [ -119.749537209557616, 33.963878114986521 ], [ -119.748855209556964, 33.963814114986462 ], [ -119.748723209556843, 33.963759114986409 ], [ -119.746336209554613, 33.963347114986021 ], [ -119.746072209554356, 33.963237114985915 ], [ -119.745908209554216, 33.962962114985658 ], [ -119.745809209554096, 33.962898114985606 ], [ -119.745380209553701, 33.962962114985665 ], [ -119.74532520955367, 33.96292511498563 ], [ -119.745105209553458, 33.963017114985711 ], [ -119.744665209553034, 33.963108114985793 ], [ -119.744258209552655, 33.963310114985987 ], [ -119.744060209552472, 33.963475114986146 ], [ -119.743807209552244, 33.963530114986185 ], [ -119.743323209551775, 33.963741114986391 ], [ -119.74280620955129, 33.963722114986368 ], [ -119.742245209550774, 33.963585114986238 ], [ -119.74139820954997, 33.963557114986209 ], [ -119.740618209549226, 33.963475114986146 ], [ -119.740167209548815, 33.963347114986021 ], [ -119.739837209548497, 33.963081114985776 ], [ -119.739452209548148, 33.962971114985677 ], [ -119.739144209547845, 33.962723114985437 ], [ -119.738990209547694, 33.962696114985413 ], [ -119.738781209547511, 33.96234811498509 ], [ -119.738803209547541, 33.96220111498495 ], [ -119.738638209547375, 33.96220111498495 ], [ -119.738330209547101, 33.962586114985314 ], [ -119.737824209546602, 33.962641114985367 ], [ -119.737483209546298, 33.96243011498516 ], [ -119.73716420954598, 33.962036114984805 ], [ -119.736955209545783, 33.961871114984646 ], [ -119.736307209545174, 33.961981114984752 ], [ -119.735537209544475, 33.96234811498509 ], [ -119.735108209544052, 33.962494114985219 ], [ -119.734690209543643, 33.962329114985067 ], [ -119.734272209543263, 33.962082114984838 ], [ -119.733843209542869, 33.961981114984759 ], [ -119.7333592095424, 33.961981114984745 ], [ -119.732579209541683, 33.96186211498464 ], [ -119.731842209540986, 33.961899114984661 ], [ -119.731699209540821, 33.961770114984553 ], [ -119.731413209540591, 33.961670114984464 ], [ -119.730885209540077, 33.961734114984516 ], [ -119.730313209539545, 33.96162411498441 ], [ -119.729873209539136, 33.961734114984509 ], [ -119.729466209538771, 33.961743114984522 ], [ -119.729114209538423, 33.961670114984464 ], [ -119.728993209538302, 33.96153211498433 ], [ -119.728818209538119, 33.961477114984277 ], [ -119.72879520953812, 33.961422114984231 ], [ -119.728938209538256, 33.961395114984199 ], [ -119.728861209538181, 33.961340114984139 ], [ -119.728543209537889, 33.961468114984264 ], [ -119.728245209537604, 33.96170611498448 ], [ -119.728036209537393, 33.961761114984547 ], [ -119.728026209537404, 33.961871114984646 ], [ -119.727652209537041, 33.961963114984727 ], [ -119.727388209536812, 33.961945114984708 ], [ -119.727025209536464, 33.961862114984633 ], [ -119.726464209535933, 33.961560114984351 ], [ -119.726387209535858, 33.961349114984159 ], [ -119.726299209535782, 33.961285114984094 ], [ -119.726310209535811, 33.960992114983839 ], [ -119.726211209535691, 33.960854114983697 ], [ -119.725749209535238, 33.960579114983446 ], [ -119.724825209534387, 33.960543114983409 ], [ -119.723978209533612, 33.960570114983433 ], [ -119.723660209533293, 33.96051511498338 ], [ -119.722670209532353, 33.95969911498262 ], [ -119.72146020953123, 33.959104114982068 ], [ -119.721284209531078, 33.959085114982038 ], [ -119.720723209530561, 33.959388114982339 ], [ -119.720525209530365, 33.959562114982504 ], [ -119.720349209530198, 33.959837114982754 ], [ -119.720107209529985, 33.959984114982888 ], [ -119.719690209529546, 33.960158114983059 ], [ -119.718975209528892, 33.96034111498323 ], [ -119.71821620952818, 33.960350114983221 ], [ -119.715994209526087, 33.961028114983861 ], [ -119.715411209525556, 33.961138114983953 ], [ -119.71511520952528, 33.96114711498398 ], [ -119.714983209525144, 33.961212114984036 ], [ -119.714499209524703, 33.961743114984515 ], [ -119.714246209524433, 33.962229114984979 ], [ -119.714059209524265, 33.96243911498518 ], [ -119.713949209524159, 33.962797114985506 ], [ -119.713916209524129, 33.963429114986091 ], [ -119.713740209523962, 33.963722114986361 ], [ -119.713465209523719, 33.963896114986518 ], [ -119.713179209523446, 33.963979114986614 ], [ -119.712937209523204, 33.96412611498674 ], [ -119.712519209522824, 33.96447411498707 ], [ -119.712475209522779, 33.96460211498718 ], [ -119.712519209522824, 33.965042114987597 ], [ -119.712453209522764, 33.965133114987687 ], [ -119.712222209522537, 33.965262114987809 ], [ -119.711133209521492, 33.965619114988122 ], [ -119.710680209521072, 33.965858114988364 ], [ -119.710677209521094, 33.965800114988305 ] ], [ [ -119.374509209205897, 34.014043115033189 ], [ -119.37452020920594, 34.013622115032803 ], [ -119.374949209206335, 34.013402115032591 ], [ -119.375576209206898, 34.013374115032576 ], [ -119.375785209207123, 34.013466115032656 ], [ -119.375961209207276, 34.013466115032649 ], [ -119.376280209207579, 34.013365115032556 ], [ -119.376533209207807, 34.013191115032399 ], [ -119.377336209208551, 34.013017115032234 ], [ -119.377479209208673, 34.012889115032124 ], [ -119.377523209208718, 34.012696115031943 ], [ -119.377721209208929, 34.012467115031718 ], [ -119.377721209208929, 34.012202115031485 ], [ -119.377677209208869, 34.012128115031402 ], [ -119.377501209208688, 34.012128115031409 ], [ -119.377204209208429, 34.012211115031491 ], [ -119.376874209208111, 34.012211115031484 ], [ -119.376665209207928, 34.012321115031583 ], [ -119.375147209206503, 34.012421115031685 ], [ -119.374949209206335, 34.012559115031813 ], [ -119.373838209205275, 34.012568115031812 ], [ -119.373607209205048, 34.0126511150319 ], [ -119.373431209204881, 34.012632115031877 ], [ -119.373244209204699, 34.012431115031688 ], [ -119.373057209204532, 34.0123481150316 ], [ -119.372881209204394, 34.012357115031627 ], [ -119.372573209204091, 34.012467115031718 ], [ -119.37244120920397, 34.012458115031727 ], [ -119.372342209203893, 34.012257115031531 ], [ -119.372111209203666, 34.012211115031491 ], [ -119.371572209203165, 34.012348115031607 ], [ -119.371286209202893, 34.012330115031602 ], [ -119.371286209202893, 34.012513115031773 ], [ -119.371011209202649, 34.012825115032058 ], [ -119.370175209201861, 34.013118115032334 ], [ -119.369955209201649, 34.013054115032276 ], [ -119.369449209201179, 34.013255115032457 ], [ -119.368921209200693, 34.013402115032598 ], [ -119.368844209200617, 34.013356115032551 ], [ -119.368811209200587, 34.013127115032333 ], [ -119.368723209200496, 34.012999115032223 ], [ -119.368536209200315, 34.012953115032182 ], [ -119.368338209200118, 34.013099115032311 ], [ -119.368217209199997, 34.013438115032635 ], [ -119.367909209199723, 34.013484115032668 ], [ -119.367909209199723, 34.013539115032728 ], [ -119.367579209199405, 34.013356115032551 ], [ -119.367392209199252, 34.013383115032575 ], [ -119.366798209198677, 34.013338115032539 ], [ -119.366787209198691, 34.013292115032499 ], [ -119.366347209198281, 34.013301115032498 ], [ -119.3656432091976, 34.013429115032615 ], [ -119.365159209197159, 34.013860115033026 ], [ -119.364884209196916, 34.013933115033083 ], [ -119.364741209196765, 34.013905115033062 ], [ -119.364268209196339, 34.013979115033138 ], [ -119.362629209194765, 34.014437115033552 ], [ -119.362464209194627, 34.014437115033559 ], [ -119.362365209194536, 34.014354115033484 ], [ -119.362277209194446, 34.014354115033477 ], [ -119.362134209194309, 34.014446115033564 ], [ -119.361969209194172, 34.014675115033782 ], [ -119.361760209193974, 34.014821115033918 ], [ -119.361177209193428, 34.014739115033834 ], [ -119.360605209192897, 34.014766115033865 ], [ -119.360242209192563, 34.015096115034176 ], [ -119.360154209192459, 34.01526111503432 ], [ -119.360099209192427, 34.015279115034339 ], [ -119.35983520919217, 34.015151115034236 ], [ -119.359604209191971, 34.015197115034262 ], [ -119.359473209191833, 34.015325115034379 ], [ -119.359483209191851, 34.01550811503455 ], [ -119.359330209191697, 34.015600115034644 ], [ -119.358856209191273, 34.015591115034631 ], [ -119.358494209190937, 34.015408115034461 ], [ -119.357570209190058, 34.015435115034478 ], [ -119.357383209189877, 34.015637115034664 ], [ -119.357306209189829, 34.015866115034896 ], [ -119.357261209189772, 34.015866115034889 ], [ -119.357284209189785, 34.015517115034562 ], [ -119.357206209189712, 34.01556311503461 ], [ -119.357174209189708, 34.015747115034777 ], [ -119.357338209189848, 34.016012115035032 ], [ -119.357570209190058, 34.016205115035213 ], [ -119.35820820919065, 34.0165161150355 ], [ -119.358626209191058, 34.016589115035565 ], [ -119.359109209191487, 34.016782115035738 ], [ -119.360264209192565, 34.016873115035828 ], [ -119.360693209192959, 34.016800115035764 ], [ -119.361023209193277, 34.016671115035642 ], [ -119.36183720919405, 34.0165161150355 ], [ -119.36181520919402, 34.016617115035586 ], [ -119.362091209194276, 34.017148115036086 ], [ -119.362332209194506, 34.017313115036231 ], [ -119.362806209194929, 34.017185115036121 ], [ -119.363058209195216, 34.017359115036285 ], [ -119.363300209195444, 34.017386115036302 ], [ -119.363861209195946, 34.017084115036027 ], [ -119.364092209196158, 34.01742311503633 ], [ -119.364279209196354, 34.01745911503636 ], [ -119.364686209196719, 34.017075115036015 ], [ -119.364917209196946, 34.017313115036238 ], [ -119.36522520919722, 34.017395115036308 ], [ -119.365379209197371, 34.017359115036278 ], [ -119.365456209197447, 34.017276115036196 ], [ -119.365423209197417, 34.016965115035916 ], [ -119.365973209197918, 34.016937115035887 ], [ -119.366116209198054, 34.016800115035764 ], [ -119.366336209198252, 34.016864115035823 ], [ -119.366556209198464, 34.016846115035797 ], [ -119.366875209198753, 34.016351115035341 ], [ -119.367458209199313, 34.016351115035341 ], [ -119.367579209199405, 34.016314115035307 ], [ -119.367744209199572, 34.016049115035067 ], [ -119.368415209200194, 34.015499115034544 ], [ -119.36855820920033, 34.015325115034379 ], [ -119.368811209200587, 34.01521511503428 ], [ -119.369207209200951, 34.01526111503432 ], [ -119.369163209200906, 34.015389115034445 ], [ -119.369273209201012, 34.01547211503452 ], [ -119.369361209201102, 34.015316115034381 ], [ -119.369449209201179, 34.01526111503432 ], [ -119.369372209201103, 34.015206115034275 ], [ -119.369548209201255, 34.015087115034163 ], [ -119.369570209201299, 34.014904115033993 ], [ -119.369977209201664, 34.014867115033958 ], [ -119.370197209201862, 34.014702115033799 ], [ -119.37049420920215, 34.014812115033919 ], [ -119.370934209202574, 34.014858115033952 ], [ -119.371341209202939, 34.015096115034162 ], [ -119.371572209203165, 34.01517911503425 ], [ -119.372166209203726, 34.015151115034229 ], [ -119.372122209203681, 34.01521511503428 ], [ -119.371803209203364, 34.015225115034291 ], [ -119.371693209203286, 34.015316115034373 ], [ -119.371660209203256, 34.015408115034468 ], [ -119.372155209203711, 34.016205115035206 ], [ -119.372254209203788, 34.01627811503527 ], [ -119.37240820920394, 34.01627811503527 ], [ -119.372507209204031, 34.016214115035211 ], [ -119.372815209204333, 34.015573115034627 ], [ -119.372958209204441, 34.015371115034426 ], [ -119.373134209204608, 34.015325115034379 ], [ -119.373145209204623, 34.015435115034492 ], [ -119.373387209204864, 34.015536115034585 ], [ -119.373684209205123, 34.015472115034527 ], [ -119.373794209205229, 34.015289115034356 ], [ -119.373838209205275, 34.015041115034123 ], [ -119.373761209205199, 34.014611115033723 ], [ -119.373805209205216, 34.014400115033531 ], [ -119.373970209205382, 34.014217115033354 ], [ -119.374058209205486, 34.014180115033327 ], [ -119.374289209205685, 34.014208115033334 ], [ -119.374289209205685, 34.014153115033295 ], [ -119.374322209205715, 34.014199115033342 ], [ -119.374388209205776, 34.014180115033334 ], [ -119.374509209205897, 34.014043115033189 ] ], [ [ -119.387247209217833, 34.007722115027313 ], [ -119.387610209218181, 34.007457115027059 ], [ -119.387951209218485, 34.00738311502699 ], [ -119.388842209219305, 34.007310115026925 ], [ -119.389039209219504, 34.007246115026867 ], [ -119.389546209219986, 34.006816115026467 ], [ -119.390118209220518, 34.005973115025682 ], [ -119.390381209220763, 34.005991115025687 ], [ -119.391107209221417, 34.005863115025576 ], [ -119.391492209221795, 34.005854115025571 ], [ -119.391801209222109, 34.006010115025724 ], [ -119.391976209222264, 34.006266115025952 ], [ -119.392064209222355, 34.006174115025864 ], [ -119.392218209222477, 34.00628411502597 ], [ -119.392812209223052, 34.006440115026116 ], [ -119.392955209223175, 34.006587115026257 ], [ -119.392427209222674, 34.006513115026181 ], [ -119.392680209222931, 34.006596115026269 ], [ -119.39297720922319, 34.006596115026269 ], [ -119.393120209223326, 34.006742115026398 ], [ -119.393021209223235, 34.006614115026281 ], [ -119.393351209223553, 34.006596115026262 ], [ -119.393494209223689, 34.006550115026222 ], [ -119.393978209224116, 34.006156115025853 ], [ -119.394363209224466, 34.005954115025659 ], [ -119.394671209224768, 34.005606115025344 ], [ -119.395430209225481, 34.005735115025459 ], [ -119.396299209226299, 34.005991115025694 ], [ -119.397245209227194, 34.005927115025635 ], [ -119.398136209228014, 34.005973115025682 ], [ -119.398378209228241, 34.005936115025655 ], [ -119.398840209228695, 34.00570711502543 ], [ -119.399038209228863, 34.005670115025396 ], [ -119.399071209228893, 34.005808115025523 ], [ -119.399192209229014, 34.005936115025648 ], [ -119.399522209229318, 34.006092115025794 ], [ -119.400083209229834, 34.006165115025858 ], [ -119.399797209229575, 34.006339115026023 ], [ -119.399610209229394, 34.006513115026181 ], [ -119.399588209229378, 34.006605115026268 ], [ -119.399654209229439, 34.006696115026351 ], [ -119.399808209229562, 34.006706115026361 ], [ -119.400138209229908, 34.006632115026285 ], [ -119.400919209230594, 34.006834115026479 ], [ -119.401293209230957, 34.006806115026464 ], [ -119.401568209231201, 34.006733115026385 ], [ -119.401887209231532, 34.006944115026577 ], [ -119.402063209231684, 34.007008115026636 ], [ -119.403174209232745, 34.006596115026269 ], [ -119.403471209233004, 34.006541115026209 ], [ -119.403779209233306, 34.006761115026421 ], [ -119.404450209233929, 34.006953115026597 ], [ -119.405616209235021, 34.006761115026421 ], [ -119.405968209235354, 34.006568115026234 ], [ -119.40641920923575, 34.006632115026299 ], [ -119.406617209235961, 34.006623115026294 ], [ -119.407167209236448, 34.006321115026005 ], [ -119.407299209236584, 34.006119115025818 ], [ -119.407299209236584, 34.005927115025642 ], [ -119.407376209236659, 34.005936115025648 ], [ -119.407398209236675, 34.005799115025525 ], [ -119.407310209236613, 34.005680115025406 ], [ -119.407266209236568, 34.005432115025179 ], [ -119.407101209236387, 34.005322115025066 ], [ -119.406749209236068, 34.005386115025139 ], [ -119.406144209235507, 34.005395115025152 ], [ -119.404802209234248, 34.005313115025068 ], [ -119.403724209233275, 34.005505115025251 ], [ -119.403273209232836, 34.005542115025293 ], [ -119.402910209232488, 34.005505115025251 ], [ -119.402547209232125, 34.005322115025066 ], [ -119.402360209231972, 34.004883115024654 ], [ -119.40205220923167, 34.004699115024493 ], [ -119.401557209231214, 34.004699115024501 ], [ -119.400908209230607, 34.004901115024673 ], [ -119.400534209230244, 34.004928115024711 ], [ -119.400259209230001, 34.00485511502464 ], [ -119.399962209229713, 34.004626115024422 ], [ -119.399489209229301, 34.004617115024423 ], [ -119.399357209229152, 34.004507115024317 ], [ -119.399313209229135, 34.004388115024213 ], [ -119.399346209229165, 34.004250115024078 ], [ -119.399478209229272, 34.004086115023924 ], [ -119.399478209229272, 34.003719115023578 ], [ -119.399346209229165, 34.003591115023461 ], [ -119.398642209228498, 34.003426115023309 ], [ -119.39831220922818, 34.003426115023309 ], [ -119.39777320922768, 34.003573115023443 ], [ -119.397696209227632, 34.003518115023397 ], [ -119.397652209227573, 34.003362115023243 ], [ -119.397432209227375, 34.00322411502313 ], [ -119.397025209226982, 34.003160115023064 ], [ -119.396101209226103, 34.00313311502304 ], [ -119.396101209226103, 34.003059115022971 ], [ -119.395782209225814, 34.003096115022998 ], [ -119.395705209225738, 34.003279115023176 ], [ -119.395046209225114, 34.003279115023169 ], [ -119.394990209225071, 34.003114115023024 ], [ -119.394583209224706, 34.002913115022828 ], [ -119.39428620922439, 34.002922115022855 ], [ -119.393472209223646, 34.003096115022998 ], [ -119.392933209223145, 34.003096115023006 ], [ -119.392548209222795, 34.003014115022928 ], [ -119.392240209222521, 34.00304111502296 ], [ -119.39205320922234, 34.003105115023018 ], [ -119.392152209222417, 34.002565115022513 ], [ -119.392043209222322, 34.002501115022454 ], [ -119.391481209221809, 34.002528115022471 ], [ -119.391316209221614, 34.002592115022537 ], [ -119.391019209221355, 34.002638115022584 ], [ -119.391019209221355, 34.002730115022672 ], [ -119.390799209221143, 34.002766115022709 ], [ -119.390513209220885, 34.002913115022842 ], [ -119.390139209220521, 34.002959115022882 ], [ -119.389721209220141, 34.003188115023086 ], [ -119.389160209219625, 34.003362115023251 ], [ -119.388787209219274, 34.00366411502354 ], [ -119.388358209218865, 34.003921115023779 ], [ -119.387951209218485, 34.004342115024166 ], [ -119.387445209218029, 34.004626115024415 ], [ -119.387279209217866, 34.004599115024405 ], [ -119.387093209217682, 34.004846115024634 ], [ -119.387016209217606, 34.005075115024852 ], [ -119.387027209217635, 34.005194115024963 ], [ -119.387148209217727, 34.005322115025074 ], [ -119.387225209217803, 34.005515115025254 ], [ -119.387247209217833, 34.006010115025717 ], [ -119.387104209217696, 34.00618311502587 ], [ -119.386774209217393, 34.006357115026027 ], [ -119.386730209217347, 34.006440115026123 ], [ -119.386763209217378, 34.006614115026274 ], [ -119.386653209217272, 34.006806115026457 ], [ -119.386356209217013, 34.007118115026749 ], [ -119.385949209216591, 34.00730111502692 ], [ -119.38579520921644, 34.007173115026802 ], [ -119.385773209216467, 34.007237115026854 ], [ -119.384970209215709, 34.00757611502717 ], [ -119.385003209215725, 34.007640115027243 ], [ -119.384431209215194, 34.007823115027406 ], [ -119.384035209214801, 34.007878115027445 ], [ -119.384057209214845, 34.007924115027492 ], [ -119.383320209214148, 34.008171115027736 ], [ -119.382946209213813, 34.008354115027892 ], [ -119.382583209213465, 34.008437115027974 ], [ -119.382297209213206, 34.00859311502812 ], [ -119.381494209212448, 34.008922115028426 ], [ -119.380636209211644, 34.009985115029416 ], [ -119.380350209211358, 34.009939115029376 ], [ -119.38029520921134, 34.009875115029324 ], [ -119.380174209211191, 34.009875115029324 ], [ -119.379855209210902, 34.010351115029756 ], [ -119.379437209210522, 34.010663115030056 ], [ -119.379327209210416, 34.010617115030009 ], [ -119.379261209210327, 34.010388115029791 ], [ -119.379085209210174, 34.010397115029804 ], [ -119.378931209210037, 34.010644115030033 ], [ -119.378931209210037, 34.010791115030173 ], [ -119.379096209210189, 34.010901115030272 ], [ -119.379525209210584, 34.011011115030371 ], [ -119.379987209211009, 34.010819115030188 ], [ -119.380174209211191, 34.010809115030185 ], [ -119.380350209211386, 34.010883115030254 ], [ -119.380383209211402, 34.011048115030412 ], [ -119.380526209211538, 34.011057115030425 ], [ -119.380636209211644, 34.010901115030272 ], [ -119.38076820921178, 34.010892115030266 ], [ -119.380878209211858, 34.010938115030299 ], [ -119.381043209212038, 34.011194115030534 ], [ -119.381109209212084, 34.011176115030523 ], [ -119.381241209212206, 34.011286115030636 ], [ -119.381505209212463, 34.011249115030594 ], [ -119.381527209212464, 34.011313115030653 ], [ -119.382209209213102, 34.01116711503051 ], [ -119.382253209213147, 34.011231115030576 ], [ -119.382517209213404, 34.011203115030547 ], [ -119.382616209213495, 34.011112115030464 ], [ -119.382528209213433, 34.010516115029901 ], [ -119.382825209213678, 34.010214115029633 ], [ -119.38313320921398, 34.009710115029165 ], [ -119.383441209214268, 34.009426115028887 ], [ -119.383749209214571, 34.009280115028766 ], [ -119.384695209215437, 34.009197115028684 ], [ -119.38495920921568, 34.009225115028705 ], [ -119.385201209215907, 34.009170115028653 ], [ -119.385344209216044, 34.009032115028539 ], [ -119.38535520921603, 34.008519115028051 ], [ -119.385432209216106, 34.008666115028191 ], [ -119.385607209216289, 34.008675115028197 ], [ -119.385607209216289, 34.008629115028157 ], [ -119.385674209216347, 34.008648115028166 ], [ -119.385762209216423, 34.008382115027928 ], [ -119.385949209216591, 34.008327115027875 ], [ -119.38607020921674, 34.008116115027676 ], [ -119.38604820921671, 34.008043115027618 ], [ -119.38596020921662, 34.007997115027564 ], [ -119.385750209216397, 34.007997115027564 ], [ -119.385607209216289, 34.008116115027683 ], [ -119.385630209216302, 34.008272115027822 ], [ -119.385553209216226, 34.008263115027823 ], [ -119.385421209216119, 34.008336115027873 ], [ -119.38544320921612, 34.008189115027747 ], [ -119.385718209216392, 34.007979115027545 ], [ -119.386224209216891, 34.007887115027472 ], [ -119.386873209217484, 34.007851115027428 ], [ -119.387247209217833, 34.007722115027313 ] ], [ [ -119.438923209266193, 34.011634115030951 ], [ -119.438725209266011, 34.011387115030715 ], [ -119.438725209266011, 34.011167115030517 ], [ -119.438626209265905, 34.010965115030331 ], [ -119.438373209265663, 34.010791115030173 ], [ -119.43819720926551, 34.010809115030192 ], [ -119.43819720926551, 34.010699115030086 ], [ -119.438076209265404, 34.010443115029844 ], [ -119.437944209265268, 34.010333115029745 ], [ -119.437691209265026, 34.010232115029645 ], [ -119.437075209264478, 34.010122115029546 ], [ -119.436569209264007, 34.010251115029661 ], [ -119.436030209263478, 34.010214115029626 ], [ -119.435227209262749, 34.010535115029938 ], [ -119.434941209262448, 34.01055311502995 ], [ -119.434941209262448, 34.010617115030009 ], [ -119.434380209261946, 34.011066115030424 ], [ -119.43413820926169, 34.011194115030541 ], [ -119.43388520926149, 34.011139115030488 ], [ -119.43366520926125, 34.010901115030279 ], [ -119.433555209261172, 34.010681115030067 ], [ -119.43333520926096, 34.010406115029802 ], [ -119.432631209260322, 34.010003115029427 ], [ -119.432191209259898, 34.009985115029416 ], [ -119.431927209259641, 34.009848115029278 ], [ -119.431025209258806, 34.008996115028495 ], [ -119.431014209258805, 34.008922115028433 ], [ -119.429507209257352, 34.008648115028166 ], [ -119.429914209257774, 34.008657115028186 ], [ -119.429892209257758, 34.008620115028144 ], [ -119.429111209257016, 34.008574115028111 ], [ -119.428605209256531, 34.008391115027933 ], [ -119.428363209256318, 34.008116115027676 ], [ -119.427912209255879, 34.008098115027657 ], [ -119.427901209255865, 34.007841115027418 ], [ -119.427857209255848, 34.0080251150276 ], [ -119.427483209255485, 34.008006115027577 ], [ -119.427483209255485, 34.0079241150275 ], [ -119.426625209254681, 34.007961115027527 ], [ -119.426273209254362, 34.007915115027487 ], [ -119.425954209254073, 34.007750115027335 ], [ -119.424855209253025, 34.007814115027394 ], [ -119.424426209252601, 34.007676115027273 ], [ -119.423568209251812, 34.007283115026908 ], [ -119.423216209251493, 34.007045115026678 ], [ -119.42309420925136, 34.006889115026532 ], [ -119.42306120925133, 34.006770115026427 ], [ -119.422918209251193, 34.00677011502642 ], [ -119.422874209251177, 34.00643111502611 ], [ -119.422742209251041, 34.006211115025899 ], [ -119.422500209250813, 34.006083115025788 ], [ -119.422412209250751, 34.005954115025659 ], [ -119.422380209250704, 34.005295115025056 ], [ -119.422446209250751, 34.005276115025033 ], [ -119.422291209250631, 34.005166115024927 ], [ -119.421895209250252, 34.005194115024956 ], [ -119.421181209249596, 34.005423115025174 ], [ -119.421115209249521, 34.005386115025139 ], [ -119.420532209248989, 34.005707115025423 ], [ -119.420191209248657, 34.005698115025432 ], [ -119.419541209248052, 34.005579115025313 ], [ -119.419300209247837, 34.005588115025326 ], [ -119.418794209247338, 34.005826115025549 ], [ -119.418794209247338, 34.005890115025601 ], [ -119.418299209246882, 34.006000115025714 ], [ -119.418288209246882, 34.006055115025767 ], [ -119.418211209246806, 34.006083115025788 ], [ -119.418145209246731, 34.006000115025707 ], [ -119.417430209246064, 34.006165115025865 ], [ -119.416913209245592, 34.006394115026076 ], [ -119.416957209245624, 34.00646711502614 ], [ -119.416308209245017, 34.006568115026241 ], [ -119.415538209244303, 34.006467115026147 ], [ -119.415274209244075, 34.00638511502607 ], [ -119.415054209243849, 34.006202115025893 ], [ -119.414889209243697, 34.006174115025864 ], [ -119.414394209243241, 34.00646711502614 ], [ -119.413954209242831, 34.006449115026115 ], [ -119.413580209242468, 34.006706115026368 ], [ -119.412854209241786, 34.006944115026585 ], [ -119.412502209241438, 34.006980115026614 ], [ -119.411512209240527, 34.006898115026544 ], [ -119.411006209240071, 34.006669115026327 ], [ -119.410775209239844, 34.006742115026391 ], [ -119.410709209239769, 34.006696115026351 ], [ -119.410577209239648, 34.006779115026433 ], [ -119.410236209239343, 34.006770115026427 ], [ -119.410104209239208, 34.006348115026029 ], [ -119.409444209238615, 34.00615611502586 ], [ -119.409059209238251, 34.006119115025818 ], [ -119.408179209237417, 34.006138115025848 ], [ -119.408025209237266, 34.006092115025801 ], [ -119.408025209237266, 34.006174115025864 ], [ -119.407970209237206, 34.006183115025884 ], [ -119.407915209237174, 34.006247115025943 ], [ -119.4078602092371, 34.005881115025595 ], [ -119.40777220923701, 34.005844115025567 ], [ -119.407673209236918, 34.005863115025569 ], [ -119.407519209236796, 34.006000115025714 ], [ -119.40742020923669, 34.006302115025989 ], [ -119.407464209236736, 34.006440115026116 ], [ -119.407607209236872, 34.006504115026175 ], [ -119.407662209236904, 34.006467115026155 ], [ -119.407684209236947, 34.006504115026182 ], [ -119.407849209237085, 34.00643111502611 ], [ -119.407904209237145, 34.006275115025964 ], [ -119.408003209237236, 34.006577115026239 ], [ -119.408179209237403, 34.006706115026361 ], [ -119.408146209237373, 34.006761115026414 ], [ -119.40841020923763, 34.006834115026486 ], [ -119.408542209237766, 34.006935115026579 ], [ -119.408652209237871, 34.006953115026597 ], [ -119.40938920923854, 34.006761115026421 ], [ -119.409400209238555, 34.00690711502655 ], [ -119.409510209238661, 34.006999115026645 ], [ -119.410016209239146, 34.007045115026678 ], [ -119.411237209240284, 34.007502115027101 ], [ -119.411776209240784, 34.007896115027471 ], [ -119.411930209240907, 34.008153115027703 ], [ -119.412029209241012, 34.008162115027716 ], [ -119.412150209241133, 34.00854711502808 ], [ -119.412381209241346, 34.008831115028343 ], [ -119.414438209243272, 34.009893115029335 ], [ -119.415604209244364, 34.010892115030252 ], [ -119.416297209245016, 34.011725115031041 ], [ -119.416495209245213, 34.011780115031087 ], [ -119.416869209245547, 34.012009115031297 ], [ -119.41801320924661, 34.013173115032387 ], [ -119.418244209246836, 34.013301115032505 ], [ -119.418728209247277, 34.013402115032605 ], [ -119.419530209248038, 34.014025115033178 ], [ -119.419872209248368, 34.014162115033301 ], [ -119.419993209248489, 34.014391115033511 ], [ -119.420091209248568, 34.014428115033553 ], [ -119.420554209249005, 34.014363115033497 ], [ -119.420774209249203, 34.014400115033524 ], [ -119.420949209249372, 34.014711115033819 ], [ -119.421411209249797, 34.015197115034262 ], [ -119.421544209249916, 34.01526111503432 ], [ -119.422303209250629, 34.015289115034349 ], [ -119.42251220925084, 34.015334115034399 ], [ -119.422500209250813, 34.015389115034445 ], [ -119.423039209251314, 34.015472115034527 ], [ -119.423743209251967, 34.015472115034527 ], [ -119.424128209252345, 34.015389115034445 ], [ -119.4246232092528, 34.015499115034551 ], [ -119.425811209253908, 34.015408115034468 ], [ -119.426020209254119, 34.015316115034381 ], [ -119.426251209254332, 34.015316115034373 ], [ -119.427153209255167, 34.015554115034604 ], [ -119.427395209255394, 34.015536115034593 ], [ -119.427703209255696, 34.015399115034448 ], [ -119.428165209256122, 34.015435115034492 ], [ -119.429089209256972, 34.015426115034487 ], [ -119.429969209257777, 34.015289115034356 ], [ -119.430090209257898, 34.015316115034381 ], [ -119.430552209258352, 34.015591115034631 ], [ -119.431047209258836, 34.015719115034749 ], [ -119.43135520925911, 34.016085115035096 ], [ -119.431916209259626, 34.016131115035144 ], [ -119.432565209260233, 34.016287115035283 ], [ -119.432521209260187, 34.016324115035317 ], [ -119.432961209260611, 34.016369115035353 ], [ -119.433313209260959, 34.016168115035171 ], [ -119.433500209261112, 34.016140115035142 ], [ -119.433621209261233, 34.016195115035195 ], [ -119.434061209261642, 34.016140115035149 ], [ -119.434259209261825, 34.016021115035031 ], [ -119.434391209261932, 34.015857115034883 ], [ -119.43472120926225, 34.01560911503465 ], [ -119.434985209262507, 34.015582115034626 ], [ -119.435733209263219, 34.01507811503415 ], [ -119.435942209263416, 34.014794115033887 ], [ -119.435953209263431, 34.014547115033658 ], [ -119.435997209263448, 34.014547115033665 ], [ -119.435975209263432, 34.014318115033454 ], [ -119.436107209263554, 34.014153115033295 ], [ -119.436415209263856, 34.014070115033221 ], [ -119.437416209264782, 34.014089115033229 ], [ -119.437427209264797, 34.014134115033279 ], [ -119.437823209265147, 34.014244115033378 ], [ -119.437977209265298, 34.014391115033511 ], [ -119.438208209265525, 34.014400115033524 ], [ -119.439671209266876, 34.014253115033384 ], [ -119.439880209267073, 34.014327115033453 ], [ -119.440067209267255, 34.014345115033471 ], [ -119.440485209267635, 34.014107115033255 ], [ -119.440727209267905, 34.014235115033372 ], [ -119.44110120926824, 34.01428111503342 ], [ -119.442014209269104, 34.014006115033155 ], [ -119.442190209269256, 34.014015115033168 ], [ -119.442652209269681, 34.014199115033335 ], [ -119.44310320927012, 34.014253115033391 ], [ -119.443565209270545, 34.014180115033327 ], [ -119.443917209270879, 34.013979115033138 ], [ -119.443917209270879, 34.013869115033032 ], [ -119.443807209270773, 34.013741115032914 ], [ -119.44343320927041, 34.013594115032781 ], [ -119.44308120927009, 34.013667115032845 ], [ -119.442641209269667, 34.013576115032762 ], [ -119.442575209269606, 34.013301115032505 ], [ -119.442410209269468, 34.013127115032333 ], [ -119.442223209269287, 34.013044115032258 ], [ -119.441948209269043, 34.013017115032241 ], [ -119.441695209268801, 34.012935115032157 ], [ -119.441640209268741, 34.012788115032016 ], [ -119.441277209268421, 34.012678115031925 ], [ -119.440969209268118, 34.012696115031943 ], [ -119.440507209267693, 34.012504115031767 ], [ -119.440441209267632, 34.012660115031906 ], [ -119.440309209267468, 34.01273311503197 ], [ -119.439979209267179, 34.012733115031978 ], [ -119.43960520926683, 34.012605115031853 ], [ -119.438989209266254, 34.012211115031491 ], [ -119.438923209266193, 34.011634115030951 ] ] ] } }
]
}
