{
"type": "FeatureCollection",
"name": "HIHWNMS",
"crs": { "type": "name", "properties": { "name": "urn:ogc:def:crs:OGC:1.3:CRS84" } },
"features": [
{ "type": "Feature", "properties": { "sanctuary": "HIHWNMS", "datum": "NAD 83", "area_name": "LANAI", "poly_id": 1, "area_km": 2696.5116, "area_nm": 786.3028, "area_sm": 1041.1248, "area_acres": 666344.3337, "shape_leng": 6.1650340037599998, "shape_le_1": 6.1650758016199996, "shape_area": 0.23410064664800001 }, "geometry": { "type": "Polygon", "coordinates": [ [ [ -157.762631188974041, 20.893593782838867 ], [ -157.761818501417679, 20.897101252489616 ], [ -157.759252063534177, 20.902276878860878 ], [ -157.756514531794522, 20.905484910996151 ], [ -157.75476081279038, 20.909249036990047 ], [ -157.753777000180065, 20.912285975278685 ], [ -157.752793218863019, 20.916563351377093 ], [ -157.751638312535249, 20.921610665173091 ], [ -157.751766625178334, 20.924904259741652 ], [ -157.754161969618849, 20.929609385842923 ], [ -157.755530751235341, 20.931491448770775 ], [ -157.757113376665245, 20.933843980559526 ], [ -157.758225501999249, 20.936410418666195 ], [ -157.757840533240795, 20.938591887972862 ], [ -157.757070595623901, 20.940088982120468 ], [ -157.756044032953554, 20.941671607547367 ], [ -157.755017439019753, 20.942869295378134 ], [ -157.754119188880622, 20.944537483322453 ], [ -157.752707657398076, 20.946761702671473 ], [ -157.751424438452744, 20.949242578330651 ], [ -157.750012875708194, 20.951124641344244 ], [ -157.747403718957941, 20.953220548198182 ], [ -157.743682374466204, 20.955402017607771 ], [ -157.740174936259478, 20.957241299425313 ], [ -157.738078998392865, 20.959936050163048 ], [ -157.736838560723299, 20.962887425938536 ], [ -157.735726435626788, 20.96712205203065 ], [ -157.735384248227973, 20.972169334552078 ], [ -157.73534146717796, 20.978157711049402 ], [ -157.734699873409539, 20.981665180695444 ], [ -157.733031685655021, 20.984873244048384 ], [ -157.731449060401275, 20.987567963520455 ], [ -157.728882622423754, 20.990048839219465 ], [ -157.725075746673468, 20.992529746206785 ], [ -157.723835308956069, 20.994112371640483 ], [ -157.722552121239744, 20.995994434650328 ], [ -157.721268871075779, 20.999373560534245 ], [ -157.720926683620291, 21.00279546764984 ], [ -157.71977177724952, 21.006602343636743 ], [ -157.718060839591914, 21.012847282750069 ], [ -157.717376464598686, 21.01733856514354 ], [ -157.717077058435621, 21.021701503743085 ], [ -157.716520964597805, 21.022685316506113 ], [ -157.715451620642568, 21.023540785502924 ], [ -157.713912651574816, 21.02413369194862 ], [ -157.712411682509781, 21.024565285852837 ], [ -157.710424525845895, 21.025227629829732 ], [ -157.708952556782435, 21.025522036198762 ], [ -157.707774994013107, 21.025227629911551 ], [ -157.706082212362332, 21.024418067261482 ], [ -157.704315868195494, 21.023608473363673 ], [ -157.702623086573084, 21.02360847341593 ], [ -157.701224711288745, 21.024270879874646 ], [ -157.700047148565744, 21.025301255168522 ], [ -157.698501585792769, 21.027214818194487 ], [ -157.69658802298261, 21.030379537794534 ], [ -157.695189647747128, 21.032440288352781 ], [ -157.69401208505252, 21.034280257599026 ], [ -157.693128897389158, 21.035163445347049 ], [ -157.691288928249804, 21.035605039264222 ], [ -157.689596177900569, 21.036267414482047 ], [ -157.688874896526158, 21.037246289748989 ], [ -157.68774445886325, 21.039695634146138 ], [ -157.686378427391872, 21.041956572253468 ], [ -157.684682739573248, 21.043510978944372 ], [ -157.682751520462659, 21.045348010713212 ], [ -157.681291332689199, 21.046713948599752 ], [ -157.678936175973774, 21.048221292799273 ], [ -157.678182488322761, 21.048645199178512 ], [ -157.677052050570694, 21.048551011689856 ], [ -157.675638987761403, 21.048598105495259 ], [ -157.674602706304796, 21.04921044943033 ], [ -157.673378018604609, 21.051188762462701 ], [ -157.672388862222761, 21.053638138105583 ], [ -157.671729424641967, 21.055475138585205 ], [ -157.670693143220063, 21.057076639017584 ], [ -157.669798236825926, 21.058583920672064 ], [ -157.667866986488377, 21.061080390105843 ], [ -157.666312579968888, 21.063152921922015 ], [ -157.664899485965634, 21.064801516127833 ], [ -157.663392204431744, 21.066167516515915 ], [ -157.661413860279339, 21.067109579312554 ], [ -157.659718172402791, 21.067015360591341 ], [ -157.658257984551739, 21.066167516674426 ], [ -157.656279640358008, 21.065932016676612 ], [ -157.655102077615311, 21.066403016830723 ], [ -157.653877389880421, 21.067392204615878 ], [ -157.653029546004831, 21.069135017577828 ], [ -157.652935327278641, 21.070406799148742 ], [ -157.653594764979943, 21.072008299528854 ], [ -157.655243390413801, 21.074033706234417 ], [ -157.657834047336451, 21.076954113134668 ], [ -157.659341328989228, 21.078979519844573 ], [ -157.659765266648634, 21.080863645302614 ], [ -157.659482641622787, 21.081899926820476 ], [ -157.65863479774066, 21.08345430223536 ], [ -157.657645641305947, 21.084396365001489 ], [ -157.656420953554488, 21.084914521418888 ], [ -157.653170859118774, 21.085762365481315 ], [ -157.650815702366828, 21.086233396921855 ], [ -157.647471389145437, 21.086657303381159 ], [ -157.644127075904208, 21.086515990949092 ], [ -157.640735668902607, 21.086374709768485 ], [ -157.635365917756673, 21.08741096019342 ], [ -157.632115823284465, 21.087222553996625 ], [ -157.629430947698239, 21.087363866614826 ], [ -157.628159166188055, 21.087929085545447 ], [ -157.627311322282708, 21.088824054545452 ], [ -157.626887384730622, 21.090001617353053 ], [ -157.62580400962085, 21.093675649555426 ], [ -157.625474290879112, 21.095983712642898 ], [ -157.626463447477391, 21.099704838543101 ], [ -157.626557666300982, 21.101212120167201 ], [ -157.625898197501527, 21.103944120870924 ], [ -157.624626447290865, 21.10592243390504 ], [ -157.622459696883084, 21.107900778216809 ], [ -157.619727727584319, 21.109408059928217 ], [ -157.61628919561997, 21.11063274784075 ], [ -157.607433849982357, 21.112422654811901 ], [ -157.602488036429321, 21.113458936473808 ], [ -157.600321285970239, 21.113977061670305 ], [ -157.599002410707783, 21.114777811911335 ], [ -157.59707119157531, 21.116002468527334 ], [ -157.594857347416905, 21.118263437911317 ], [ -157.592172471889853, 21.120100438453775 ], [ -157.589157877525253, 21.121513532650368 ], [ -157.58604909562672, 21.122549814255571 ], [ -157.581480094658076, 21.123633158417601 ], [ -157.573990718069126, 21.12537597158472 ], [ -157.573237061667896, 21.125799909214045 ], [ -157.571918186408681, 21.126694846978666 ], [ -157.568620998299366, 21.13003916041724 ], [ -157.566077435351104, 21.13324219254725 ], [ -157.562968622304652, 21.137198818633305 ], [ -157.560707684403866, 21.139977944398556 ], [ -157.556374214845789, 21.144170039331385 ], [ -157.554301683198446, 21.145865789819734 ], [ -157.548178275729299, 21.14958691593997 ], [ -157.54393902485603, 21.151329729006942 ], [ -157.537014867173866, 21.154014604892517 ], [ -157.534565522921895, 21.155097948989219 ], [ -157.533105335131381, 21.155992918008273 ], [ -157.530844365920927, 21.157076293349178 ], [ -157.528112427859952, 21.158253856228193 ], [ -157.525521739826786, 21.159337231579268 ], [ -157.524579677142214, 21.159996669273383 ], [ -157.522789770535582, 21.161080044599778 ], [ -157.52099986394046, 21.162493138758716 ], [ -157.519209957328854, 21.163435201549746 ], [ -157.517608456992292, 21.163906232967037 ], [ -157.517137425648315, 21.164188858052306 ], [ -157.515724331591713, 21.164330170631246 ], [ -157.513840206177946, 21.164377264451115 ], [ -157.513039455998097, 21.164283045702192 ], [ -157.510872736760462, 21.164000420698208 ], [ -157.507528423473588, 21.162587357947459 ], [ -157.503760203854824, 21.161503982792304 ], [ -157.500274546808242, 21.160703232699174 ], [ -157.495988170830117, 21.159761170095297 ], [ -157.490524232130213, 21.159902482798888 ], [ -157.489005638037526, 21.159679201539721 ], [ -157.48593073107682, 21.158744670150362 ], [ -157.482705136594433, 21.158141763848665 ], [ -157.477399447923347, 21.158111639004357 ], [ -157.473390040781737, 21.15790060782485 ], [ -157.470857790220123, 21.157810170380081 ], [ -157.463924226184645, 21.157629264297981 ], [ -157.455453224321587, 21.157780014596138 ], [ -157.452438629908784, 21.157840295953882 ], [ -157.448278503985875, 21.157689577293965 ], [ -157.435767907466754, 21.157418265110294 ], [ -157.433898907053418, 21.157388140160144 ], [ -157.429497593588792, 21.157568984090581 ], [ -157.424838248823335, 21.157925328072853 ], [ -157.422426592050755, 21.158195421964532 ], [ -157.420497279132491, 21.158407640826905 ], [ -157.418529309953698, 21.158561984675959 ], [ -157.415828215621872, 21.158967172360338 ], [ -157.413956777735194, 21.159719610106247 ], [ -157.412914933761442, 21.159893235181706 ], [ -157.411082058360421, 21.159989704012098 ], [ -157.41005952689153, 21.160182641591799 ], [ -157.408400276546274, 21.160780735542534 ], [ -157.406142963563667, 21.16122448572294 ], [ -157.403711994294099, 21.161706798418322 ], [ -157.401782650135857, 21.162208454853179 ], [ -157.396322617744943, 21.164041330479794 ], [ -157.39522289876237, 21.164330705586018 ], [ -157.393467210882335, 21.164542924443023 ], [ -157.390727554043877, 21.165005987143036 ], [ -157.390071553913259, 21.165411112264639 ], [ -157.388470209853551, 21.166665206377932 ], [ -157.386425115689207, 21.167726362956493 ], [ -157.38555692801242, 21.168150800589459 ], [ -157.382431396088094, 21.168594550796449 ], [ -157.38061780195261, 21.169019019708397 ], [ -157.378804239075862, 21.169694269933178 ], [ -157.375697988431313, 21.170871176573261 ], [ -157.372746112812735, 21.171816520650598 ], [ -157.368810268251167, 21.173456489932132 ], [ -157.363485298407056, 21.175790990680284 ], [ -157.360147516474711, 21.177353772424151 ], [ -157.35567145305788, 21.179398866823774 ], [ -157.352796764976375, 21.180923023543787 ], [ -157.351079639642279, 21.182215680170348 ], [ -157.349844858145872, 21.182968149146735 ], [ -157.347857639003507, 21.184299368291232 ], [ -157.345175857224604, 21.186112962577898 ], [ -157.34336229436451, 21.187270556673564 ], [ -157.341625887763399, 21.188196650708853 ], [ -157.337304168125712, 21.190106682569937 ], [ -157.335124011440001, 21.191418651715534 ], [ -157.332693042219148, 21.19331130851436 ], [ -157.330671104339814, 21.195240652809868 ], [ -157.329652416648202, 21.196197621830937 ], [ -157.328896104010227, 21.197031090813002 ], [ -157.327877416331461, 21.198358466176924 ], [ -157.327121103695617, 21.199253716424483 ], [ -157.326380259816432, 21.200241497944774 ], [ -157.325346134625704, 21.201321935747277 ], [ -157.323910696856018, 21.202680186131712 ], [ -157.321981352740636, 21.204424311627999 ], [ -157.320237227413514, 21.206091249599279 ], [ -157.318462227094074, 21.208174906425974 ], [ -157.317505289432233, 21.209594938061265 ], [ -157.316394008016317, 21.211879313667968 ], [ -157.315437039140988, 21.214348814316363 ], [ -157.313087882621204, 21.221498503680781 ], [ -157.312716163869055, 21.223792848017379 ], [ -157.253999150909578, 21.224166849908009 ], [ -157.254281244716879, 21.224022599863215 ], [ -157.254356525970678, 21.223653037268228 ], [ -157.254630182283705, 21.22372638102825 ], [ -157.254845182329916, 21.22368969351248 ], [ -157.255001557347896, 21.223213193388208 ], [ -157.255548869952293, 21.222736693251974 ], [ -157.256076620063823, 21.222590068199068 ], [ -157.256526182670171, 21.222791661985891 ], [ -157.25681937023495, 21.222791661976927 ], [ -157.25732755783639, 21.222480099383262 ], [ -157.257816214194378, 21.222480099368322 ], [ -157.257953057972088, 21.222406755595745 ], [ -157.257972589212386, 21.222003567994037 ], [ -157.257679401639933, 21.221783630447838 ], [ -157.257933495439715, 21.221600380394115 ], [ -157.258011682949359, 21.221380442836566 ], [ -157.258383058028244, 21.221288817802243 ], [ -157.258383058016136, 21.220940598964912 ], [ -157.258089901694973, 21.220757286427908 ], [ -157.258089901690511, 21.220628973895725 ], [ -157.258461245515548, 21.220427442583834 ], [ -157.258598058034977, 21.220115848751515 ], [ -157.258207151686491, 21.219767598676121 ], [ -157.258207151678818, 21.219547692370977 ], [ -157.258441714227473, 21.219456036090822 ], [ -157.25877399556046, 21.219730973649614 ], [ -157.258969464355602, 21.21978594240743 ], [ -157.259516745708623, 21.219272754761999 ], [ -157.259516745695265, 21.218887879665477 ], [ -157.259907683274037, 21.218667942098381 ], [ -157.2598685895058, 21.218393035780629 ], [ -157.260142214561171, 21.218246410735503 ], [ -157.259868589487326, 21.217861504397341 ], [ -157.260220402056774, 21.217623254326838 ], [ -157.260318152071363, 21.217421629273282 ], [ -157.260044495748815, 21.217073441694325 ], [ -157.259809933195697, 21.217036754192307 ], [ -157.259770839424959, 21.216688535356173 ], [ -157.259184464294123, 21.216651879114888 ], [ -157.258793557915737, 21.21544222257349 ], [ -157.259086745473496, 21.215240628763976 ], [ -157.259301745520986, 21.215240628757407 ], [ -157.259321308018968, 21.215057316210835 ], [ -157.259125807968729, 21.214855722416257 ], [ -157.258773995389078, 21.214800722413223 ], [ -157.258637182842904, 21.214342503552487 ], [ -157.257835776395495, 21.213756003429893 ], [ -157.254786556918873, 21.212234753141569 ], [ -157.25431746306586, 21.21225306566048 ], [ -157.254239275534559, 21.211849846811756 ], [ -157.253848337934187, 21.211446596722563 ], [ -157.253340150311033, 21.211135002909945 ], [ -157.252753743932118, 21.211153346682451 ], [ -157.252401931338483, 21.210695127828295 ], [ -157.252186900040357, 21.210676784080263 ], [ -157.251854618692704, 21.209980283915748 ], [ -157.251815493668147, 21.209522065052031 ], [ -157.251600524863647, 21.209320471258035 ], [ -157.251639618607015, 21.208880564896521 ], [ -157.251385493547673, 21.208788908631302 ], [ -157.251346431032033, 21.208587283581927 ], [ -157.250681837133925, 21.208550627343037 ], [ -157.250095461996096, 21.208312377301191 ], [ -157.249587274368537, 21.207872470956396 ], [ -157.249587274358987, 21.20759753338745 ], [ -157.25013455572352, 21.207414220824759 ], [ -157.2508382121284, 21.207395877048672 ], [ -157.250916368389881, 21.207230939504921 ], [ -157.250662305823568, 21.20693765818914 ], [ -157.25013455569615, 21.206626064377108 ], [ -157.250095461922882, 21.206204470522575 ], [ -157.249841368107809, 21.205947876715992 ], [ -157.249782711849946, 21.206094501754542 ], [ -157.248824961628173, 21.205801251710245 ], [ -157.248649055333544, 21.205636282924257 ], [ -157.248414492760105, 21.20501306402512 ], [ -157.247710805094414, 21.204719813973067 ], [ -157.247476273779228, 21.204334876383694 ], [ -157.247613086301214, 21.204096595069757 ], [ -157.247691273797471, 21.203491719915686 ], [ -157.247808586318939, 21.203363407379918 ], [ -157.248844492802277, 21.203491719880489 ], [ -157.249118149109563, 21.20340006359914 ], [ -157.249352711653131, 21.203161782282223 ], [ -157.249196336608378, 21.202868500963451 ], [ -157.248375398918739, 21.202630219678763 ], [ -157.248101773850635, 21.202410250881943 ], [ -157.248336305148001, 21.202281938342612 ], [ -157.248649055218351, 21.202318625842267 ], [ -157.248179930109643, 21.202171969569811 ], [ -157.248258148840023, 21.201108813050801 ], [ -157.248394930108759, 21.2007788754639 ], [ -157.248160398793601, 21.200393969124534 ], [ -157.248277648796602, 21.199734062705463 ], [ -157.248062648739563, 21.199459125143079 ], [ -157.248179930007836, 21.199239156334333 ], [ -157.248414492555867, 21.199129187549602 ], [ -157.248707711370628, 21.199129187540656 ], [ -157.248805398887754, 21.199000843755481 ], [ -157.248492680059144, 21.198725906196092 ], [ -157.247710804877443, 21.198469281155599 ], [ -157.247476273564814, 21.198157656084604 ], [ -157.24776946111183, 21.197644405946949 ], [ -157.247710804812556, 21.196599561936729 ], [ -157.24747627349231, 21.196067968060586 ], [ -157.248258148590679, 21.193923279998916 ], [ -157.248492679858145, 21.192933404743524 ], [ -157.248649054892041, 21.192915060984159 ], [ -157.248727211150396, 21.192658435917419 ], [ -157.249118148729764, 21.192456779604914 ], [ -157.24929405502246, 21.192566779627139 ], [ -157.249411336296447, 21.19251177960977 ], [ -157.249567711316416, 21.192090185749279 ], [ -157.249587273804195, 21.191613560629161 ], [ -157.249430867504998, 21.191191935528217 ], [ -157.24837539849446, 21.19040368536275 ], [ -157.248219023449138, 21.190092060289377 ], [ -157.248140835876512, 21.188497216141847 ], [ -157.248375398413089, 21.188057247274358 ], [ -157.248375398373668, 21.186920653239362 ], [ -157.248688148424947, 21.186407434351125 ], [ -157.248649054632608, 21.185435809108679 ], [ -157.249059523443435, 21.184574183880098 ], [ -157.24974361730645, 21.183474277333431 ], [ -157.251991430275041, 21.182667652062602 ], [ -157.252382367853784, 21.18244765199552 ], [ -157.252499649115691, 21.182044339390814 ], [ -157.252401930281792, 21.180247745193309 ], [ -157.252284617728577, 21.179459463749243 ], [ -157.252108711432697, 21.179257776204025 ], [ -157.251522336298734, 21.179129463689744 ], [ -157.251346430005412, 21.179001119912915 ], [ -157.251307304984692, 21.178652807326781 ], [ -157.251444148745236, 21.17808449468011 ], [ -157.252050086344127, 21.177076213158816 ], [ -157.252675555211312, 21.176471181738037 ], [ -157.253750617919593, 21.175627868993796 ], [ -157.254923368120785, 21.173959524789726 ], [ -157.256780274716846, 21.172107836768834 ], [ -157.261099994298348, 21.168569366999925 ], [ -157.265732463924166, 21.164315803292247 ], [ -157.26680749538238, 21.163472396798021 ], [ -157.267999808122823, 21.162812365346191 ], [ -157.269602589680431, 21.161473896211749 ], [ -157.270677652391186, 21.160703833485918 ], [ -157.272299996470252, 21.159860426975001 ], [ -157.272886371601658, 21.159915426970915 ], [ -157.273511840498685, 21.160172114516183 ], [ -157.274586903224048, 21.15982373939605 ], [ -157.274723715758711, 21.159952114424069 ], [ -157.274645559478103, 21.15956705182991 ], [ -157.275310090853253, 21.158943645403372 ], [ -157.275603309673727, 21.159108676685793 ], [ -157.275505590896444, 21.158943645397411 ], [ -157.275779215939082, 21.158430270260364 ], [ -157.276013809734508, 21.158246926457249 ], [ -157.276170122276653, 21.158466926507625 ], [ -157.277166997490468, 21.158283582681261 ], [ -157.277518810074554, 21.158466926466488 ], [ -157.277772903875558, 21.158320238921966 ], [ -157.277890216393843, 21.158100270113245 ], [ -157.277714310093558, 21.157770176285858 ], [ -157.277733841342155, 21.157605144993898 ], [ -157.278066122661102, 21.1574768324516 ], [ -157.27798793512855, 21.157036769843671 ], [ -157.278066122639501, 21.156853426045316 ], [ -157.279023904087012, 21.156450019664991 ], [ -157.279395279156319, 21.156083300811723 ], [ -157.279375716643699, 21.155844957002572 ], [ -157.278867528993345, 21.154744800492303 ], [ -157.278965247754172, 21.154433112911185 ], [ -157.279395279094643, 21.154304737865893 ], [ -157.280548498124119, 21.155019863009976 ], [ -157.280646248139988, 21.154854831715621 ], [ -157.281076248242528, 21.155074863007659 ], [ -157.281349904547312, 21.154909831707958 ], [ -157.281447623309958, 21.15465311289061 ], [ -157.281623560847521, 21.154616456626066 ], [ -157.281682185849064, 21.154286394041531 ], [ -157.282581311039962, 21.15406636270896 ], [ -157.283167686132572, 21.15300289367449 ], [ -157.283324061167121, 21.153002893669726 ], [ -157.283128561116342, 21.152782862370529 ], [ -157.28342181117344, 21.152562831056432 ], [ -157.283421811167102, 21.152379456010465 ], [ -157.283148123599062, 21.152159393463656 ], [ -157.283128561086471, 21.151921049654501 ], [ -157.283324061119458, 21.151627674575003 ], [ -157.283812717474802, 21.151554330791718 ], [ -157.283675904926156, 21.151022580662591 ], [ -157.284653217628005, 21.150619143031662 ], [ -157.284907311406158, 21.14981236157168 ], [ -157.28479003012518, 21.149665674038481 ], [ -157.284926811400311, 21.149518986497547 ], [ -157.285591436544536, 21.149445673958898 ], [ -157.286021436618512, 21.148840548794105 ], [ -157.2864905617202, 21.148785517516004 ], [ -157.286627374247217, 21.148693861238858 ], [ -157.286705561751774, 21.148327111144535 ], [ -157.28660781171493, 21.147887048537214 ], [ -157.286803280497907, 21.147593642207713 ], [ -157.287448311877625, 21.147226923346118 ], [ -157.287995624481994, 21.14675014195992 ], [ -157.288347437059002, 21.146731829444601 ], [ -157.288542905847095, 21.146585110651856 ], [ -157.288816562156256, 21.146548454384327 ], [ -157.289148843456729, 21.145888329208727 ], [ -157.289109749669507, 21.145063141503091 ], [ -157.288992468389807, 21.144953110229093 ], [ -157.289207468424564, 21.144586391380614 ], [ -157.290047968580922, 21.143742859893553 ], [ -157.291103468789231, 21.143027734682118 ], [ -157.291064375022927, 21.142807672128153 ], [ -157.290458437374525, 21.142385890790909 ], [ -157.290477999871854, 21.142184203239765 ], [ -157.289696124691631, 21.141964171958456 ], [ -157.289344312103736, 21.141670765645653 ], [ -157.28934431209359, 21.141377359322121 ], [ -157.289539780878471, 21.141138984256404 ], [ -157.29010659349791, 21.140973921697746 ], [ -157.290165249755205, 21.140808890404593 ], [ -157.290595249850725, 21.140827234146077 ], [ -157.290751656131476, 21.140717202863726 ], [ -157.291044812415066, 21.139818640129576 ], [ -157.29090799986642, 21.139286858750459 ], [ -157.290634343542024, 21.138883421157693 ], [ -157.289696124567087, 21.13836998355761 ], [ -157.289500687012463, 21.138039889730841 ], [ -157.289696124552478, 21.137948202201894 ], [ -157.289657062040675, 21.137856514680102 ], [ -157.290223874645505, 21.137269702015743 ], [ -157.290145687122504, 21.137104639476764 ], [ -157.290810281007168, 21.136756233119176 ], [ -157.291357562356438, 21.136132732946223 ], [ -157.292315312555161, 21.135765951575085 ], [ -157.293097187705541, 21.135124107640369 ], [ -157.294504500487051, 21.134280576136057 ], [ -157.295833657008245, 21.133638700934643 ], [ -157.296498219647987, 21.133436982113832 ], [ -157.296791407205092, 21.133216919549735 ], [ -157.296869625958408, 21.132813481946236 ], [ -157.297026000988467, 21.132685106909296 ], [ -157.29653731336154, 21.132134950536319 ], [ -157.296654594610118, 21.131346387835109 ], [ -157.296107313203692, 21.130319418844419 ], [ -157.296126875703578, 21.130191043811646 ], [ -157.29591184440423, 21.130136012554416 ], [ -157.295892313138438, 21.129805918722283 ], [ -157.296771875790057, 21.128577199637522 ], [ -157.297006438317709, 21.127880324455727 ], [ -157.297690563454154, 21.12745851182915 ], [ -157.297846907232326, 21.127275105528433 ], [ -157.29853103231855, 21.125404511288775 ], [ -157.298706938605505, 21.125349480019615 ], [ -157.298961063634266, 21.124560854814234 ], [ -157.299234657439627, 21.124414167269126 ], [ -157.300055657619538, 21.12437747973491 ], [ -157.299918813791749, 21.123002010644388 ], [ -157.300133782581554, 21.122781916832665 ], [ -157.299997001300738, 21.122763604332253 ], [ -157.299840626253541, 21.122396791745089 ], [ -157.299664719967865, 21.122488479273429 ], [ -157.299019688550061, 21.121754885359248 ], [ -157.298570125919071, 21.120837885143153 ], [ -157.298511500893426, 21.120471103803016 ], [ -157.298726500920594, 21.119884197399379 ], [ -157.298882875957645, 21.119957572413007 ], [ -157.299117407248644, 21.119645759827719 ], [ -157.299469251012169, 21.11779338435278 ], [ -157.300153344835707, 21.115555852521215 ], [ -157.301032907479737, 21.114106914631321 ], [ -157.302401220223999, 21.11243788292137 ], [ -157.302538001500409, 21.112327851639634 ], [ -157.30240122021641, 21.112217789116226 ], [ -157.302596657749405, 21.111924320286722 ], [ -157.302772564012798, 21.111190663847516 ], [ -157.304590376843606, 21.109154788281973 ], [ -157.306271345910091, 21.107577381585482 ], [ -157.306584064706868, 21.106935443915088 ], [ -157.30674043971095, 21.106055006189717 ], [ -157.306935908499639, 21.105926631151586 ], [ -157.307170471019049, 21.104991193410047 ], [ -157.30767868985393, 21.104202474446925 ], [ -157.307893689902016, 21.104220818194982 ], [ -157.307893689899458, 21.10414744317659 ], [ -157.30771778361003, 21.10412909942735 ], [ -157.307717783604289, 21.103964036885994 ], [ -157.308128252433477, 21.103633849290759 ], [ -157.309105533856012, 21.102386598948453 ], [ -157.310141502814389, 21.101799630019816 ], [ -157.309555096418421, 21.101322723668176 ], [ -157.309457377624, 21.1006623797557 ], [ -157.308773252453335, 21.100093754634063 ], [ -157.307971877216204, 21.098351191721854 ], [ -157.30771778339934, 21.098039347901459 ], [ -157.305841314205338, 21.097177253992598 ], [ -157.304824938945529, 21.096150035016166 ], [ -157.303769438685293, 21.095361284850675 ], [ -157.303495782371698, 21.095269566086031 ], [ -157.302596657174519, 21.095306253622589 ], [ -157.302049344548038, 21.095141159847898 ], [ -157.301541156918745, 21.094645878489267 ], [ -157.301560688164813, 21.094407409678919 ], [ -157.300837500484249, 21.093802097049263 ], [ -157.299703781479593, 21.093673690801605 ], [ -157.299273781377707, 21.093471909514143 ], [ -157.298648312472551, 21.092976628159075 ], [ -157.297983749820162, 21.092811534387945 ], [ -157.297104155879168, 21.092903253187696 ], [ -157.296732780804206, 21.093105034499562 ], [ -157.296732780810544, 21.093288472045533 ], [ -157.29579456186741, 21.093692034675211 ], [ -157.294934530435171, 21.093912159756549 ], [ -157.294035405237338, 21.093930503538509 ], [ -157.294015842722217, 21.09361865971097 ], [ -157.293683561403327, 21.09374706600325 ], [ -157.291533467169899, 21.093490253504335 ], [ -157.289578872992251, 21.093600347341404 ], [ -157.287800153840777, 21.093343503581178 ], [ -157.287702403824881, 21.093508597375518 ], [ -157.286588278568843, 21.093215097335868 ], [ -157.28598234092496, 21.092921597280753 ], [ -157.285708715851882, 21.09255472219715 ], [ -157.285317778270013, 21.092683128491224 ], [ -157.285083215728378, 21.092976628571908 ], [ -157.285005059456665, 21.092848222292105 ], [ -157.283949559216694, 21.092646441023653 ], [ -157.280685308482873, 21.09226122227642 ], [ -157.279277995662028, 21.091967722245677 ], [ -157.278613433005205, 21.091674253442346 ], [ -157.277733839031953, 21.090830409507628 ], [ -157.277284276422591, 21.090536909447753 ], [ -157.276346057482556, 21.091032190850402 ], [ -157.273394556824655, 21.090848753394184 ], [ -157.27030627488088, 21.090500253400744 ], [ -157.265458805022774, 21.089399597022258 ], [ -157.264520586068187, 21.089472972069164 ], [ -157.263777804639034, 21.089032721981408 ], [ -157.262898241948648, 21.089142784535721 ], [ -157.26094361651397, 21.08905106582213 ], [ -157.259751303743116, 21.088830909553188 ], [ -157.258070272105556, 21.088353971984731 ], [ -157.25696052186197, 21.088395628278889 ], [ -157.25692258435646, 21.088477722050623 ], [ -157.256848053090664, 21.088497222057764 ], [ -157.256751490569258, 21.088494909560129 ], [ -157.256674490552825, 21.088511003316498 ], [ -157.256630490543046, 21.088509847067545 ], [ -157.256481396759199, 21.088482315815167 ], [ -157.256400740491245, 21.088477722066472 ], [ -157.256301740468501, 21.088451347062875 ], [ -157.256238177954373, 21.088449065814228 ], [ -157.25617461543996, 21.08843756581328 ], [ -157.256084177919689, 21.088429565814021 ], [ -157.255932615384836, 21.088389409558562 ], [ -157.255751740342816, 21.088328628298822 ], [ -157.25567233407395, 21.088290784541748 ], [ -157.255623427812083, 21.088258659535182 ], [ -157.255381427755168, 21.088157722017243 ], [ -157.255135771448039, 21.088072847003428 ], [ -157.255059990179944, 21.08803497199624 ], [ -157.254967115158138, 21.087997159489582 ], [ -157.254879115136873, 21.087943221978744 ], [ -157.2547862088648, 21.08789734697006 ], [ -157.254693333843278, 21.087868659465695 ], [ -157.254524677554969, 21.087837690713055 ], [ -157.254431802534413, 21.087835409465299 ], [ -157.254231364990943, 21.087859503227428 ], [ -157.253797489895589, 21.08787209699377 ], [ -157.253634927360281, 21.087888159502736 ], [ -157.253436927316557, 21.087888159508751 ], [ -157.253281708531631, 21.087868659508576 ], [ -157.253177833508744, 21.087869815762019 ], [ -157.253056802231839, 21.087865222014546 ], [ -157.2528392709348, 21.087893909528347 ], [ -157.2524860833567, 21.087889315787923 ], [ -157.252405395838622, 21.08788244078865 ], [ -157.25233086457223, 21.087884753291497 ], [ -157.252270958308543, 21.087870972039855 ], [ -157.252198864541469, 21.087837690783704 ], [ -157.252148770780252, 21.087833097034078 ], [ -157.252085208265498, 21.087812472030837 ], [ -157.252037520754925, 21.087810159531703 ], [ -157.251942208233174, 21.087789534529435 ], [ -157.251828551957971, 21.087787222032301 ], [ -157.251694083177711, 21.087770034532085 ], [ -157.251536426891363, 21.087725284525657 ], [ -157.251405645609992, 21.087653034511515 ], [ -157.251217458063252, 21.087502753229572 ], [ -157.251179551803261, 21.087455721968929 ], [ -157.251158770547221, 21.087413284458925 ], [ -157.251133114290496, 21.08738347195224 ], [ -157.25110745803309, 21.087333003190366 ], [ -157.251091551777819, 21.087281346927906 ], [ -157.251080551774862, 21.087266471924508 ], [ -157.251073239272159, 21.087234346916684 ], [ -157.251045114264059, 21.087179315653749 ], [ -157.251014551754224, 21.087089846882254 ], [ -157.2509998955002, 21.087068034377225 ], [ -157.250985239244642, 21.087000378110712 ], [ -157.250991332995937, 21.086998065609947 ], [ -157.251019457999604, 21.086923503090407 ], [ -157.251051239254394, 21.086860440573627 ], [ -157.251073239258204, 21.086829471815207 ], [ -157.251156333024539, 21.086770971798021 ], [ -157.251461895587994, 21.086656253009995 ], [ -157.251549864356917, 21.086640190503289 ], [ -157.251618333122025, 21.08664019050121 ], [ -157.251788239412434, 21.086725065517324 ], [ -157.251813864418381, 21.086733128018565 ], [ -157.251839520673968, 21.086729659266911 ], [ -157.251854208176667, 21.086714753012735 ], [ -157.251854208175757, 21.08668837800613 ], [ -157.251812645663989, 21.086612659238412 ], [ -157.251752770648693, 21.086553034225286 ], [ -157.25172464564173, 21.086531221720673 ], [ -157.251681864380544, 21.086480752959325 ], [ -157.251492426833977, 21.086344252930864 ], [ -157.251318895540919, 21.086205471651351 ], [ -157.251272426779849, 21.086182534147014 ], [ -157.251254114275184, 21.086164190392982 ], [ -157.251236989271405, 21.086163034143205 ], [ -157.251202770512947, 21.086137784137915 ], [ -157.25116855175483, 21.086121721634932 ], [ -157.251063457979058, 21.086047190369449 ], [ -157.250985239210365, 21.08600587786146 ], [ -157.250913114192713, 21.085955409101011 ], [ -157.250742020402043, 21.085871721585228 ], [ -157.250640551627441, 21.085807440322196 ], [ -157.250584364114331, 21.085787940319019 ], [ -157.250539145353201, 21.085753534061766 ], [ -157.25049023909142, 21.085726002806354 ], [ -157.250479239088577, 21.085713377803526 ], [ -157.250425457825941, 21.085691596549694 ], [ -157.25033620780394, 21.085625096535736 ], [ -157.250300801544881, 21.085588377777608 ], [ -157.250222582775422, 21.085525284014178 ], [ -157.250210364021655, 21.085494315256785 ], [ -157.250204239018217, 21.08543353399174 ], [ -157.250190801514464, 21.085410565236387 ], [ -157.250156582753533, 21.085313065212993 ], [ -157.250115020241878, 21.085240815196151 ], [ -157.250095488985806, 21.085190346434089 ], [ -157.250090582733662, 21.085159377676476 ], [ -157.250066145226384, 21.085105471413708 ], [ -157.250033145215099, 21.084989596385672 ], [ -157.250034363964801, 21.084972408881331 ], [ -157.249961051442028, 21.084780846335537 ], [ -157.249956145189657, 21.084744127576485 ], [ -157.249934145183147, 21.084695971315085 ], [ -157.24992192642847, 21.084638565051076 ], [ -157.249896270170552, 21.084573221285467 ], [ -157.249876707663475, 21.084492940015945 ], [ -157.249865707660291, 21.084472283761105 ], [ -157.249844926402574, 21.084380533738745 ], [ -157.249851051403709, 21.084373627486826 ], [ -157.249835145148211, 21.084316283722931 ], [ -157.249831488895893, 21.084272689962116 ], [ -157.249802145135789, 21.084167158686558 ], [ -157.249766707618704, 21.083899908620658 ], [ -157.249748395112249, 21.08382878360338 ], [ -157.249723926355387, 21.083786346093497 ], [ -157.249662832589991, 21.083731283581546 ], [ -157.249638395084247, 21.083720971079703 ], [ -157.249580926321556, 21.083720971081448 ], [ -157.249539395063124, 21.083742752338175 ], [ -157.249506395057324, 21.083785189849813 ], [ -157.249495363806801, 21.083841408614234 ], [ -157.249518613816605, 21.083976752397454 ], [ -157.249536926322236, 21.084022627408388 ], [ -157.249556488829938, 21.084121283682528 ], [ -157.249616270099352, 21.084301377475846 ], [ -157.248671832403289, 21.08466250259503 ], [ -157.248667957401977, 21.08464894009175 ], [ -157.24864595739686, 21.084640908840406 ], [ -157.248543301124727, 21.084655815097257 ], [ -157.248518832369768, 21.084669565101446 ], [ -157.24850298861719, 21.08469709635883 ], [ -157.248501738618188, 21.084733815118067 ], [ -157.248512769872804, 21.084796908883551 ], [ -157.248509082373459, 21.0848393463943 ], [ -157.248465082364902, 21.084872596403965 ], [ -157.248342863589784, 21.084926533921188 ], [ -157.248247551070534, 21.084979283937304 ], [ -157.248219426064338, 21.084979283938161 ], [ -157.248201082310544, 21.08498731519073 ], [ -157.248192551059077, 21.08499878394386 ], [ -157.248122863544978, 21.085035502705185 ], [ -157.248061769782908, 21.085077940217669 ], [ -157.247957894761242, 21.085114627730029 ], [ -157.247880925995787, 21.085158252743291 ], [ -157.247704894709727, 21.085239690269049 ], [ -157.247565550930773, 21.085292471536516 ], [ -157.247509332168391, 21.085293565288492 ], [ -157.247460488408194, 21.085309627794 ], [ -157.247456769657674, 21.085318815296421 ], [ -157.24735289463581, 21.085349815307346 ], [ -157.247277113370131, 21.085380752817404 ], [ -157.247260019616277, 21.085378471567342 ], [ -157.247236800861486, 21.085388784070631 ], [ -157.247164675846051, 21.085402534076277 ], [ -157.247125582088017, 21.085419752831772 ], [ -157.247069363326091, 21.085433534086935 ], [ -157.24694101954961, 21.085487409104338 ], [ -157.246800457022573, 21.085603284137644 ], [ -157.246714925755356, 21.085651440402309 ], [ -157.24664280074154, 21.085713377920023 ], [ -157.246571925727096, 21.085747815430803 ], [ -157.246543800721753, 21.08577303418798 ], [ -157.246518144466563, 21.085786815442216 ], [ -157.246415488194941, 21.085817784203094 ], [ -157.246358050682744, 21.085830377957986 ], [ -157.246237050656163, 21.085834971712817 ], [ -157.246144144386051, 21.085846440468512 ], [ -157.246074488121252, 21.085863659224945 ], [ -157.245933956841839, 21.085910690490994 ], [ -157.245831269320547, 21.085950815504169 ], [ -157.245767738057111, 21.085966878010133 ], [ -157.245704175543068, 21.085966878012062 ], [ -157.24563695677881, 21.085985253018709 ], [ -157.24561373802419, 21.085999003022863 ], [ -157.245492737998831, 21.086039128036585 ], [ -157.245388862977649, 21.086089628052392 ], [ -157.245299644208956, 21.086118284312295 ], [ -157.24526783170262, 21.08613778431814 ], [ -157.245209175441403, 21.086188253082579 ], [ -157.245123644176033, 21.086290346860764 ], [ -157.244976956648657, 21.086436034401721 ], [ -157.244897519132508, 21.086476159414197 ], [ -157.244808300364696, 21.086531221930713 ], [ -157.244671425336662, 21.086594315700673 ], [ -157.244467331545309, 21.086702096983881 ], [ -157.24441111278415, 21.086738846994805 ], [ -157.24435611277363, 21.086785878258251 ], [ -157.244013893955014, 21.086986597068957 ], [ -157.243918518935516, 21.087032503333361 ], [ -157.243861112673301, 21.087046253338556 ], [ -157.24382811266662, 21.08706344084386 ], [ -157.243740112649306, 21.087124253361782 ], [ -157.243708300143368, 21.087155222120497 ], [ -157.243693675141088, 21.087183878378131 ], [ -157.243674112637365, 21.087201097133047 ], [ -157.243489581348882, 21.087266472155022 ], [ -157.24332339381661, 21.087394940942271 ], [ -157.243285456308598, 21.087405253446011 ], [ -157.243265925055141, 21.087430503452939 ], [ -157.243264706305922, 21.087460315960438 ], [ -157.243272018808028, 21.087474097213669 ], [ -157.243317237569073, 21.087505065970063 ], [ -157.243371018830999, 21.087507347219002 ], [ -157.243394237586813, 21.087526847223181 ], [ -157.24346758135394, 21.087553222227566 ], [ -157.243487143859312, 21.087585347235031 ], [ -157.243492018861161, 21.08760712849034 ], [ -157.24356167512849, 21.087663347252313 ], [ -157.243570237631104, 21.087684003507231 ], [ -157.243569018881772, 21.087711534764168 ], [ -157.243532362627008, 21.087809003539707 ], [ -157.243503018872502, 21.087865222304693 ], [ -157.243473675117343, 21.087904222315355 ], [ -157.243443143861583, 21.087932909823479 ], [ -157.243352706343757, 21.087993691091455 ], [ -157.243314800086722, 21.088032691102388 ], [ -157.243252487574466, 21.088077409865488 ], [ -157.243173018808051, 21.088109503625937 ], [ -157.243088706290877, 21.088151972389145 ], [ -157.242911487503903, 21.088213909910049 ], [ -157.242769706223754, 21.088247191172695 ], [ -157.242673112452792, 21.088257503678211 ], [ -157.242448268653447, 21.088266691187339 ], [ -157.24237614363733, 21.088260941188093 ], [ -157.242334612377761, 21.08824947243648 ], [ -157.242228268604237, 21.088248284939407 ], [ -157.242146393585728, 21.088236847439028 ], [ -157.242090174823346, 21.088236847440733 ], [ -157.241881174776296, 21.088209347440191 ], [ -157.241741862245505, 21.088209347444415 ], [ -157.241741862245789, 21.088217378696431 ], [ -157.241613518467432, 21.088217378700325 ], [ -157.241611080966607, 21.088209347448391 ], [ -157.241448674669186, 21.08787306611903 ], [ -157.240595986974085, 21.087675253595343 ], [ -157.239266830442006, 21.088005441218449 ], [ -157.236530361094083, 21.088188878847497 ], [ -157.234614829418575, 21.088115503887245 ], [ -157.232445203958491, 21.088665816591039 ], [ -157.230256015972543, 21.08859244163909 ], [ -157.228946421948535, 21.089032723039185 ], [ -157.227773640428808, 21.088720847996601 ], [ -157.226131765080765, 21.089142785652193 ], [ -157.225095796102039, 21.089142785683624 ], [ -157.224216233416001, 21.089381254520081 ], [ -157.223121639429337, 21.089528004590083 ], [ -157.220228795046182, 21.089693098469226 ], [ -157.21831326338517, 21.090041629864697 ], [ -157.217218669383357, 21.089748129824326 ], [ -157.21657366924029, 21.089729786089293 ], [ -157.214931762640958, 21.090115004985655 ], [ -157.213778512389439, 21.090206755043631 ], [ -157.212371230814739, 21.089803161235135 ], [ -157.210944355499606, 21.089803161278404 ], [ -157.210084292819147, 21.090078317623469 ], [ -157.208559698726077, 21.089894880123705 ], [ -157.207914667336155, 21.089968255161658 ], [ -157.207895136088155, 21.090151661458229 ], [ -157.207875573578804, 21.090004942672042 ], [ -157.205862323141105, 21.090206755283674 ], [ -157.204090010240719, 21.089947286522364 ], [ -157.204070010247591, 21.090274255354931 ], [ -157.203933166466868, 21.09026047410563 ], [ -157.203896447708445, 21.090251286604435 ], [ -157.203714353917462, 21.090228349104205 ], [ -157.203513916371691, 21.090184786599366 ], [ -157.203474791362481, 21.090168724096522 ], [ -157.203425916351392, 21.09015953659571 ], [ -157.203372135088756, 21.090138880342153 ], [ -157.203248697560582, 21.090111349088993 ], [ -157.203147260038008, 21.090106786590923 ], [ -157.203087353774464, 21.090097599090431 ], [ -157.203020135009581, 21.090096442842185 ], [ -157.202940697492323, 21.090104474096606 ], [ -157.202833166217886, 21.090086130345263 ], [ -157.202666947431112, 21.090082692849446 ], [ -157.202603384917211, 21.090087286602518 ], [ -157.202460384885455, 21.090081536605425 ], [ -157.202402947372434, 21.090072380354862 ], [ -157.202339384858561, 21.090076942857934 ], [ -157.202280728596264, 21.090096442864596 ], [ -157.202098634805566, 21.090081536616385 ], [ -157.201987416031415, 21.090094161622918 ], [ -157.20158529094283, 21.090101036636828 ], [ -157.201557197186304, 21.09009184913538 ], [ -157.201511978426481, 21.090096442887905 ], [ -157.201476540918549, 21.090093005388116 ], [ -157.201416634655715, 21.090104474142805 ], [ -157.201378759647355, 21.090105630394245 ], [ -157.201306634631948, 21.090120536650176 ], [ -157.201278540876302, 21.090136599155038 ], [ -157.201197884609371, 21.09016181791381 ], [ -157.201144103347616, 21.090165286666309 ], [ -157.201046322076621, 21.090182474173584 ], [ -157.200872759539806, 21.090227192940056 ], [ -157.200756665765397, 21.090262755452486 ], [ -157.200613665736199, 21.090331599224086 ], [ -157.200551321973109, 21.09035222423114 ], [ -157.200480446958636, 21.090386630491924 ], [ -157.200426665697961, 21.090421036752179 ], [ -157.20035700943339, 21.090445130510332 ], [ -157.200317884425488, 21.090466943016985 ], [ -157.200222571905073, 21.090485286774474 ], [ -157.2001590093912, 21.090489880527546 ], [ -157.199983009354128, 21.090541505545826 ], [ -157.199919478090095, 21.090542630548033 ], [ -157.199774040557202, 21.090519693046687 ], [ -157.19971291554387, 21.090524286799688 ], [ -157.1995919155178, 21.090543786808251 ], [ -157.199440352983942, 21.090532318059967 ], [ -157.199192259180222, 21.090563286825251 ], [ -157.199000384137662, 21.090558693079917 ], [ -157.198846384103859, 21.090565568086308 ], [ -157.198736384080064, 21.090579349343098 ], [ -157.198655727812394, 21.090582786846397 ], [ -157.198472352772882, 21.090611443109147 ], [ -157.198359946498186, 21.090616036863704 ], [ -157.19827929023009, 21.090608005614136 ], [ -157.198100852691653, 21.090635536876448 ], [ -157.197951758908573, 21.090632099380098 ], [ -157.197880821393227, 21.090641255634541 ], [ -157.19773419636104, 21.090647036890445 ], [ -157.197653540093569, 21.090657349395467 ], [ -157.197569196325048, 21.090659630648595 ], [ -157.197473883803696, 21.090651599399479 ], [ -157.197130446226083, 21.090599974396941 ], [ -157.197079102464301, 21.090587380645331 ], [ -157.196917789928108, 21.090570161895911 ], [ -157.196871352417503, 21.090559818144726 ], [ -157.196868883666184, 21.090538036889342 ], [ -157.19686035241449, 21.090543786891043 ], [ -157.196857883664364, 21.090555255643984 ], [ -157.196849321162091, 21.090544943141669 ], [ -157.196747883638892, 21.090522005638984 ], [ -157.196666008620781, 21.090520849391176 ], [ -157.196623227361783, 21.090533474395645 ], [ -157.196548664846375, 21.090564443155657 ], [ -157.196472914831332, 21.090613755670322 ], [ -157.19640322731837, 21.090683724439984 ], [ -157.196401977319312, 21.090719286948932 ], [ -157.196355571061474, 21.090790380718158 ], [ -157.196307914802162, 21.090825943228523 ], [ -157.196226008535575, 21.090868380741639 ], [ -157.196133133516042, 21.090898224501938 ], [ -157.195982820984227, 21.090937193266253 ], [ -157.195911914718863, 21.090946380770717 ], [ -157.195794570942894, 21.090945224523978 ], [ -157.19571025842481, 21.090960162030278 ], [ -157.195602695902636, 21.091007162045326 ], [ -157.195478039627631, 21.091079443317234 ], [ -157.195343633350944, 21.091167724593433 ], [ -157.195275164587656, 21.091220505858736 ], [ -157.195196945821209, 21.091244599617145 ], [ -157.195020945782488, 21.091249224623645 ], [ -157.19492072701189, 21.091293912137882 ], [ -157.194738633221732, 21.091295068393684 ], [ -157.194688508210902, 21.091301943396939 ], [ -157.194532070676445, 21.091306505902818 ], [ -157.194469758163109, 21.091318005907588 ], [ -157.194373195642072, 21.091326037162531 ], [ -157.194297414375285, 21.091324912164545 ], [ -157.194231414360104, 21.091306505911927 ], [ -157.194182539348162, 21.091274412155361 ], [ -157.194144601838303, 21.091230849645594 ], [ -157.194128758083679, 21.091198724638019 ], [ -157.194123851831591, 21.091168912130698 ], [ -157.194046883064487, 21.09116550588217 ], [ -157.193782851757476, 21.091203318399657 ], [ -157.193600757969506, 21.091269818421836 ], [ -157.193448007936013, 21.091276724678202 ], [ -157.19334410166374, 21.091296224686243 ], [ -157.193248789141222, 21.091253787178495 ], [ -157.193103320356158, 21.091167724661322 ], [ -157.192950570322154, 21.091160880914234 ], [ -157.19272450777504, 21.09124344344178 ], [ -157.192607132751959, 21.091324912215764 ], [ -157.192425038967002, 21.091478599759814 ], [ -157.192143913908325, 21.091578381043355 ], [ -157.192102382649011, 21.091573787293459 ], [ -157.192101163898428, 21.091564599791187 ], [ -157.191987476374379, 21.091595599802403 ], [ -157.191958163867895, 21.091595599803291 ], [ -157.191928820111769, 21.09160475605648 ], [ -157.191901945105656, 21.091600162306143 ], [ -157.191877507599798, 21.091587568553731 ], [ -157.19181272633358, 21.091531349791591 ], [ -157.191714945059601, 21.091462537277302 ], [ -157.191681945051926, 21.09145106852543 ], [ -157.191656288796253, 21.091451068526208 ], [ -157.191570726276666, 21.091431568523909 ], [ -157.191454601249745, 21.09139372476794 ], [ -157.191450194994502, 21.091269818487003 ], [ -157.190889913618236, 21.091197287235797 ], [ -157.18916985074398, 21.091362381079307 ], [ -157.188700725632174, 21.091123912283738 ], [ -157.188368444312545, 21.091233974821389 ], [ -157.187742944190774, 21.091710912459927 ], [ -157.187312944101507, 21.091876006264343 ], [ -157.186550631425547, 21.091655881232249 ], [ -157.184947849790603, 21.090757037305437 ], [ -157.184459193428864, 21.090646974792655 ], [ -157.183775068276475, 21.090610287304173 ], [ -157.181957286636276, 21.090940474942016 ], [ -157.180256755025795, 21.091380725103917 ], [ -157.178380317101812, 21.091105568841741 ], [ -157.177813473227218, 21.091123912613508 ], [ -157.176406129179611, 21.091509131502718 ], [ -157.175037910151929, 21.092224537973518 ], [ -157.173962878669499, 21.09237131929288 ], [ -157.168802658783306, 21.0924813507267 ], [ -157.166672127053801, 21.092224538226791 ], [ -157.166672127050646, 21.092132819453802 ], [ -157.166554845777284, 21.09220619447575 ], [ -157.164404751541554, 21.091894350712632 ], [ -157.162606501139237, 21.091747631980265 ], [ -157.161081875808065, 21.091912694567796 ], [ -157.158912250357105, 21.092738163590443 ], [ -157.156977218685256, 21.092903257440398 ], [ -157.15316565533999, 21.092811538782716 ], [ -157.150722373540674, 21.092536382537627 ], [ -157.149530060767773, 21.092261226254688 ], [ -157.149119591905674, 21.091637538610708 ], [ -157.148552748024144, 21.091454101081837 ], [ -157.148024997916991, 21.091729226166802 ], [ -157.147360435297884, 21.092536382639324 ], [ -157.146930403962301, 21.092811538971329 ], [ -157.139600589867882, 21.093545289376994 ], [ -157.137079120577738, 21.094040570827442 ], [ -157.13557402651972, 21.094755946052366 ], [ -157.13481174510315, 21.094810977339215 ], [ -157.130472494224875, 21.097158915559255 ], [ -157.128615587584022, 21.097727540758008 ], [ -157.127735993643427, 21.097837603312193 ], [ -157.127442806072963, 21.097672509529644 ], [ -157.127227806012229, 21.09728732193954 ], [ -157.127012774717855, 21.097379040719041 ], [ -157.126758680921796, 21.097672509550325 ], [ -157.12646549335571, 21.097635853299998 ], [ -157.126367774567143, 21.097140571928733 ], [ -157.126055024495514, 21.097067196919777 ], [ -157.12582046194558, 21.097122196940663 ], [ -157.125429555630603, 21.097745884608905 ], [ -157.123748586535498, 21.098516291102943 ], [ -157.122399898748171, 21.098828134971921 ], [ -157.121168460976634, 21.098846478763729 ], [ -157.120503898324756, 21.098699728747004 ], [ -157.119487491836281, 21.0982961661765 ], [ -157.119096585486034, 21.097892634837091 ], [ -157.11894024169959, 21.097837603578007 ], [ -157.118647022892333, 21.098057728642083 ], [ -157.118431991616831, 21.098699728809617 ], [ -157.118080179044739, 21.098864791361649 ], [ -157.117474241412083, 21.098901478889157 ], [ -157.116379647406973, 21.098516291325613 ], [ -157.115890991049582, 21.098534603844968 ], [ -157.115206865909073, 21.098846478943866 ], [ -157.114815959586537, 21.0992500103069 ], [ -157.114503209514282, 21.099158291543336 ], [ -157.114366396985929, 21.099213322811277 ], [ -157.114249115715666, 21.099378416606225 ], [ -157.11432727200372, 21.099983729255687 ], [ -157.113682271856078, 21.099836979238372 ], [ -157.113349990537671, 21.099983729285217 ], [ -157.11317405300889, 21.100277198114149 ], [ -157.113154521774703, 21.100864167011974 ], [ -157.113056771758124, 21.101010917051731 ], [ -157.111317146380543, 21.101212667154893 ], [ -157.110418052406061, 21.10046060449341 ], [ -157.109303895912291, 21.100533979545474 ], [ -157.108385239452957, 21.100350573277215 ], [ -157.10725155170303, 21.100368917066049 ], [ -157.106958364143907, 21.100533979616319 ], [ -157.105844207684726, 21.101616198671444 ], [ -157.105257832557669, 21.101689573707553 ], [ -157.104534613642784, 21.101542854942593 ], [ -157.103576863412201, 21.100992573583483 ], [ -157.103537769642884, 21.10068072975643 ], [ -157.102716831950715, 21.100368917203003 ], [ -157.102658175694074, 21.1005523547508 ], [ -157.101641769223761, 21.100680729813689 ], [ -157.101074925357949, 21.10095585489983 ], [ -157.101016269099972, 21.101102604938411 ], [ -157.101074925381198, 21.101634542570075 ], [ -157.100957675360945, 21.10179963636503 ], [ -157.099589425089363, 21.102698417881808 ], [ -157.098944393728829, 21.103633855635955 ], [ -157.098690299930212, 21.103853980698844 ], [ -157.098377549864239, 21.103945699481301 ], [ -157.097791174732095, 21.103872324480591 ], [ -157.096716143246368, 21.103927355776857 ], [ -157.095934268081038, 21.10414744960568 ], [ -157.095758361787148, 21.104000699574172 ], [ -157.094996049116105, 21.103927355828791 ], [ -157.094429205230767, 21.103633855772287 ], [ -157.093921017603321, 21.103193668177198 ], [ -157.093764642538616, 21.102313230461043 ], [ -157.093451892468181, 21.102276542961288 ], [ -157.093197798664534, 21.102349917987365 ], [ -157.09298282987956, 21.102716793085889 ], [ -157.092591861030598, 21.102349918005658 ], [ -157.092083704659473, 21.102093105456564 ], [ -157.091653642061232, 21.102001386696536 ], [ -157.090402704289744, 21.102148136771113 ], [ -157.087724859966045, 21.102680074485388 ], [ -157.087392578638827, 21.10257001196781 ], [ -157.086728047225563, 21.10209310561822 ], [ -157.086317515879131, 21.101928043089202 ], [ -157.084147890399549, 21.101928043154679 ], [ -157.081470077298121, 21.10165288691644 ], [ -157.080746858394519, 21.101836324484285 ], [ -157.07951545189556, 21.102514980941695 ], [ -157.0788508579829, 21.102056418346702 ], [ -157.0784012953917, 21.1022948871701 ], [ -157.077560826447723, 21.102056418385622 ], [ -157.076993982578671, 21.102239855948742 ], [ -157.076759420026832, 21.102239855955823 ], [ -157.075586638504376, 21.101854668394559 ], [ -157.074531138265343, 21.101689574634975 ], [ -157.073338825485422, 21.101212668301283 ], [ -157.072498325303371, 21.10132273085425 ], [ -157.071990137685987, 21.101175980832764 ], [ -157.071384200065864, 21.101579512202282 ], [ -157.070504637361353, 21.101286043405175 ], [ -157.068921387008771, 21.101212668434506 ], [ -157.067787699243098, 21.100772418358243 ], [ -157.06681038653204, 21.100919199674536 ], [ -157.065207604900706, 21.100130449524965 ], [ -157.064738479792567, 21.100002105756907 ], [ -157.06444529222901, 21.100038730774937 ], [ -157.064171635924112, 21.10020382457461 ], [ -157.064073917162574, 21.100497293401187 ], [ -157.064093448440133, 21.101175981070881 ], [ -157.063839354643335, 21.101451106147568 ], [ -157.063526604577987, 21.101561168684611 ], [ -157.063448417052541, 21.101322731127144 ], [ -157.06303794821244, 21.101341074894126 ], [ -157.063213885740652, 21.101029262310586 ], [ -157.063116135714637, 21.100900856031306 ], [ -157.063507073297274, 21.100790793491914 ], [ -157.063663448323069, 21.100533980922762 ], [ -157.063663448307409, 21.100075418307714 ], [ -157.063507073269648, 21.099983730789411 ], [ -157.063135698189456, 21.100038730814415 ], [ -157.062080197969891, 21.10044229344749 ], [ -157.061728354140229, 21.100387262194289 ], [ -157.060653322635574, 21.09989201210243 ], [ -157.060184197533118, 21.099928699625778 ], [ -157.05975419744874, 21.100240543466985 ], [ -157.05899188477764, 21.100167137221547 ], [ -157.058503197163304, 21.099983730940249 ], [ -157.057486821917848, 21.099378418319009 ], [ -157.056235852889415, 21.099323355842895 ], [ -157.055414915193467, 21.098901480761779 ], [ -157.054339883699498, 21.098718074498152 ], [ -157.053616664782709, 21.098516293219319 ], [ -157.051955258139571, 21.097764230580676 ], [ -157.051036570413885, 21.097103886692665 ], [ -157.050626101576228, 21.097195605478046 ], [ -157.05033291402836, 21.097690855611141 ], [ -157.049981070208077, 21.097910980676978 ], [ -157.049981070201824, 21.097727543130951 ], [ -157.050176538977496, 21.097213949246182 ], [ -157.050117882706985, 21.096993824192719 ], [ -157.049551070059664, 21.096351824048707 ], [ -157.048632382338383, 21.095819855192904 ], [ -157.047518257087006, 21.095673105189633 ], [ -157.046795038179596, 21.095746480229831 ], [ -157.046013194264219, 21.095966605308615 ], [ -157.044117193840009, 21.095819855328898 ], [ -157.042162568418462, 21.096131699216009 ], [ -157.039953849174395, 21.095966605491085 ], [ -157.038741973912693, 21.096150043073603 ], [ -157.038214223792238, 21.096039980561887 ], [ -157.037373754843202, 21.095654792990523 ], [ -157.033327691417185, 21.094737605382178 ], [ -157.033073566355313, 21.094572511598397 ], [ -157.033425410163034, 21.093985542690522 ], [ -157.033269035111573, 21.093490261320937 ], [ -157.032995347536627, 21.093068354973308 ], [ -157.032389472388815, 21.092664761140266 ], [ -157.032018066041672, 21.092224542290975 ], [ -157.031822628497849, 21.092206198542261 ], [ -157.031353503400965, 21.092407979857011 ], [ -157.03092350332409, 21.092939948753436 ], [ -157.030943034568992, 21.092664761183801 ], [ -157.031646659697003, 21.0918576672101 ], [ -157.031646659687596, 21.091582510891048 ], [ -157.031177597078255, 21.091417417113725 ], [ -157.031099409544623, 21.090940479496403 ], [ -157.03029269057194, 21.089643104195126 ], [ -157.030245378059789, 21.089593260434043 ], [ -157.03021728430366, 21.089595572935469 ], [ -157.030178159296383, 21.089635666696712 ], [ -157.030156190541646, 21.089640291698522 ], [ -157.030146409288506, 21.089611604191635 ], [ -157.03014640928771, 21.089588666685867 ], [ -157.030130503032979, 21.089551979177141 ], [ -157.030126846780036, 21.089490041661712 ], [ -157.030066940516548, 21.08948316666179 ], [ -157.030033940508844, 21.089471666659893 ], [ -157.02999728424976, 21.08944182290351 ], [ -157.029978940493891, 21.089389104140832 ], [ -157.029939846734777, 21.089376479138842 ], [ -157.029928846731565, 21.089352385383133 ], [ -157.0299361904828, 21.089340916630025 ], [ -157.029970409239553, 21.089316822872949 ], [ -157.03000947174769, 21.089303041618322 ], [ -157.030063284257693, 21.089246854102601 ], [ -157.030065721757296, 21.089220479095907 ], [ -157.030041284249251, 21.089142479077072 ], [ -157.030029034246098, 21.089128729073984 ], [ -157.029992409237934, 21.089127572824797 ], [ -157.029967940481981, 21.089112666571801 ], [ -157.029953284228043, 21.08909201031706 ], [ -157.029937409222867, 21.089042697805166 ], [ -157.029922721719259, 21.089031229052722 ], [ -157.029909284216245, 21.089031229053123 ], [ -157.029877502960687, 21.08907366656473 ], [ -157.029837190452099, 21.089082854068245 ], [ -157.02982128419805, 21.089067947814986 ], [ -157.029811502943858, 21.089008291550321 ], [ -157.029816409192676, 21.088941791533472 ], [ -157.029804190438995, 21.088913072776638 ], [ -157.029735752921823, 21.088854572764014 ], [ -157.029674627907525, 21.0888316352601 ], [ -157.029612284143298, 21.088817885258528 ], [ -157.029570752882933, 21.08878347900114 ], [ -157.029560971629934, 21.088759385245393 ], [ -157.029562190379551, 21.088739885240461 ], [ -157.029582971633289, 21.088714666483504 ], [ -157.029608596638894, 21.088712353982164 ], [ -157.029611065388877, 21.088696291478055 ], [ -157.029603752886885, 21.088685978975683 ], [ -157.029557315375541, 21.088653853969024 ], [ -157.029466846600457, 21.088504760184328 ], [ -157.0294497528443, 21.088435916417573 ], [ -157.029420409085617, 21.088371697652331 ], [ -157.029411846581411, 21.088304010135619 ], [ -157.029360534066285, 21.088192760109234 ], [ -157.029306752802171, 21.08812851009473 ], [ -157.029270096543343, 21.088106728840366 ], [ -157.029233409034788, 21.088094103838305 ], [ -157.029228534031347, 21.088024135070892 ], [ -157.0292004090239, 21.087988572562814 ], [ -157.029193096521652, 21.087971385058719 ], [ -157.029171096516166, 21.087951885054487 ], [ -157.029150315260495, 21.087920916297353 ], [ -157.029129534005392, 21.087907135044517 ], [ -157.029100190248698, 21.087900260043671 ], [ -157.029056190237498, 21.087856666284051 ], [ -157.029032971482224, 21.087853228783892 ], [ -157.029009752727262, 21.087857822535742 ], [ -157.028975533969543, 21.087853228785619 ], [ -157.028971877717993, 21.087831447530267 ], [ -157.0289853152197, 21.087794728770639 ], [ -157.028985315219074, 21.087776385016042 ], [ -157.028949877709181, 21.087715603751857 ], [ -157.028960877710858, 21.087693791246046 ], [ -157.02897553396383, 21.087685759993605 ], [ -157.028975533963234, 21.087668572489282 ], [ -157.028942533955103, 21.087643322483942 ], [ -157.02889365894336, 21.087616947478786 ], [ -157.028824002676004, 21.0875596037165 ], [ -157.028749440158037, 21.087516009957799 ], [ -157.028750658908052, 21.08750913495604 ], [ -157.028804440169836, 21.087505728703572 ], [ -157.028831315175182, 21.087488478698429 ], [ -157.028831315174614, 21.087471291194117 ], [ -157.028811783919679, 21.087452947440106 ], [ -157.028705440145757, 21.087441447440419 ], [ -157.028628440129069, 21.087451791195328 ], [ -157.028592971371069, 21.087447197445243 ], [ -157.028520877605217, 21.08744947869798 ], [ -157.028454877590235, 21.087438009947093 ], [ -157.028382752574601, 21.087447197451571 ], [ -157.028061346255726, 21.08751141622735 ], [ -157.028036908750664, 21.087521759980682 ], [ -157.028011252495929, 21.087549291238361 ], [ -157.027988002490815, 21.087550416239345 ], [ -157.027973346237388, 21.087544697488354 ], [ -157.0279611274849, 21.087551572490444 ], [ -157.027952564983735, 21.087572228745888 ], [ -157.02795990873858, 21.087666260019255 ], [ -157.027956221238412, 21.087685760024268 ], [ -157.027913471230022, 21.087716728783317 ], [ -157.027863346219021, 21.087719041285411 ], [ -157.027846252464741, 21.087704135032187 ], [ -157.027835252461557, 21.087682322527037 ], [ -157.027834002459514, 21.087630728764129 ], [ -157.027853564963124, 21.087608916258077 ], [ -157.027895127471623, 21.087589416251923 ], [ -157.027895127471226, 21.087577947499039 ], [ -157.027881689967444, 21.087553853743401 ], [ -157.027854783710666, 21.087530916238457 ], [ -157.027780252440863, 21.087432291215947 ], [ -157.027746033682206, 21.087400166208919 ], [ -157.027727689928014, 21.087396728708608 ], [ -157.027711814924061, 21.087384103705926 ], [ -157.027682471165662, 21.087327916192695 ], [ -157.02765559615915, 21.08731069743919 ], [ -157.027598127396033, 21.087299228688035 ], [ -157.02754190863385, 21.087307259941749 ], [ -157.027530908631718, 21.087315291194088 ], [ -157.027527252381844, 21.087342791201106 ], [ -157.027516252379684, 21.08735197870374 ], [ -157.027496689874965, 21.087339384951168 ], [ -157.02748203362097, 21.087317572446139 ], [ -157.027467377367429, 21.087308416194283 ], [ -157.027412377355375, 21.087311884946804 ], [ -157.027386689850147, 21.087324447450726 ], [ -157.027378158598083, 21.087318728699547 ], [ -157.027370783596893, 21.087332478703228 ], [ -157.027315814835447, 21.087351978709766 ], [ -157.02729259608023, 21.087350853710181 ], [ -157.027263252322456, 21.087312978701558 ], [ -157.027232721065729, 21.087315291203058 ], [ -157.027171596052995, 21.087338228710653 ], [ -157.027159377301189, 21.087362322467076 ], [ -157.027138596046967, 21.087374916220853 ], [ -157.027137346047112, 21.087386384973772 ], [ -157.027165471053621, 21.087395572475234 ], [ -157.027176471056492, 21.087408197478069 ], [ -157.027178939807499, 21.087420822481164 ], [ -157.027171596056064, 21.087427697483111 ], [ -157.027149596051231, 21.087427697483765 ], [ -157.027137346049301, 21.087450666239899 ], [ -157.02713003354782, 21.087454072490974 ], [ -157.027116596044493, 21.087443759988794 ], [ -157.027092158537499, 21.087397884978021 ], [ -157.027078721034172, 21.087386384975542 ], [ -157.02705184602695, 21.087349697467129 ], [ -157.027011471017914, 21.087347384967767 ], [ -157.026969908509102, 21.087357728721621 ], [ -157.026914939746973, 21.087358884973561 ], [ -157.026848939731536, 21.087333634969216 ], [ -157.026792720967535, 21.087287728709388 ], [ -157.026714502200093, 21.087284322460885 ], [ -157.026681502192105, 21.087263666206692 ], [ -157.026649720934842, 21.087255634955632 ], [ -157.026588439669041, 21.087190291191074 ], [ -157.032866222072897, 21.080329164280599 ], [ -157.028116220921135, 21.077356944927669 ], [ -157.020838407085847, 21.08538472841094 ], [ -157.020243250732136, 21.086201853633884 ], [ -157.019332563030929, 21.086207697412732 ], [ -157.01829662529687, 21.086060947407063 ], [ -157.016967468736595, 21.085583978577333 ], [ -157.013468686658655, 21.08399510328379 ], [ -157.013520405415619, 21.083864353249425 ], [ -157.013168967829785, 21.083626134450199 ], [ -157.011802217516248, 21.08329629065851 ], [ -157.009732654521031, 21.08219679044479 ], [ -157.009674060760631, 21.082270102964944 ], [ -157.008932123079632, 21.081775352863097 ], [ -157.008268279173478, 21.081500477814057 ], [ -157.004968622181849, 21.081152290325818 ], [ -157.003426184325093, 21.080694196507199 ], [ -157.002684246647874, 21.080309352682903 ], [ -157.002157059028775, 21.080236040180349 ], [ -157.001317527595006, 21.080291040219365 ], [ -157.000321746117891, 21.080089477698699 ], [ -156.999950777280219, 21.079924540168442 ], [ -156.999247902107271, 21.079411446310786 ], [ -156.999130745820111, 21.079081602481534 ], [ -156.999794589675702, 21.077872133408064 ], [ -157.000067933474867, 21.077542289567084 ], [ -156.999853183428684, 21.077578914582716 ], [ -156.999931277189063, 21.077377352029789 ], [ -156.998291214376309, 21.078843352446945 ], [ -156.994561994779673, 21.078201977397974 ], [ -156.99126233776181, 21.077084133466503 ], [ -156.990188462523662, 21.077065820994143 ], [ -156.988938899741044, 21.076882570985664 ], [ -156.987825993225528, 21.076314477126495 ], [ -156.98616636784223, 21.075838039556739 ], [ -156.982964398327226, 21.074170414234288 ], [ -156.982964398320348, 21.073968820433702 ], [ -156.982749617022193, 21.073950507935546 ], [ -156.981519554223922, 21.073180789029273 ], [ -156.980230928921429, 21.07266769518916 ], [ -156.978688459789055, 21.071458194931878 ], [ -156.978590834755011, 21.07109166359281 ], [ -156.978805616046287, 21.070908413540376 ], [ -156.979527991198523, 21.0706884759635 ], [ -156.9802699600952, 21.070175350812459 ], [ -156.980230928829059, 21.069955444508441 ], [ -156.980016147527209, 21.069827163232691 ], [ -156.979606116185863, 21.069808819490387 ], [ -156.978473740955394, 21.070395288421537 ], [ -156.977263178220056, 21.071348226197028 ], [ -156.976404084264459, 21.070890069857793 ], [ -156.975095958967017, 21.070651819837238 ], [ -156.975076427716431, 21.070761788615432 ], [ -156.971640083200754, 21.07059685117709 ], [ -156.971600989445193, 21.070688476201251 ], [ -156.970859083025459, 21.07052353868211 ], [ -156.968730926302243, 21.070450226227518 ], [ -156.966700394570069, 21.069478976044618 ], [ -156.967227519619911, 21.067518038036631 ], [ -156.966954175813186, 21.067628006822428 ], [ -156.966954175817563, 21.067756288104629 ], [ -156.966602706999794, 21.06804950693876 ], [ -156.965919363133565, 21.069075819716836 ], [ -156.964572175334325, 21.069039132248019 ], [ -156.963752143892322, 21.068727569694392 ], [ -156.962912581200385, 21.068544350923577 ], [ -156.962463518590454, 21.068232788358831 ], [ -156.962170643523166, 21.06815947584921 ], [ -156.961799674682396, 21.067902913295924 ], [ -156.96176064341563, 21.067664663237295 ], [ -156.961604424629826, 21.067628006982776 ], [ -156.961604424611778, 21.067096538099381 ], [ -156.961467737090885, 21.067371444422477 ], [ -156.961213924541596, 21.067573038230684 ], [ -156.960335330597843, 21.067591350761607 ], [ -156.959691017952224, 21.067499725757926 ], [ -156.959691017955976, 21.067609663285516 ], [ -156.958129080097336, 21.06722481948573 ], [ -156.955356548227172, 21.0670232257682 ], [ -156.953755516613654, 21.066748319497162 ], [ -156.953267391493227, 21.066381788169782 ], [ -156.952642641345022, 21.066088569364897 ], [ -156.952310703761611, 21.065795350551241 ], [ -156.951490703562143, 21.065263881692399 ], [ -156.950768265878054, 21.064549131534633 ], [ -156.950514453293863, 21.063724412585223 ], [ -156.950241078257704, 21.064439162772818 ], [ -156.949772484393435, 21.064127600208646 ], [ -156.94922579678871, 21.064604100344624 ], [ -156.949323421800358, 21.064310881518097 ], [ -156.949069609246692, 21.064384162794092 ], [ -156.949421046813796, 21.064072631455371 ], [ -156.94949914057301, 21.063834381393235 ], [ -156.947722421424402, 21.063669443905038 ], [ -156.947507640123746, 21.063577787638469 ], [ -156.947078108779351, 21.063596131405934 ], [ -156.946668077435504, 21.063504475145209 ], [ -156.946394733618803, 21.063321225107387 ], [ -156.945633264703474, 21.063412850153192 ], [ -156.944149420624569, 21.063394537693032 ], [ -156.943602701744908, 21.063137943894986 ], [ -156.940049232188841, 21.062551475104151 ], [ -156.935753824946232, 21.061305224919892 ], [ -156.93549998114193, 21.061360224941293 ], [ -156.935207106070294, 21.061158599899446 ], [ -156.934777605971533, 21.061048662384692 ], [ -156.933176574370464, 21.061140287455615 ], [ -156.931887949080391, 21.06099366245736 ], [ -156.930345479972942, 21.060517162383899 ], [ -156.929818323595129, 21.060187287316861 ], [ -156.929525448532189, 21.06024225608942 ], [ -156.929408323501917, 21.060113943560715 ], [ -156.92915447969574, 21.060113943568314 ], [ -156.928764010864967, 21.060278912371412 ], [ -156.92841254204842, 21.06060878746473 ], [ -156.926928697965138, 21.060462193722319 ], [ -156.92603054150149, 21.060022318638758 ], [ -156.924780978718161, 21.059820724875539 ], [ -156.924663822444728, 21.059894037397445 ], [ -156.923804759749686, 21.059747412386333 ], [ -156.921461790483761, 21.05982072497482 ], [ -156.920348883985071, 21.059747412489688 ], [ -156.919626477568386, 21.059545787460689 ], [ -156.919040727430087, 21.059289224913783 ], [ -156.917439695789767, 21.058226224694799 ], [ -156.916151070483494, 21.057603099576891 ], [ -156.915155320240757, 21.056943286941014 ], [ -156.913124788540273, 21.056906630742517 ], [ -156.911133256841509, 21.056668380742234 ], [ -156.910449912929749, 21.056356786934426 ], [ -156.909922725311219, 21.056301818186395 ], [ -156.910137506605651, 21.056210161906961 ], [ -156.908575537497001, 21.055825286857008 ], [ -156.907677412295783, 21.055751974365453 ], [ -156.907247849690123, 21.055440411800067 ], [ -156.907228349695146, 21.055715349369674 ], [ -156.906974537145231, 21.055898599423259 ], [ -156.906662130827925, 21.055953568196394 ], [ -156.906642599581119, 21.056173505752202 ], [ -156.906505943305802, 21.0563201307931 ], [ -156.906115411970035, 21.056338474559364 ], [ -156.90580303690524, 21.056466755850916 ], [ -156.905314943047244, 21.056466755865493 ], [ -156.905178255509554, 21.056246818314364 ], [ -156.904748692909521, 21.056100224540398 ], [ -156.904475349076648, 21.055440411882905 ], [ -156.904533942834036, 21.055275443089741 ], [ -156.90506109918519, 21.054817255458961 ], [ -156.9057444430739, 21.054450692846512 ], [ -156.905666411804191, 21.054377349080429 ], [ -156.905393005493664, 21.054377349088597 ], [ -156.903381973834144, 21.055422068160972 ], [ -156.90318672379712, 21.055605349462819 ], [ -156.90347959886256, 21.055623693208684 ], [ -156.903089098786097, 21.055916880793948 ], [ -156.902522911165164, 21.056045193343085 ], [ -156.900765692015767, 21.055733630817365 ], [ -156.900277566877918, 21.054853911861077 ], [ -156.899926129290208, 21.05456066179795 ], [ -156.898754660271635, 21.054285724263924 ], [ -156.898461785209946, 21.054377349295667 ], [ -156.898129847645833, 21.054652286874617 ], [ -156.897602691305281, 21.055422068333627 ], [ -156.89658740982378, 21.055220474563335 ], [ -156.89572831588552, 21.055275443352794 ], [ -156.894908284460911, 21.055477068427919 ], [ -156.894263971815803, 21.055403755928747 ], [ -156.894010159250939, 21.055147162121919 ], [ -156.893814909207123, 21.055128818373131 ], [ -156.893522034129887, 21.054762255789843 ], [ -156.893209659022261, 21.05362591176387 ], [ -156.893268221524636, 21.053314349183893 ], [ -156.893151065228892, 21.052727817790124 ], [ -156.892994877692445, 21.052672849030991 ], [ -156.8929948776819, 21.052361286452768 ], [ -156.892721533876994, 21.052526224002339 ], [ -156.892116283746134, 21.052617849043418 ], [ -156.891784346167725, 21.052471224016521 ], [ -156.891550064857199, 21.052214630209086 ], [ -156.891296252300407, 21.052196317712063 ], [ -156.890886252179229, 21.051298223748823 ], [ -156.890808127144567, 21.050785036122306 ], [ -156.890495720799976, 21.050033535942944 ], [ -156.89018334572404, 21.049831942151659 ], [ -156.889558533085733, 21.049831942170314 ], [ -156.889050907969676, 21.049721973407863 ], [ -156.888738532894394, 21.049538660871161 ], [ -156.889089970457832, 21.049117098254822 ], [ -156.890280939468909, 21.04904378570086 ], [ -156.889421876770712, 21.048805535666684 ], [ -156.889304720491083, 21.048695535642565 ], [ -156.888172313983688, 21.048493941875758 ], [ -156.887840376418893, 21.048750535700083 ], [ -156.88670793867081, 21.04882384825229 ], [ -156.885556000926442, 21.049135442114913 ], [ -156.884892157019578, 21.048842192061091 ], [ -156.884033063052783, 21.048054035638842 ], [ -156.883203719110668, 21.047800535599944 ], [ -156.883295375373308, 21.047573441790192 ], [ -156.882843312771939, 21.047535598044181 ], [ -156.882726031495395, 21.047518379293347 ], [ -156.882667406481886, 21.047502316791075 ], [ -156.882647843977026, 21.047486285537627 ], [ -156.882638062724766, 21.047483973037341 ], [ -156.882624625221041, 21.047461035531985 ], [ -156.882625843970203, 21.047428941773891 ], [ -156.882616062717091, 21.047401410517264 ], [ -156.882616062715016, 21.047340598001995 ], [ -156.88260018771075, 21.047317660496706 ], [ -156.882586750207537, 21.047309660495099 ], [ -156.882518343942451, 21.047311941747726 ], [ -156.882479250183337, 21.047298160495426 ], [ -156.882451125176175, 21.047270660489364 ], [ -156.882405937665936, 21.04726375423898 ], [ -156.882377843909296, 21.047251160486653 ], [ -156.882359531404546, 21.047229347981723 ], [ -156.882361937653457, 21.047182316719844 ], [ -156.882371718905034, 21.047165129215234 ], [ -156.882369281403612, 21.047138754208685 ], [ -156.882376625153341, 21.04708253544435 ], [ -156.882390062655304, 21.047052722936456 ], [ -156.882470687670349, 21.04697012916332 ], [ -156.882564750188493, 21.046892160390932 ], [ -156.882597750195686, 21.046888754139097 ], [ -156.882646656456018, 21.046873785383873 ], [ -156.882716218971183, 21.046866910380079 ], [ -156.882888531510105, 21.046889847880696 ], [ -156.882989937783833, 21.046927691637176 ], [ -156.883036375294893, 21.04695178539183 ], [ -156.883063250301603, 21.04697359789651 ], [ -156.883088937808679, 21.047014879156112 ], [ -156.88310721906538, 21.047094004175435 ], [ -156.883137781575442, 21.047190347948707 ], [ -156.883159781581668, 21.047231660458426 ], [ -156.883180531586675, 21.047243129210688 ], [ -156.883220844095916, 21.047252316711791 ], [ -156.883236750349255, 21.047247691710151 ], [ -156.883294156612266, 21.047256879210746 ], [ -156.883316156617525, 21.047268347962973 ], [ -156.883328375370695, 21.047280941715766 ], [ -156.88334668787482, 21.047284410466094 ], [ -156.883351594125429, 21.047269504212196 ], [ -156.883349156619175, 21.047100910419942 ], [ -156.883355250370442, 21.047098597919181 ], [ -156.883358906620401, 21.047073379162743 ], [ -156.883354031619092, 21.047066472911155 ], [ -156.883350375359612, 21.046810722847045 ], [ -156.883345469108065, 21.046796941593737 ], [ -156.88325996908884, 21.046787785343994 ], [ -156.883179312821085, 21.046791222847251 ], [ -156.883161000316761, 21.046782035345498 ], [ -156.882923969014769, 21.046796941606313 ], [ -156.88285553150007, 21.046809535361518 ], [ -156.88283965649677, 21.046816441613732 ], [ -156.882787125235097, 21.046814160364711 ], [ -156.882732187722581, 21.046803847863764 ], [ -156.882623437697191, 21.046764847857222 ], [ -156.882454812658835, 21.046733879104472 ], [ -156.882401031395659, 21.046696004096571 ], [ -156.882336281380958, 21.046685691595908 ], [ -156.882314312625255, 21.046660472840234 ], [ -156.882283750118091, 21.046647847837981 ], [ -156.882142031336429, 21.04663981659019 ], [ -156.882090718826021, 21.04666734784864 ], [ -156.882067500071742, 21.04669256660566 ], [ -156.882050406319053, 21.046724691614234 ], [ -156.882040625069294, 21.04679581663239 ], [ -156.882061375076461, 21.046872660401061 ], [ -156.882065062578931, 21.046920816663039 ], [ -156.882068718829686, 21.046919691662652 ], [ -156.88209681258931, 21.047020597937149 ], [ -156.882091968838807, 21.047036660441325 ], [ -156.882096812590305, 21.047050410444633 ], [ -156.882091968839461, 21.047056160446221 ], [ -156.882102937593288, 21.047098597956548 ], [ -156.882100500093571, 21.047121535462384 ], [ -156.88210415634407, 21.047113535460269 ], [ -156.882113937599968, 21.047222472987325 ], [ -156.882099281352083, 21.0473819105278 ], [ -156.882067500101414, 21.047568848075677 ], [ -156.882063843859555, 21.047833848142318 ], [ -156.88205284386072, 21.047940473169422 ], [ -156.882056500112668, 21.047974910677961 ], [ -156.882052843861914, 21.047974910678068 ], [ -156.882041843858701, 21.047951941922626 ], [ -156.88202228134395, 21.047644566846042 ], [ -156.882030843844205, 21.047596379333683 ], [ -156.882036968840907, 21.047458754298944 ], [ -156.882063843843667, 21.047364660524522 ], [ -156.882063843842076, 21.047317660512718 ], [ -156.882056500088851, 21.047270660501137 ], [ -156.882030843832098, 21.047238535493836 ], [ -156.882019843827322, 21.047169722976886 ], [ -156.882034500078959, 21.047122691714641 ], [ -156.882051593832045, 21.047102035458941 ], [ -156.88205893758132, 21.047032097941162 ], [ -156.882047937577738, 21.046998816683139 ], [ -156.882002781315776, 21.046939191669519 ], [ -156.882002781314526, 21.046902472910297 ], [ -156.881985625058775, 21.046845129146408 ], [ -156.88196243755263, 21.046816441639905 ], [ -156.881961218801166, 21.046780910381013 ], [ -156.881938000044386, 21.046731566619322 ], [ -156.881909875037138, 21.046701754112672 ], [ -156.881825593767189, 21.046662754105395 ], [ -156.88170706249096, 21.046662754108933 ], [ -156.881677749984675, 21.046669629111538 ], [ -156.88162399997276, 21.046668472862855 ], [ -156.881584906214442, 21.046678816616605 ], [ -156.881553124958089, 21.046699472872749 ], [ -156.881531124954535, 21.046737316632907 ], [ -156.881499374948447, 21.046765972891048 ], [ -156.881424843683135, 21.0468003791519 ], [ -156.881397968678158, 21.046827910409622 ], [ -156.881378406175116, 21.046866910419993 ], [ -156.881333218666128, 21.046896722928839 ], [ -156.881319749913928, 21.046918535434706 ], [ -156.881273374904453, 21.046942629192134 ], [ -156.881237906146652, 21.046943754193485 ], [ -156.881197593637552, 21.046938035443251 ], [ -156.881146281126632, 21.046951785448236 ], [ -156.881121812371731, 21.046966691702707 ], [ -156.88109618736712, 21.04699881671154 ], [ -156.881091312367204, 21.04703322297032 ], [ -156.881105968621512, 21.04706419172766 ], [ -156.881103531121283, 21.047073379230046 ], [ -156.881082749867062, 21.047083691733249 ], [ -156.88106687486345, 21.047081410483145 ], [ -156.881035093605277, 21.047048129225743 ], [ -156.880993562345992, 21.047045847976406 ], [ -156.880972781091884, 21.047059597980482 ], [ -156.880969124841641, 21.047075660484619 ], [ -156.880949562337975, 21.047095160490102 ], [ -156.880932468585144, 21.04712384799782 ], [ -156.880931249835896, 21.047153660505337 ], [ -156.880904374830408, 21.047167410509587 ], [ -156.880822499812012, 21.04715937926002 ], [ -156.880747968546558, 21.04719034802002 ], [ -156.880683218532198, 21.047189191771658 ], [ -156.880624593518093, 21.047155941765062 ], [ -156.88061359351488, 21.047133004259628 ], [ -156.880614812264611, 21.047116941755554 ], [ -156.880636812268932, 21.047100910500877 ], [ -156.880677124777719, 21.047097441748807 ], [ -156.880683218528873, 21.04709172299718 ], [ -156.880681999778176, 21.047077972993769 ], [ -156.880586749755224, 21.047022879232774 ], [ -156.880525624739846, 21.046967847970784 ], [ -156.88049756223225, 21.046927691711542 ], [ -156.88044009346774, 21.046874941700011 ], [ -156.880402218458897, 21.046860035447406 ], [ -156.88035334344795, 21.046857754198278 ], [ -156.880330124693103, 21.046865754200986 ], [ -156.880295937186759, 21.046901316710933 ], [ -156.880286155935693, 21.046934597969585 ], [ -156.880261718430802, 21.046949504224052 ], [ -156.880249499678143, 21.046950597974696 ], [ -156.880210437168529, 21.046921972968672 ], [ -156.880179843411241, 21.046907066715843 ], [ -156.880126093398786, 21.046889847963126 ], [ -156.880083343389117, 21.04688525421324 ], [ -156.880046687131227, 21.046891035465794 ], [ -156.880006374621757, 21.046874941712947 ], [ -156.879958718360911, 21.046865754212064 ], [ -156.879928155854344, 21.046871504214423 ], [ -156.87984509333603, 21.046873785467461 ], [ -156.87979378082423, 21.046860035465553 ], [ -156.879719249557752, 21.046861191718065 ], [ -156.879694812052975, 21.04688069172369 ], [ -156.879665499547968, 21.046923129235221 ], [ -156.879652062045295, 21.046932285487923 ], [ -156.87958853078112, 21.046928847988951 ], [ -156.879505437012, 21.046907066735965 ], [ -156.879394249487348, 21.046905910488984 ], [ -156.879275749459708, 21.04686459798215 ], [ -156.879231749449701, 21.046855441731168 ], [ -156.879133999427978, 21.046853160483508 ], [ -156.879080249416347, 21.046861191737129 ], [ -156.879014280652541, 21.046884097994848 ], [ -156.878975186895076, 21.046919691754951 ], [ -156.878926311887227, 21.0470068480283 ], [ -156.87891043688424, 21.047022879282792 ], [ -156.87889699938134, 21.047025191783778 ], [ -156.878884780628567, 21.047022879283556 ], [ -156.878882343127373, 21.047003379278735 ], [ -156.878936093134286, 21.046855441739986 ], [ -156.878936093133632, 21.046837097985385 ], [ -156.878920218129792, 21.046827910483547 ], [ -156.878802905602953, 21.046801535480423 ], [ -156.878675843074262, 21.046784347979901 ], [ -156.878519468038462, 21.046748785475643 ], [ -156.878442499271614, 21.046754472979355 ], [ -156.878382624259132, 21.046777441736921 ], [ -156.878312936743441, 21.046769410486977 ], [ -156.878257999230698, 21.046752254234317 ], [ -156.878165155460039, 21.046749910486486 ], [ -156.878075967940816, 21.046763691742608 ], [ -156.878029530429501, 21.046733879236509 ], [ -156.877975811666801, 21.046709785482069 ], [ -156.877836499135668, 21.046700597983914 ], [ -156.877731405362937, 21.046716660491075 ], [ -156.877620249089574, 21.046753379253616 ], [ -156.877595811584968, 21.046776316760109 ], [ -156.877587249083717, 21.046795816765261 ], [ -156.877524936572286, 21.046864598034386 ], [ -156.877494405316156, 21.04688297303991 ], [ -156.877403967796312, 21.046888754294059 ], [ -156.877307467774699, 21.046880691794914 ], [ -156.877237811510298, 21.046910504304478 ], [ -156.877215842755561, 21.046915098056289 ], [ -156.877104655230966, 21.046915098059607 ], [ -156.877049655219196, 21.04692769181441 ], [ -156.877022780213707, 21.046940316818375 ], [ -156.876982436455819, 21.046971285577364 ], [ -156.876932373946829, 21.047033223094406 ], [ -156.876921373944356, 21.047032098094448 ], [ -156.876909155190958, 21.047011441839633 ], [ -156.876871280181575, 21.046981598083264 ], [ -156.876833405172533, 21.046962098079494 ], [ -156.87679309266332, 21.04695409807869 ], [ -156.876735655150924, 21.046963254332702 ], [ -156.876680686389648, 21.046989629340967 ], [ -156.876658686384928, 21.046993066842489 ], [ -156.876604936374463, 21.047035504354746 ], [ -156.876534061359138, 21.047045848109459 ], [ -156.876523092606163, 21.047029816855762 ], [ -156.876490092597976, 21.047004566850411 ], [ -156.876431405084531, 21.046990785598695 ], [ -156.876403342578641, 21.04699997310184 ], [ -156.876377686323707, 21.047022879358355 ], [ -156.876365467571617, 21.04704009811304 ], [ -156.876331248814381, 21.047050410616652 ], [ -156.876275061301754, 21.047043535616609 ], [ -156.876220092537892, 21.046994223105855 ], [ -156.87619931128296, 21.04698506685418 ], [ -156.876174873777643, 21.046986191855193 ], [ -156.876160248774141, 21.046980473104188 ], [ -156.876143092519413, 21.0469517855975 ], [ -156.876122342514378, 21.046938035594671 ], [ -156.87602093624173, 21.046933441846541 ], [ -156.8759964987361, 21.046926566845546 ], [ -156.875961061228281, 21.046927691846886 ], [ -156.875937842473519, 21.046938035600174 ], [ -156.875895092464049, 21.04693803560145 ], [ -156.875882873711532, 21.046943754353254 ], [ -156.875693498670103, 21.046957535612361 ], [ -156.875458904869475, 21.046995379378856 ], [ -156.875364873598841, 21.046999973132817 ], [ -156.875209654814313, 21.046995379386299 ], [ -156.875126592295544, 21.046983910635888 ], [ -156.875065498532507, 21.046997660641171 ], [ -156.875016623521731, 21.046999973143208 ], [ -156.874999529767649, 21.046990785641409 ], [ -156.874984873512943, 21.046947191880903 ], [ -156.874965311007827, 21.046924254375725 ], [ -156.874902967243571, 21.046910504374125 ], [ -156.87486268598397, 21.046891035620447 ], [ -156.87485781098195, 21.046862316863375 ], [ -156.874880998486077, 21.046832504355201 ], [ -156.874879810985249, 21.046816441851213 ], [ -156.874848029727815, 21.04680497309927 ], [ -156.874828467223637, 21.046808410600718 ], [ -156.874760060958351, 21.046804973101896 ], [ -156.874728248450992, 21.046794660600252 ], [ -156.874661092184709, 21.046753379341894 ], [ -156.874606123421898, 21.046733879338639 ], [ -156.874588998417465, 21.046715504334532 ], [ -156.874577998414082, 21.04668684807767 ], [ -156.874559685909873, 21.04668225432706 ], [ -156.874551123408423, 21.046694910580484 ], [ -156.874554810910496, 21.046732723089885 ], [ -156.874574342166028, 21.046768285598223 ], [ -156.87465621718556, 21.046809535606137 ], [ -156.874698967196082, 21.046841691862934 ], [ -156.874694092195512, 21.046855441866541 ], [ -156.874672092191332, 21.04687722312266 ], [ -156.874669654691303, 21.046892160626484 ], [ -156.874685529694887, 21.046894441876589 ], [ -156.874755154709987, 21.046884098121904 ], [ -156.874768623463382, 21.046896723124679 ], [ -156.874761279712942, 21.046932285633819 ], [ -156.874766154714536, 21.046947191887426 ], [ -156.874797935971657, 21.046949504387054 ], [ -156.874830935978565, 21.04693803563319 ], [ -156.874840685980871, 21.046942629384041 ], [ -156.874850467233728, 21.046962098138646 ], [ -156.87484312348252, 21.046975879392331 ], [ -156.874824810978851, 21.046987348145766 ], [ -156.874804029724487, 21.046993066897819 ], [ -156.874772279717973, 21.047009129402802 ], [ -156.874745404713451, 21.04705041066396 ], [ -156.874725842209642, 21.047066473168581 ], [ -156.87463787344052, 21.047075660673507 ], [ -156.874598779683083, 21.047112379433894 ], [ -156.874562123425136, 21.047116941936132 ], [ -156.874554810923343, 21.047112379435205 ], [ -156.874546279670852, 21.047094004430846 ], [ -156.874540123417688, 21.047041254417788 ], [ -156.874542592167131, 21.047009129409648 ], [ -156.87456212341931, 21.046944910642939 ], [ -156.87456212341786, 21.046902473132274 ], [ -156.874545029663039, 21.046871504375016 ], [ -156.874535248408989, 21.046815316861203 ], [ -156.874512029653204, 21.046795816856999 ], [ -156.874442404637705, 21.046794660608779 ], [ -156.874426498383741, 21.046780910605804 ], [ -156.874425279632987, 21.046767129352379 ], [ -156.874437529634179, 21.046722410590789 ], [ -156.87442896713145, 21.04669719183471 ], [ -156.874395967123206, 21.046669629328782 ], [ -156.874397185872397, 21.046637535570682 ], [ -156.874405748373761, 21.046621473066395 ], [ -156.874403310872623, 21.04660425431214 ], [ -156.874373967114394, 21.046552660550059 ], [ -156.874345873357868, 21.046543473048597 ], [ -156.874305529599241, 21.046552660552099 ], [ -156.874278717093944, 21.046571004307513 ], [ -156.874267685842227, 21.046592785563309 ], [ -156.874276217094689, 21.046610004317376 ], [ -156.874246904590535, 21.046678816835524 ], [ -156.874213935834206, 21.046707473093711 ], [ -156.874166279574609, 21.046736160602329 ], [ -156.874118623314502, 21.046748785606926 ], [ -156.874102748311401, 21.046761410610561 ], [ -156.87408318580728, 21.046767129362582 ], [ -156.874006217042023, 21.046818754377846 ], [ -156.873997654540887, 21.046841691883856 ], [ -156.87395977953409, 21.046889848147082 ], [ -156.873956123284302, 21.046918535654392 ], [ -156.873943904532553, 21.046947191911958 ], [ -156.873924373278783, 21.046963254416561 ], [ -156.873920685778813, 21.046988504423016 ], [ -156.87390846702661, 21.047003379427117 ], [ -156.873904810776594, 21.047027535683288 ], [ -156.873897467025188, 21.047033223184936 ], [ -156.873890154524616, 21.04706419194293 ], [ -156.873864498270564, 21.047112379455797 ], [ -156.873733748245911, 21.047238535741375 ], [ -156.873694654489043, 21.047291285755779 ], [ -156.873657998232005, 21.047323410764946 ], [ -156.873604248220772, 21.047342910771452 ], [ -156.873574935714885, 21.047360098276631 ], [ -156.873545623209395, 21.047389942035004 ], [ -156.873540716960008, 21.047440410797822 ], [ -156.873570060718833, 21.047509223314218 ], [ -156.873584716974676, 21.047586067083078 ], [ -156.873584716976012, 21.047626192093151 ], [ -156.873572529474103, 21.047649129599282 ], [ -156.873572529476377, 21.047715660865986 ], [ -156.873534623221417, 21.047816598392455 ], [ -156.873526060720735, 21.04785328590193 ], [ -156.873530935723778, 21.047910660916191 ], [ -156.873501623221415, 21.048032192197578 ], [ -156.873463779465595, 21.048107910967722 ], [ -156.873462529465939, 21.04812628597238 ], [ -156.873428310710835, 21.048199692241834 ], [ -156.873423435710549, 21.048223754748015 ], [ -156.873423435718905, 21.048470348559928 ], [ -156.873430748220954, 21.048481817312599 ], [ -156.873422216969857, 21.048505879818894 ], [ -156.873387998213218, 21.048533442326828 ], [ -156.873363560707816, 21.048533442327553 ], [ -156.873337904451745, 21.048521973575443 ], [ -156.873298810692859, 21.048515098574885 ], [ -156.873246279431243, 21.048516223576733 ], [ -156.873220623176451, 21.04854147358385 ], [ -156.873183966920095, 21.048593067347891 ], [ -156.873183966921005, 21.048619473604521 ], [ -156.873191279423622, 21.04864928611179 ], [ -156.873215716930162, 21.048682536119404 ], [ -156.873274373194334, 21.04871809862658 ], [ -156.87329024819843, 21.04873531738043 ], [ -156.873293935700445, 21.048770848639247 ], [ -156.873172966926433, 21.048851161163022 ], [ -156.873126529416737, 21.048869504919018 ], [ -156.873061779404026, 21.04891766118304 ], [ -156.872997029392565, 21.049002536206277 ], [ -156.87296527938625, 21.049023192462414 ], [ -156.872945716883152, 21.049059879972202 ], [ -156.87291027937647, 21.049094286231902 ], [ -156.872872404368536, 21.049106911236208 ], [ -156.872799091852215, 21.049104629987824 ], [ -156.872764904346184, 21.049150505000355 ], [ -156.872753935593892, 21.049152786251256 ], [ -156.872740466841265, 21.049164255004545 ], [ -156.872707466834072, 21.049167692506391 ], [ -156.872694029330773, 21.049158536254488 ], [ -156.872632935566742, 21.049142505002287 ], [ -156.872569404302538, 21.04913788000302 ], [ -156.872515654290908, 21.04914706750694 ], [ -156.87248512303475, 21.049164255012162 ], [ -156.872467998031084, 21.049167692513532 ], [ -156.87240446676833, 21.049206692525217 ], [ -156.872333623003556, 21.049233067533951 ], [ -156.872281060491815, 21.04922963003466 ], [ -156.872260310486723, 21.049215880031834 ], [ -156.872201654223659, 21.049212442532713 ], [ -156.872125904207223, 21.049222755037558 ], [ -156.871941404168183, 21.049275505056315 ], [ -156.87189865416056, 21.049330567571413 ], [ -156.871868122906363, 21.049405130091042 ], [ -156.871852216653338, 21.049420067595264 ], [ -156.871804591645798, 21.049508348868862 ], [ -156.871769154140821, 21.049594380141521 ], [ -156.871765466642131, 21.049656286407174 ], [ -156.871727591637011, 21.049752630182493 ], [ -156.871700716632603, 21.049797380194534 ], [ -156.871693404132259, 21.049836411454546 ], [ -156.871657966626032, 21.049883380217405 ], [ -156.871589560362651, 21.049935005232413 ], [ -156.8715345603527, 21.050000380250466 ], [ -156.871530904103565, 21.050050849013246 ], [ -156.871556560360517, 21.050087536521698 ], [ -156.871556560361057, 21.050103599025725 ], [ -156.871522341605328, 21.050158661540571 ], [ -156.871435591588863, 21.050238942813326 ], [ -156.871381122822982, 21.050125192786375 ], [ -156.871068716513719, 21.050418442869329 ], [ -156.870346310107578, 21.050528411668498 ], [ -156.869897278754479, 21.050418442904274 ], [ -156.869291997347545, 21.049740286502047 ], [ -156.868784340979602, 21.049575317725765 ], [ -156.868628153445627, 21.049593661485019 ], [ -156.868354809643279, 21.049831942803014 ], [ -156.86788621578583, 21.049721974039375 ], [ -156.867398090677796, 21.049721974053941 ], [ -156.866968559343263, 21.050033536644978 ], [ -156.866636621772273, 21.050106849173286 ], [ -156.865894684105569, 21.050033536677002 ], [ -156.865933746622261, 21.050271817985674 ], [ -156.865543246552591, 21.050766693121584 ], [ -156.864840371418722, 21.051408193303629 ], [ -156.864469402590373, 21.051518193342314 ], [ -156.864313152560726, 21.051664787133788 ], [ -156.864235121302187, 21.051921380950549 ], [ -156.863981277501551, 21.052086349749551 ], [ -156.863961746265204, 21.052617849883596 ], [ -156.864508433890563, 21.052746162399515 ], [ -156.864586558917154, 21.053021099966216 ], [ -156.864352246384527, 21.053589256365878 ], [ -156.863864152543215, 21.054084131504705 ], [ -156.863317433683392, 21.054414037853856 ], [ -156.861774995841984, 21.054414037899857 ], [ -156.861657870812337, 21.054304037875724 ], [ -156.860857339386996, 21.054359037913418 ], [ -156.86023255799563, 21.054267412909049 ], [ -156.859803026677213, 21.055055506869756 ], [ -156.859197745306943, 21.055458725739058 ], [ -156.858943932750748, 21.055458725746632 ], [ -156.858826776468561, 21.055275444454093 ], [ -156.858455807637085, 21.055293788219767 ], [ -156.858201995088933, 21.055532038287172 ], [ -156.857889557524146, 21.055660350828706 ], [ -156.856913369811821, 21.055770288385425 ], [ -156.856288588434694, 21.05610022598691 ], [ -156.855663807066207, 21.056686694902815 ], [ -156.855292838234107, 21.056686694913878 ], [ -156.855175681953824, 21.056558413635155 ], [ -156.85474615060437, 21.056430101115748 ], [ -156.854101837969239, 21.05665003869019 ], [ -156.853145119009923, 21.056723351237121 ], [ -156.853125587759934, 21.056851632519916 ], [ -156.852832712705037, 21.057144882602294 ], [ -156.852051743796437, 21.057566445231451 ], [ -156.851387899899464, 21.057566445251243 ], [ -156.851212181101914, 21.057309851442042 ], [ -156.850099274596886, 21.057053257660776 ], [ -156.849376868176421, 21.056741663854055 ], [ -156.848634930491102, 21.056118538719684 ], [ -156.848146805361353, 21.055477069823141 ], [ -156.848010149070603, 21.055165475998951 ], [ -156.848010149057558, 21.054780600902301 ], [ -156.847834399011191, 21.054560663352305 ], [ -156.847639180196268, 21.053919163197019 ], [ -156.847697742677639, 21.052984444210534 ], [ -156.847268211342453, 21.053277694296987 ], [ -156.847033930040624, 21.053277694303965 ], [ -156.846467679930157, 21.053717538181303 ], [ -156.845237648411569, 21.053827538245585 ], [ -156.844417648240579, 21.054139100848261 ], [ -156.843909991881333, 21.054230757136409 ], [ -156.841879428931804, 21.054230757196919 ], [ -156.841645116376213, 21.054120788426275 ], [ -156.841254616276132, 21.053717538336642 ], [ -156.841000803717463, 21.053644257075796 ], [ -156.840454116127432, 21.054560663572243 ], [ -156.839614553452748, 21.054890538680102 ], [ -156.839067865831737, 21.054890538696391 ], [ -156.838950709550204, 21.054725601158456 ], [ -156.838462584440919, 21.054688944913789 ], [ -156.838306396899497, 21.054487351117828 ], [ -156.838306396891454, 21.054249069807973 ], [ -156.83805258433523, 21.05424906981553 ], [ -156.837857334305028, 21.054633976168017 ], [ -156.837271584186539, 21.054963882518329 ], [ -156.836881115347609, 21.054890538761541 ], [ -156.83684205283339, 21.054725601221278 ], [ -156.836178208932097, 21.054597288708823 ], [ -156.836022021389482, 21.054359038653647 ], [ -156.835787740109282, 21.055000507571737 ], [ -156.835104364980339, 21.055660351507818 ], [ -156.834460052365557, 21.056485101734147 ], [ -156.834401489871766, 21.057053258128594 ], [ -156.834264802347747, 21.057236539428693 ], [ -156.833991458542158, 21.057383164473663 ], [ -156.8337766772446, 21.057383164480065 ], [ -156.833503333440916, 21.057584758288836 ], [ -156.833210489642852, 21.058079602171844 ], [ -156.83270283328045, 21.058079602186968 ], [ -156.832976177119434, 21.058922664890574 ], [ -156.832976177130604, 21.059252571223432 ], [ -156.832663802076354, 21.059692446343217 ], [ -156.832117083221419, 21.060168946479184 ], [ -156.831375176818284, 21.060498821584144 ], [ -156.830672270411441, 21.060462196595886 ], [ -156.830594176638556, 21.060297227806778 ], [ -156.830086520271209, 21.060150602785072 ], [ -156.829715551429786, 21.059875696477071 ], [ -156.82959842639147, 21.05950913388849 ], [ -156.829754613916151, 21.059215915060193 ], [ -156.830437989056264, 21.058886039956985 ], [ -156.830477020306859, 21.058647758645975 ], [ -156.83034036402475, 21.058592789886248 ], [ -156.829617926372862, 21.0588310399676 ], [ -156.829090770016052, 21.059124290056957 ], [ -156.828505051154394, 21.059655790207895 ], [ -156.828270738603123, 21.05967410271947 ], [ -156.82801692606364, 21.060168946601326 ], [ -156.827274957172278, 21.060847040543749 ], [ -156.826240175697535, 21.060975353106791 ], [ -156.825810644358, 21.061140290661026 ], [ -156.825322519261675, 21.06148850951303 ], [ -156.825166331727104, 21.061488509517684 ], [ -156.824990612930748, 21.061268571967666 ], [ -156.823526268872683, 21.061745103380975 ], [ -156.823311487585016, 21.062038322211016 ], [ -156.823291956349294, 21.062588134849697 ], [ -156.822628112484523, 21.063541135108846 ], [ -156.822432893694383, 21.063632760137679 ], [ -156.822354768682032, 21.063779385176836 ], [ -156.822159549893769, 21.063926010219483 ], [ -156.822159549937766, 21.065227229296323 ], [ -156.822042393666777, 21.065373823086635 ], [ -156.820695174631538, 21.065758698223448 ], [ -156.820089924496841, 21.065740354486859 ], [ -156.819543236860312, 21.065282198138064 ], [ -156.819445611826922, 21.0649339793035 ], [ -156.819465143071966, 21.064659072983865 ], [ -156.819191799251541, 21.064365854168351 ], [ -156.81880129917559, 21.06467741675824 ], [ -156.818879392952823, 21.064970635579567 ], [ -156.818293705340437, 21.065483791975907 ], [ -156.81766886145212, 21.065483791994517 ], [ -156.817161236332282, 21.065263885704397 ], [ -156.81712217381866, 21.065117260668735 ], [ -156.817180767576673, 21.064970635630154 ], [ -156.816731673724775, 21.064897323125113 ], [ -156.816263111134646, 21.065300541990347 ], [ -156.816731673757602, 21.065868667119108 ], [ -156.817161236360732, 21.066106885916149 ], [ -156.817415048929348, 21.066473417250666 ], [ -156.817473611452215, 21.066766667322572 ], [ -156.817317423925715, 21.067004917387077 ], [ -156.816575517513286, 21.067059886172981 ], [ -156.815989767395962, 21.067426417532495 ], [ -156.813822516944583, 21.068269417808796 ], [ -156.812748672956758, 21.068269417840767 ], [ -156.812241016583243, 21.067939542773022 ], [ -156.812299641591267, 21.067792948984462 ], [ -156.811889578988058, 21.067426417654588 ], [ -156.811635766415122, 21.066931605037858 ], [ -156.811694328908288, 21.066345136138793 ], [ -156.812045766473688, 21.065978604786256 ], [ -156.812592454089184, 21.06581366722855 ], [ -156.812729141614483, 21.065667042187634 ], [ -156.812709579102773, 21.065447135882984 ], [ -156.811655328871154, 21.065502104678174 ], [ -156.811225735034071, 21.065740354750819 ], [ -156.810835266208784, 21.066070261095319 ], [ -156.810874297482883, 21.066528417459239 ], [ -156.811050016283559, 21.066876605041479 ], [ -156.811264797586091, 21.067023230071918 ], [ -156.811245266337949, 21.067206480118529 ], [ -156.81110861006016, 21.067279792641017 ], [ -156.809527109709961, 21.067279792688105 ], [ -156.809234234635198, 21.066986573873162 ], [ -156.808765640773373, 21.066748323827266 ], [ -156.808453234441828, 21.066381792494489 ], [ -156.809351390893198, 21.066455104986172 ], [ -156.810269047335851, 21.066143542380587 ], [ -156.810034734775911, 21.065905292327706 ], [ -156.809390422128303, 21.065758698560074 ], [ -156.808804672002964, 21.065886948609723 ], [ -156.808082265604725, 21.066235198718704 ], [ -156.807223202916362, 21.06629016750809 ], [ -156.806071202672399, 21.066620042625246 ], [ -156.805485515044552, 21.066675042656502 ], [ -156.804274983539472, 21.067059886539209 ], [ -156.803415889599279, 21.067059886564781 ], [ -156.802350358108356, 21.066914449059961 ], [ -156.802331108105818, 21.066965011573238 ], [ -156.802267545593395, 21.067014324087516 ], [ -156.802210108082733, 21.067075105354494 ], [ -156.802161233072695, 21.067098042861709 ], [ -156.802147795570136, 21.067110667865279 ], [ -156.802119670564139, 21.067116417867556 ], [ -156.802090358058365, 21.06713819912391 ], [ -156.802073233055438, 21.067164574131038 ], [ -156.802069576806076, 21.067205886641521 ], [ -156.802086670563796, 21.067322886670407 ], [ -156.802059795562485, 21.067460511705775 ], [ -156.802035358059129, 21.067522480472086 ], [ -156.801981576800927, 21.067631449251056 ], [ -156.80196082679862, 21.06769910551867 ], [ -156.801900889288845, 21.067802355546391 ], [ -156.801872826784688, 21.067864293062783 ], [ -156.801812951778288, 21.068067324365575 ], [ -156.801723733016217, 21.068294418175277 ], [ -156.801627201750989, 21.068476824473979 ], [ -156.80158563924374, 21.068534168239616 ], [ -156.801559982989744, 21.068583480752768 ], [ -156.801544107986643, 21.068596105756409 ], [ -156.801439014217721, 21.068725730792092 ], [ -156.801401107960402, 21.068757824551295 ], [ -156.801349795451046, 21.068816324567518 ], [ -156.80129970169142, 21.068859918329959 ], [ -156.801277670436974, 21.068872543333796 ], [ -156.801253232932424, 21.068897793340856 ], [ -156.801239826680273, 21.068921855847311 ], [ -156.801190920420993, 21.068967762110287 ], [ -156.801168920416131, 21.068968887111229 ], [ -156.801133482909535, 21.069005605871499 ], [ -156.801078482899953, 21.069082449642444 ], [ -156.801038170392047, 21.069113418401432 ], [ -156.800981951631826, 21.069178793419528 ], [ -156.80087076411067, 21.069280887198484 ], [ -156.80068745157277, 21.069361199724117 ], [ -156.800557889047184, 21.069452949751021 ], [ -156.800515139039021, 21.069491949762085 ], [ -156.800428357772034, 21.069557324781091 ], [ -156.800390482764868, 21.06959404354145 ], [ -156.800263388989521, 21.069676606065972 ], [ -156.800100857706099, 21.069752324839822 ], [ -156.800032420192281, 21.069792449851953 ], [ -156.799954201425777, 21.069816543610326 ], [ -156.799927326419919, 21.069820012362001 ], [ -156.799922482668649, 21.069813106110406 ], [ -156.799918763918356, 21.069829168614557 ], [ -156.799861326405761, 21.069833762367427 ], [ -156.799797763892258, 21.069849824873344 ], [ -156.799717138874655, 21.069857856127761 ], [ -156.799659701361861, 21.069855543628893 ], [ -156.799613263849608, 21.069795918615295 ], [ -156.799607107597325, 21.06976951235885 ], [ -156.79953260757668, 21.069646793580226 ], [ -156.799528951325101, 21.069625043574881 ], [ -156.799514263821379, 21.06961123107185 ], [ -156.799513045070597, 21.069595168567847 ], [ -156.799499607566958, 21.069575668563349 ], [ -156.799498357566307, 21.069564199810507 ], [ -156.799466607557832, 21.069521762300788 ], [ -156.799438513799657, 21.069464418537216 ], [ -156.799448295051718, 21.069460981036059 ], [ -156.799426295045919, 21.069433481029805 ], [ -156.799365170022924, 21.069153574711315 ], [ -156.799304107507965, 21.069111137202462 ], [ -156.799260076247464, 21.069088199698012 ], [ -156.799250326244305, 21.069059512191092 ], [ -156.799252763742999, 21.069004449677191 ], [ -156.7992454199902, 21.068970043418766 ], [ -156.799200201227052, 21.068877137146774 ], [ -156.79915010746376, 21.068811762131851 ], [ -156.79911345120118, 21.068678699599509 ], [ -156.799098763695071, 21.068594949578898 ], [ -156.799089013692026, 21.068569730822862 ], [ -156.799076794938998, 21.068559387070621 ], [ -156.799060888687478, 21.068619043336071 ], [ -156.79904866993536, 21.068636262090774 ], [ -156.799042576186253, 21.068702793357666 ], [ -156.799010794929984, 21.068724574614084 ], [ -156.798983919927565, 21.068830105891394 ], [ -156.798932576169534, 21.068928762167701 ], [ -156.79889226366501, 21.069059512201751 ], [ -156.798856826160147, 21.069147824724993 ], [ -156.798842138658955, 21.06920863724071 ], [ -156.798820138655429, 21.069247637251163 ], [ -156.798814044905214, 21.069282043509993 ], [ -156.798763951147521, 21.069382981036838 ], [ -156.798749263644652, 21.069394449790156 ], [ -156.79860013861213, 21.06940935604834 ], [ -156.798448607329362, 21.069432293558609 ], [ -156.798392419817645, 21.069454106065756 ], [ -156.798381451065978, 21.069475887321559 ], [ -156.798374107315425, 21.069508012329848 ], [ -156.798388763571921, 21.069604356103618 ], [ -156.798416888580078, 21.069661699867183 ], [ -156.798430326083434, 21.069673168619662 ], [ -156.798440107337967, 21.069743137386954 ], [ -156.798465763595004, 21.069783293646275 ], [ -156.798475544848344, 21.069817699904629 ], [ -156.798475544850277, 21.069875043669029 ], [ -156.798486544853205, 21.069889981172459 ], [ -156.798497544858066, 21.069959949939712 ], [ -156.798517076113711, 21.07000007494921 ], [ -156.798542732373051, 21.07010791872553 ], [ -156.798537857376317, 21.070236387507947 ], [ -156.798546419878789, 21.070254731262317 ], [ -156.798546419879557, 21.070277668768082 ], [ -156.798529294877596, 21.07033041878184 ], [ -156.798529294881547, 21.070447418811231 ], [ -156.798534201132867, 21.070454325062808 ], [ -156.798535419885127, 21.070513950077761 ], [ -156.798551294890103, 21.070557543838234 ], [ -156.798567201144408, 21.070580481343526 ], [ -156.798567201144834, 21.070593106346696 ], [ -156.798591638651374, 21.070626356354332 ], [ -156.798690607424277, 21.07065504385859 ], [ -156.798800607448698, 21.070657325105884 ], [ -156.79887757621546, 21.070648168851296 ], [ -156.798894701219382, 21.070652762601942 ], [ -156.798983919989155, 21.070652762599284 ], [ -156.799058451255235, 21.070640137593895 ], [ -156.799125670020231, 21.07064357509276 ], [ -156.799163545028989, 21.070653887594222 ], [ -156.7991904200357, 21.070676825099184 ], [ -156.799198951288247, 21.070696325103825 ], [ -156.799205107541411, 21.070750231367185 ], [ -156.799220982545393, 21.07076401262017 ], [ -156.799238076299133, 21.0707617313691 ], [ -156.799247857551052, 21.070754825117071 ], [ -156.799275982555343, 21.070697481351829 ], [ -156.799291857558671, 21.070692887600202 ], [ -156.799343232570067, 21.070692887598675 ], [ -156.799389607581389, 21.070722731354792 ], [ -156.799409170086392, 21.07074335635939 ], [ -156.799458045098277, 21.070775481365999 ], [ -156.799526482616869, 21.07087641888932 ], [ -156.799549701374048, 21.070937200153896 ], [ -156.799553388876149, 21.070975106413314 ], [ -156.799543607627555, 21.071080575190106 ], [ -156.799548482630854, 21.071147106456671 ], [ -156.799528951380438, 21.071262981486353 ], [ -156.7994715138706, 21.071347856509394 ], [ -156.79941529510981, 21.071397169023463 ], [ -156.799362732598837, 21.071415512779627 ], [ -156.799315076338246, 21.071415512781048 ], [ -156.799162326303332, 21.071383419027537 ], [ -156.799027857521423, 21.071320325265688 ], [ -156.798976576258781, 21.071282481507708 ], [ -156.798865388731969, 21.071217075244572 ], [ -156.798816482469391, 21.071165481483074 ], [ -156.798752951203767, 21.071119575223431 ], [ -156.798650294929615, 21.07107829396611 ], [ -156.798606294919523, 21.071067981464836 ], [ -156.798576982413095, 21.071069106465988 ], [ -156.798550076157539, 21.071080575219671 ], [ -156.798526857402919, 21.071096637724402 ], [ -156.798491388646625, 21.071142543986991 ], [ -156.798465763642866, 21.071199887752154 ], [ -156.798463326144798, 21.071273294020671 ], [ -156.798480419899875, 21.071311137779666 ], [ -156.798484076151937, 21.07134785653879 ], [ -156.798496294906016, 21.071387981548501 ], [ -156.798490201160803, 21.071570356594499 ], [ -156.798507294915993, 21.071611637854364 ], [ -156.798507294918039, 21.07167245036964 ], [ -156.798519513671067, 21.071681637871578 ], [ -156.798519513672431, 21.071721794131676 ], [ -156.798502419919515, 21.071748137888797 ], [ -156.798486544916386, 21.071759637892161 ], [ -156.798470638662906, 21.071760762892918 ], [ -156.798430326155284, 21.071799762903911 ], [ -156.798326451134329, 21.071860575422285 ], [ -156.798214013611016, 21.071906450437162 ], [ -156.798168763601296, 21.071916762941097 ], [ -156.797935388549178, 21.071903012944588 ], [ -156.797887732288189, 21.071890387942833 ], [ -156.797852294779773, 21.071873169189558 ], [ -156.79780829476897, 21.071842200433096 ], [ -156.797725200997235, 21.071743575410789 ], [ -156.797699544739828, 21.071691950398574 ], [ -156.797688544735138, 21.071625419132197 ], [ -156.797699544733717, 21.071510731603055 ], [ -156.797725200986946, 21.071438450334124 ], [ -156.797755732242138, 21.071392575321706 ], [ -156.797755732241825, 21.071383419069402 ], [ -156.797808294751064, 21.071312294049957 ], [ -156.797912138520218, 21.071197606518062 ], [ -156.797946388526015, 21.071144825253782 ], [ -156.797954951027094, 21.071120731497473 ], [ -156.797965951029255, 21.071112700245127 ], [ -156.797973263528206, 21.071033575225034 ], [ -156.797957388523372, 21.070995731465999 ], [ -156.797939044768867, 21.070981950213078 ], [ -156.797925607265284, 21.070962450208583 ], [ -156.7978999510091, 21.070949825206171 ], [ -156.797859607249876, 21.070940637705075 ], [ -156.797825388492384, 21.070942950206671 ], [ -156.797793638485814, 21.070956700211074 ], [ -156.797744763476288, 21.070994575222034 ], [ -156.797722763472308, 21.071020950229318 ], [ -156.797689763466821, 21.071076012744133 ], [ -156.797651857209445, 21.071105825252747 ], [ -156.797593169696995, 21.071121887758533 ], [ -156.7975186696805, 21.071121887760746 ], [ -156.797483232172198, 21.071108106508344 ], [ -156.797445357163639, 21.071103544008331 ], [ -156.797407482154853, 21.071092044006562 ], [ -156.797325575885111, 21.071045043997195 ], [ -156.797293825877063, 21.07101407524036 ], [ -156.797269357120456, 21.070978512732147 ], [ -156.797237607109821, 21.070871825206293 ], [ -156.797241263356455, 21.070749106425346 ], [ -156.797258388358131, 21.070686012658996 ], [ -156.797280357111958, 21.070656200150854 ], [ -156.797343919624495, 21.070610325137434 ], [ -156.797449013397284, 21.070595387630551 ], [ -156.797461200899676, 21.070586231377888 ], [ -156.79749545090425, 21.070496762604396 ], [ -156.797510107156882, 21.07047838759933 ], [ -156.797541888413093, 21.070454325092349 ], [ -156.797561450913832, 21.070347637564975 ], [ -156.797627419673574, 21.070204293776985 ], [ -156.797676325932002, 21.070134293757949 ], [ -156.797675107181192, 21.070117075003655 ], [ -156.797585888405763, 21.069949606214241 ], [ -156.797578544653163, 21.069919793706973 ], [ -156.797558982147592, 21.069884231198621 ], [ -156.797525982136449, 21.069770668671065 ], [ -156.797532107135851, 21.069711043655911 ], [ -156.797549232138266, 21.069672043645603 ], [ -156.797545544636478, 21.069642199888214 ], [ -156.797535763383735, 21.069626137384468 ], [ -156.79751623212897, 21.0696123873816 ], [ -156.797420919607418, 21.069599762381266 ], [ -156.797394013350953, 21.069583699878031 ], [ -156.797375700846771, 21.069580262377709 ], [ -156.797306044579813, 21.069535543618542 ], [ -156.797270607071454, 21.069520637365855 ], [ -156.797200982053539, 21.069446074849203 ], [ -156.797141044538506, 21.069394449838011 ], [ -156.797056732016273, 21.069288918564009 ], [ -156.797040857011751, 21.069259106057 ], [ -156.797040857011439, 21.069249918554686 ], [ -156.79702251325736, 21.069248762304941 ], [ -156.796976075745221, 21.069194856042778 ], [ -156.796954075740331, 21.069193731043153 ], [ -156.796935763236547, 21.069201731045705 ], [ -156.796921075733763, 21.0692155122996 ], [ -156.796921075736151, 21.069286637317472 ], [ -156.796944294492477, 21.069321074825439 ], [ -156.797010325759203, 21.069382981089024 ], [ -156.797039638266256, 21.06940016859247 ], [ -156.797088513278794, 21.0694506686037 ], [ -156.797088513280102, 21.069489668613492 ], [ -156.797068950776577, 21.069513731120118 ], [ -156.79702251327052, 21.069638762402921 ], [ -156.796996857015898, 21.069669731161458 ], [ -156.796925982004012, 21.069782137441813 ], [ -156.796908888250499, 21.069791324944624 ], [ -156.796839231988656, 21.069896856223213 ], [ -156.796759763223633, 21.069973699994879 ], [ -156.796713356965739, 21.070043668763837 ], [ -156.796691356961361, 21.070058606268255 ], [ -156.796674231958463, 21.070084981275386 ], [ -156.796635138200998, 21.070120512535475 ], [ -156.796627794449961, 21.070137731290018 ], [ -156.796493356919683, 21.070122793790269 ], [ -156.796461606912942, 21.070130856293243 ], [ -156.79643466940766, 21.070151512549227 ], [ -156.796434669408711, 21.070182450057001 ], [ -156.79645182566307, 21.070199668810812 ], [ -156.796525138179788, 21.070213418812084 ], [ -156.796549575685049, 21.07020885631022 ], [ -156.796564263188515, 21.070215731311499 ], [ -156.796605763197789, 21.070218012560851 ], [ -156.796616794450586, 21.070228356313109 ], [ -156.796616794451438, 21.070253575069447 ], [ -156.796625325703559, 21.070260450070922 ], [ -156.796622919454904, 21.070316637585108 ], [ -156.796604575702617, 21.070369418848916 ], [ -156.796602169453138, 21.070400356356757 ], [ -156.796591138201592, 21.070426793863732 ], [ -156.796587481951889, 21.070458887621907 ], [ -156.796570356949445, 21.070499043882503 ], [ -156.796570356952742, 21.070596543906994 ], [ -156.796547138200737, 21.070689450181025 ], [ -156.796539825700847, 21.07074107519421 ], [ -156.796504356944695, 21.070791543957942 ], [ -156.796445700683051, 21.070831668969774 ], [ -156.796437169431698, 21.070846606473779 ], [ -156.796369950669003, 21.070911981492205 ], [ -156.796354044416347, 21.070938356499298 ], [ -156.796289294404147, 21.071001450267087 ], [ -156.796267294399712, 21.071012919020621 ], [ -156.796239169394312, 21.071038137777787 ], [ -156.796219638140258, 21.071046169030389 ], [ -156.796186638134003, 21.071077137789139 ], [ -156.796148763126325, 21.071098950295756 ], [ -156.79614632562604, 21.071106950297839 ], [ -156.796127981872132, 21.071111544049547 ], [ -156.796063200609495, 21.071160887813864 ], [ -156.795906794326726, 21.071215950332352 ], [ -156.795853013065795, 21.071246919091738 ], [ -156.795735700541513, 21.071296231607608 ], [ -156.795516950495738, 21.071375387884004 ], [ -156.795447262981838, 21.071421262897616 ], [ -156.795419200476033, 21.071431575401043 ], [ -156.795373981717631, 21.071479762914482 ], [ -156.79530554420441, 21.071537106680932 ], [ -156.795249325443081, 21.071570356690955 ], [ -156.795140575420021, 21.071601325451969 ], [ -156.795048919150076, 21.07161163795729 ], [ -156.795047700400232, 21.071624294210501 ], [ -156.795009794141833, 21.071624294211631 ], [ -156.795002481640125, 21.071620825460982 ], [ -156.794965825382889, 21.071647231718703 ], [ -156.794929137876068, 21.071686231729597 ], [ -156.794907137871604, 21.071698825483413 ], [ -156.794852169111635, 21.07176420050148 ], [ -156.794772731595742, 21.071814669266519 ], [ -156.794750731591705, 21.07183876302323 ], [ -156.794704294082209, 21.071861700530366 ], [ -156.794638294069131, 21.071907606793861 ], [ -156.794623637815931, 21.071908731794579 ], [ -156.794608981563158, 21.071922513048484 ], [ -156.794594325310015, 21.07192595054978 ], [ -156.794550325301685, 21.071968419311759 ], [ -156.79452098154556, 21.071978700565218 ], [ -156.794469669035777, 21.072025763078564 ], [ -156.794458669033219, 21.072022294328022 ], [ -156.794430544027733, 21.072044075584341 ], [ -156.794420794025655, 21.072046388085205 ], [ -156.794357231513374, 21.072100294350637 ], [ -156.794324231506465, 21.072111763104502 ], [ -156.794326669007376, 21.072122075607023 ], [ -156.794153137723498, 21.072257419396184 ], [ -156.794142137721053, 21.072257419396518 ], [ -156.794116481466205, 21.072281513153335 ], [ -156.794077387708057, 21.072297575658528 ], [ -156.793960075184515, 21.072368700679903 ], [ -156.793953950183436, 21.072377856932373 ], [ -156.793919731426513, 21.072396231938008 ], [ -156.793901418923099, 21.072415731943448 ], [ -156.793879418918607, 21.072427200696982 ], [ -156.793869637667001, 21.072443263201318 ], [ -156.793776762648633, 21.072508638220505 ], [ -156.793765762646785, 21.072525825725148 ], [ -156.793669231377265, 21.072580888241855 ], [ -156.793489575090433, 21.072669200769386 ], [ -156.793421137575933, 21.072688732026332 ], [ -156.793378387567259, 21.072711638283355 ], [ -156.79329404379942, 21.072736888292209 ], [ -156.793120512513468, 21.072810294565819 ], [ -156.792981199985121, 21.07288370083841 ], [ -156.79295554372942, 21.072883700839174 ], [ -156.79292254372271, 21.072900888344464 ], [ -156.792828449953078, 21.072936482106215 ], [ -156.792727012430646, 21.072937575859498 ], [ -156.792705012426438, 21.072957107115066 ], [ -156.792675699920323, 21.072968607118828 ], [ -156.792617043658566, 21.073005294629791 ], [ -156.792586481152199, 21.073016763383585 ], [ -156.792553481145575, 21.073037419639746 ], [ -156.792532731141193, 21.07304313839181 ], [ -156.79243860612047, 21.073047700895753 ], [ -156.792395856111312, 21.073056888399329 ], [ -156.792272418583337, 21.073037419648113 ], [ -156.792267543581971, 21.073029388396247 ], [ -156.79226754358092, 21.072998419638463 ], [ -156.792252856077113, 21.072982357134872 ], [ -156.792236981071426, 21.07291810711919 ], [ -156.792213762315356, 21.072890575862971 ], [ -156.792206418562472, 21.072853857103961 ], [ -156.792191762308278, 21.072825232097212 ], [ -156.792167324802222, 21.072805700843023 ], [ -156.792145324796223, 21.072772450835323 ], [ -156.792147762296565, 21.072766700833814 ], [ -156.792128231042085, 21.072762107083232 ], [ -156.792103731035525, 21.072727700825322 ], [ -156.792021887264525, 21.072642825806433 ], [ -156.791903355985937, 21.072574013292677 ], [ -156.791887480981842, 21.072556794538826 ], [ -156.791870387227959, 21.072553357038469 ], [ -156.79180191846072, 21.072492607025236 ], [ -156.791732262194017, 21.072454732017796 ], [ -156.791676074681163, 21.072442107016307 ], [ -156.791641855923046, 21.072427200763563 ], [ -156.791504980892825, 21.072429482018222 ], [ -156.79148298088819, 21.072436357020599 ], [ -156.791448762130557, 21.072435232021338 ], [ -156.791364449612985, 21.072466169531619 ], [ -156.791352230860213, 21.072465044531697 ], [ -156.791322887104371, 21.072484544537463 ], [ -156.791289887097122, 21.072486825789021 ], [ -156.791233668335593, 21.072513232047335 ], [ -156.791150574569002, 21.072567138313346 ], [ -156.79112613706431, 21.072590075819836 ], [ -156.791111480811082, 21.072590075820269 ], [ -156.791087043306533, 21.072614169577054 ], [ -156.791063824551628, 21.072622200829766 ], [ -156.791018605793369, 21.072673794594078 ], [ -156.791007574541027, 21.072677232095256 ], [ -156.790996605789303, 21.072697888350774 ], [ -156.790957480782026, 21.072739169612316 ], [ -156.790941637028652, 21.072743794613945 ], [ -156.790913512023508, 21.072775888372853 ], [ -156.790898824520497, 21.072782763375013 ], [ -156.790871949515633, 21.072814888383885 ], [ -156.790849949511284, 21.072829794638281 ], [ -156.790758293244039, 21.072920419663774 ], [ -156.790681324479976, 21.073008732188249 ], [ -156.790673980728883, 21.0730247946925 ], [ -156.790644636972957, 21.073041982197704 ], [ -156.790600668215035, 21.073094763462276 ], [ -156.790583543211625, 21.073106232215654 ], [ -156.790559105707274, 21.073138357224458 ], [ -156.790506574447505, 21.073193388489852 ], [ -156.790505324447679, 21.073207169743345 ], [ -156.790496793196041, 21.073214044745324 ], [ -156.790483355693027, 21.073212919745451 ], [ -156.790430793183617, 21.073279419763718 ], [ -156.790401480677701, 21.073296638518908 ], [ -156.790379480673749, 21.073324169776491 ], [ -156.790322011912821, 21.073376919791446 ], [ -156.790300011909153, 21.073412482301034 ], [ -156.790270699403408, 21.073434263557388 ], [ -156.790225355641894, 21.07339207604813 ], [ -156.790197730636095, 21.073400732301128 ], [ -156.789826761813856, 21.073693951135837 ], [ -156.789162949200261, 21.074683513904205 ], [ -156.78853813657733, 21.075141670287902 ], [ -156.788089042748283, 21.075746389203204 ], [ -156.78810857401686, 21.076167889308518 ], [ -156.788381917836062, 21.076424451864831 ], [ -156.788499074126236, 21.076845920717247 ], [ -156.788050011557146, 21.07774385845622 ], [ -156.7880695428195, 21.077982077265485 ], [ -156.787718105263338, 21.078623483687096 ], [ -156.785999917419304, 21.079704640259862 ], [ -156.785043229713608, 21.079887890334373 ], [ -156.784516042106702, 21.080181109173736 ], [ -156.783754604444852, 21.080382671747035 ], [ -156.783754604470857, 21.081152296940406 ], [ -156.783617916949879, 21.081427172013537 ], [ -156.783149323099195, 21.081518797050506 ], [ -156.782954073061489, 21.081683734597753 ], [ -156.78299313557568, 21.08184864088803 ], [ -156.783207916877643, 21.081976922163879 ], [ -156.783207916889381, 21.082325078501349 ], [ -156.782875979325127, 21.082599953580285 ], [ -156.782583104260908, 21.082618266093601 ], [ -156.781997385376201, 21.082471703574214 ], [ -156.781567822798394, 21.082984797465922 ], [ -156.781196853973626, 21.083204672532201 ], [ -156.781196853979196, 21.083369578823632 ], [ -156.781060197702686, 21.083479547605325 ], [ -156.78047444757226, 21.083461203868151 ], [ -156.780318260032118, 21.083296297581363 ], [ -156.780298728770333, 21.083076391276695 ], [ -156.780396353779622, 21.082709922431707 ], [ -156.781079728925448, 21.08254498486993 ], [ -156.781001603894509, 21.082141891020967 ], [ -156.780474447529571, 21.082196797300458 ], [ -156.780240166235131, 21.082416734862687 ], [ -156.779654416114056, 21.082673266194572 ], [ -156.779537259843039, 21.08281982873488 ], [ -156.778971072223811, 21.083003110047787 ], [ -156.776510946676382, 21.082929797602549 ], [ -156.776100977832471, 21.082838172591725 ], [ -156.774870883817442, 21.083058078933583 ], [ -156.774792790085399, 21.084102547948341 ], [ -156.774480415048401, 21.085055423197073 ], [ -156.774070383729821, 21.085715110875032 ], [ -156.773679883653244, 21.086008298460321 ], [ -156.77334797735881, 21.086869548686611 ], [ -156.773621321188557, 21.087437580071203 ], [ -156.773465102410114, 21.087620798871896 ], [ -156.773347977382343, 21.087565830111572 ], [ -156.773074633551943, 21.086979486222369 ], [ -156.772879383501902, 21.086777923677523 ], [ -156.771961727061637, 21.087162705051512 ], [ -156.77120025814358, 21.087181048828779 ], [ -156.770536414272499, 21.087950642791906 ], [ -156.770536414276819, 21.088078924074139 ], [ -156.770731664321943, 21.088133892832154 ], [ -156.770263070517018, 21.089581455709837 ], [ -156.769872570445358, 21.090021237081967 ], [ -156.769482101613221, 21.090149487125807 ], [ -156.768779195208708, 21.09018614340593 ], [ -156.76780297626533, 21.090864112355337 ], [ -156.767529601196117, 21.09060758104901 ], [ -156.767549163706661, 21.090790831094477 ], [ -156.766436225987945, 21.091615393834786 ], [ -156.76612385093361, 21.092055143954585 ], [ -156.76516716323772, 21.092531550352771 ], [ -156.764679038132073, 21.092604862885711 ], [ -156.763351350363905, 21.093374425618599 ], [ -156.762921819032982, 21.093795863237279 ], [ -156.762511787692773, 21.09381417575408 ], [ -156.76258991271564, 21.093979082043191 ], [ -156.762531318958224, 21.094143988336381 ], [ -156.762023662613046, 21.094657050980413 ], [ -156.761555100020416, 21.09498686357724 ], [ -156.760715537345561, 21.095316707435106 ], [ -156.759270724536606, 21.095646488810946 ], [ -156.758314005592524, 21.096177863972951 ], [ -156.75761113045661, 21.096764176641205 ], [ -156.757083942863943, 21.097478801836477 ], [ -156.757044942861484, 21.097662020633678 ], [ -156.756244411461353, 21.098468177110092 ], [ -156.755853911393388, 21.099017896009865 ], [ -156.754760536179589, 21.099860708754203 ], [ -156.752339473198873, 21.101509740490648 ], [ -156.751363223012248, 21.102389178240703 ], [ -156.75114847296777, 21.102480803270119 ], [ -156.750562722833024, 21.102334240750704 ], [ -156.750269847789781, 21.102975490920581 ], [ -156.749137410071029, 21.103928241193714 ], [ -156.748434534942504, 21.104734397667233 ], [ -156.747692597292968, 21.105174116549826 ], [ -156.747067815909446, 21.105320710355237 ], [ -156.745857284424034, 21.106291741885297 ], [ -156.745779190671556, 21.106731491998151 ], [ -156.745544909385131, 21.107189523370245 ], [ -156.744881065492365, 21.107317773422217 ], [ -156.744744409207726, 21.107189523394055 ], [ -156.744588190423087, 21.107189523398699 ], [ -156.744080565324225, 21.107592586015105 ], [ -156.743787690261826, 21.10766586729223 ], [ -156.743709596500082, 21.107830773585995 ], [ -156.743748627763068, 21.107959023617077 ], [ -156.743904846547707, 21.10795902361243 ], [ -156.744061034089071, 21.108160554908437 ], [ -156.744295315391014, 21.10816055490147 ], [ -156.744373409188, 21.109039992620183 ], [ -156.744529627989351, 21.109534648989872 ], [ -156.744705346784485, 21.109717867780695 ], [ -156.745134878161252, 21.110652243002765 ], [ -156.745310596954511, 21.110780493029779 ], [ -156.745388690732341, 21.111091930605728 ], [ -156.744763909339525, 21.110963711842082 ], [ -156.744178127969008, 21.111238524428583 ], [ -156.743787690375683, 21.111036993139543 ], [ -156.742577158867306, 21.111330118249231 ], [ -156.742147627517767, 21.11120186822977 ], [ -156.741796158679421, 21.110890430661939 ], [ -156.741620471144785, 21.111018649449392 ], [ -156.741405658597216, 21.111018649455779 ], [ -156.740741845977936, 21.111843118432759 ], [ -156.740175627105572, 21.11193471222262 ], [ -156.739902252040025, 21.111788149693908 ], [ -156.739765595762805, 21.111879743470997 ], [ -156.739726564530798, 21.112667556170177 ], [ -156.739960845856842, 21.1133820563428 ], [ -156.739882752096349, 21.113583587645788 ], [ -156.740058470897054, 21.113931681478046 ], [ -156.740058470913738, 21.114426337852386 ], [ -156.739843720868009, 21.114481306622586 ], [ -156.739843720873608, 21.114646212914039 ], [ -156.739375127020367, 21.11466449418257 ], [ -156.738106001719274, 21.114078244072967 ], [ -156.737617907882793, 21.11471943174865 ], [ -156.737403126587651, 21.114792744273462 ], [ -156.737149314025828, 21.114627869239566 ], [ -156.736797876455995, 21.114866025559884 ], [ -156.736212126329264, 21.114957619350324 ], [ -156.735919251281075, 21.115452306983375 ], [ -156.735899720038503, 21.115800369571456 ], [ -156.735763063768132, 21.116093494649206 ], [ -156.735548282474866, 21.116221744687827 ], [ -156.735314001184719, 21.116569838532289 ], [ -156.735118751142011, 21.116588151042706 ], [ -156.734767282306109, 21.116349994743295 ], [ -156.734630626027666, 21.116404963511179 ], [ -156.734728251080895, 21.117339307493133 ], [ -156.734630626067258, 21.117577495055912 ], [ -156.734298719755486, 21.117925526403262 ], [ -156.733947282182555, 21.118072057700545 ], [ -156.733712969640521, 21.118365214031208 ], [ -156.733478657107781, 21.118933151680945 ], [ -156.733459157118915, 21.119391151796645 ], [ -156.733302969593581, 21.119665933120363 ], [ -156.733088188299689, 21.119775870654387 ], [ -156.732678156972469, 21.120178902017894 ], [ -156.73244387566865, 21.120123933261041 ], [ -156.732268156884658, 21.120270495803116 ], [ -156.732190063126012, 21.120526964619906 ], [ -156.732248625659423, 21.121131527270133 ], [ -156.73172146931114, 21.121681121173971 ], [ -156.73090137541837, 21.122835246488481 ], [ -156.730979531703667, 21.123366527869713 ], [ -156.731213844264232, 21.123622996677202 ], [ -156.731135719253103, 21.123806184225579 ], [ -156.73043284410042, 21.123897809269526 ], [ -156.729808062723691, 21.124245903125615 ], [ -156.72957375018413, 21.124612246974671 ], [ -156.729358968905728, 21.125180153373819 ], [ -156.729476125193486, 21.125528215957836 ], [ -156.729398031448426, 21.126187716125948 ], [ -156.729202812653313, 21.126132747367937 ], [ -156.729085656382296, 21.126279309908259 ], [ -156.728656093777801, 21.126004497351953 ], [ -156.727816531088592, 21.125912903603911 ], [ -156.726918405935947, 21.12728684147601 ], [ -156.726371718332729, 21.127818091625819 ], [ -156.725083093080542, 21.128807310662832 ], [ -156.724360686680939, 21.129118717012606 ], [ -156.724048280369743, 21.129356873331773 ], [ -156.723228248947208, 21.129631654675247 ], [ -156.723169655207158, 21.130309467347391 ], [ -156.722993936434307, 21.130785748722349 ], [ -156.723072061457202, 21.130950592511461 ], [ -156.721763904999534, 21.133386968162888 ], [ -156.720631498538751, 21.134577624745912 ], [ -156.720319092223804, 21.134705874787439 ], [ -156.71987002964039, 21.135182124920533 ], [ -156.719616185860104, 21.135951500121511 ], [ -156.719381904571804, 21.136354468979793 ], [ -156.719128092022373, 21.136555969037992 ], [ -156.719186654543364, 21.136794094096128 ], [ -156.718620435683334, 21.137252062978103 ], [ -156.718366623156783, 21.13813131320671 ], [ -156.718093279358555, 21.138497657056952 ], [ -156.718015154349303, 21.138735782119142 ], [ -156.717468497998539, 21.139340251037375 ], [ -156.717351341734343, 21.139688313628366 ], [ -156.717390404268372, 21.140439313816024 ], [ -156.717156091726366, 21.140732345146663 ], [ -156.715945560236435, 21.14157497039454 ], [ -156.715262216376431, 21.142802220723411 ], [ -156.71471552877631, 21.143425002146266 ], [ -156.713602622291944, 21.143791346021494 ], [ -156.713290215983847, 21.144121064863679 ], [ -156.713387841029004, 21.144817096285784 ], [ -156.71403215369412, 21.145476502682403 ], [ -156.714032153718279, 21.146190846612011 ], [ -156.713934528704698, 21.14642897167478 ], [ -156.713309747331039, 21.146868565553905 ], [ -156.713055903525998, 21.146905190570664 ], [ -156.712704497207994, 21.147198253154802 ], [ -156.711864903284862, 21.147582909526502 ], [ -156.711747778268801, 21.147876003353677 ], [ -156.711318215683491, 21.148169034690138 ], [ -156.711435371964427, 21.148315565973498 ], [ -156.711493965744097, 21.1488100973461 ], [ -156.711747778309672, 21.149084847407618 ], [ -156.711845403346786, 21.149542753769854 ], [ -156.711552528377865, 21.152381754492396 ], [ -156.711708715945321, 21.153352473481824 ], [ -156.711923497252229, 21.153627223544525 ], [ -156.712118747315344, 21.154213317436074 ], [ -156.711845403544999, 21.155403817743554 ], [ -156.710595809561312, 21.156685911853124 ], [ -156.710166278242099, 21.157455162059332 ], [ -156.710244747027474, 21.157987037190729 ], [ -156.710344872056226, 21.158180755986461 ], [ -156.710328028303167, 21.158200849742016 ], [ -156.639447008107027, 21.024941818338991 ], [ -156.639715945664022, 21.02486313081128 ], [ -156.639974445715296, 21.024683318258447 ], [ -156.640131445743947, 21.024499536957624 ], [ -156.640111883231015, 21.024242880643683 ], [ -156.64040478953487, 21.023912911802096 ], [ -156.641185789709226, 21.023949568038287 ], [ -156.641244352225868, 21.024059536814203 ], [ -156.641420071012334, 21.023986224290585 ], [ -156.641537196030953, 21.023766255481824 ], [ -156.641498164761259, 21.023436286650039 ], [ -156.641576258510185, 21.022886317759486 ], [ -156.641849602294371, 21.022098036303277 ], [ -156.641830102285752, 21.021969723771591 ], [ -156.641673883499919, 21.021933036266972 ], [ -156.6415957897228, 21.021639723695554 ], [ -156.64171291473221, 21.021144723567666 ], [ -156.641556727182262, 21.020686442207065 ], [ -156.641556727155859, 21.019898160758917 ], [ -156.641283383322616, 21.019219848096476 ], [ -156.641088133249866, 21.018339910381048 ], [ -156.640834320682586, 21.01800991030558 ], [ -156.64024857053991, 21.017624910226072 ], [ -156.640209539265953, 21.017166597612015 ], [ -156.639955726696201, 21.016763316268122 ], [ -156.639448070328768, 21.01661662874622 ], [ -156.6387256638954, 21.015919972342399 ], [ -156.638393757548528, 21.015223315927066 ], [ -156.638237538735723, 21.014380003219692 ], [ -156.638374226229843, 21.01329834669377 ], [ -156.638608476271969, 21.013005034113142 ], [ -156.638725663797914, 21.013005034109682 ], [ -156.639174726409124, 21.013353346683992 ], [ -156.640150945375467, 21.013353346655215 ], [ -156.640326695420526, 21.013536690446127 ], [ -156.640560976724885, 21.013610034207652 ], [ -156.640951476806521, 21.013463346659268 ], [ -156.641283383138074, 21.013701690459392 ], [ -156.64155672696026, 21.014050003038879 ], [ -156.641693383241801, 21.014086659294072 ], [ -156.64184960202212, 21.01395834675721 ], [ -156.641849602012314, 21.013665002933475 ], [ -156.641439570657951, 21.013261690344194 ], [ -156.641420070633387, 21.012656658942674 ], [ -156.641693383182343, 21.012308346347073 ], [ -156.642025320731364, 21.011575002402946 ], [ -156.642611070847067, 21.011153346029698 ], [ -156.643021070936726, 21.011116689758392 ], [ -156.643079633455841, 21.011300033552747 ], [ -156.643313946007737, 21.011300033545844 ], [ -156.64350919605593, 21.011446689826947 ], [ -156.643587289831828, 21.011703346139168 ], [ -156.643782539881812, 21.011905033684101 ], [ -156.644231602481341, 21.011905033670864 ], [ -156.644407321262946, 21.011685033610387 ], [ -156.644875915109424, 21.01146503354127 ], [ -156.645344508968179, 21.011611689814313 ], [ -156.64555929026514, 21.011593346053374 ], [ -156.645656884039852, 21.011685033573542 ], [ -156.645871665332521, 21.011538346030331 ], [ -156.64612550914552, 21.011740033573549 ], [ -156.64622313416595, 21.011703346061452 ], [ -156.646418384198171, 21.011373345972739 ], [ -156.646242634146972, 21.01100668963576 ], [ -156.646359790418643, 21.010878345850053 ], [ -156.646437884172457, 21.010475001996365 ], [ -156.646359790392893, 21.010108345656512 ], [ -156.64645741539735, 21.009595001774599 ], [ -156.646340259117721, 21.009485001750409 ], [ -156.646340259112179, 21.009320001708932 ], [ -156.647043134255114, 21.008934970341429 ], [ -156.64729697805214, 21.008659970264826 ], [ -156.647667946875799, 21.008403282689368 ], [ -156.648136540705707, 21.007688282495842 ], [ -156.648468478280478, 21.00772493874527 ], [ -156.648351290752686, 21.0076699387349 ], [ -156.648448915769393, 21.007523282445156 ], [ -156.64854654079349, 21.007596594960706 ], [ -156.648995634631376, 21.0072482198599 ], [ -156.649229915922859, 21.006936594774668 ], [ -156.649386103438474, 21.006368250877212 ], [ -156.649581353477458, 21.006239875839196 ], [ -156.649678978491721, 21.006019875781028 ], [ -156.649874228534344, 21.006001532020647 ], [ -156.650088978570921, 21.005671531931384 ], [ -156.651104260026898, 21.005103156758594 ], [ -156.652568635332358, 21.004534781572563 ], [ -156.653291041745518, 21.004626469074299 ], [ -156.65393535438767, 21.004608156550702 ], [ -156.654560135788415, 21.004974812874426 ], [ -156.654735854584686, 21.00519484417455 ], [ -156.654560135804957, 21.005469844248854 ], [ -156.654618698322793, 21.005616500533975 ], [ -156.655165385945168, 21.005653188027079 ], [ -156.655458261024791, 21.006093219379046 ], [ -156.655360636027694, 21.006826563316238 ], [ -156.655809698641917, 21.007266594663591 ], [ -156.656102573709262, 21.007339938423389 ], [ -156.656239261257355, 21.007871657302996 ], [ -156.656844511417802, 21.00865996998327 ], [ -156.657098323975305, 21.008696657485007 ], [ -156.657176448983989, 21.008439938668175 ], [ -156.656903073892181, 21.007504938441244 ], [ -156.656844511316024, 21.005616500468339 ], [ -156.656922636330904, 21.005543187947616 ], [ -156.656746886289483, 21.005469844184365 ], [ -156.656688323770368, 21.005286531640014 ], [ -156.656785948788325, 21.0051765316095 ], [ -156.65713738636498, 21.005139844089911 ], [ -156.657293573893469, 21.004956500289218 ], [ -156.657840261512149, 21.004883156504665 ], [ -156.658074574056712, 21.004663156442458 ], [ -156.657996480276523, 21.004278093847986 ], [ -156.6581721990581, 21.004058125037517 ], [ -156.659382730565284, 21.003728093668876 ], [ -156.660222262001298, 21.003728093644117 ], [ -156.660925168413172, 21.003911437419465 ], [ -156.661432793526245, 21.003929781159098 ], [ -156.661608512328058, 21.004314781250674 ], [ -156.662135699944884, 21.00431478123512 ], [ -156.662467606259867, 21.004058124910827 ], [ -156.663229075180396, 21.004113093652183 ], [ -156.663853856578669, 21.004406468707483 ], [ -156.664224825428619, 21.004938156330166 ], [ -156.664947200603422, 21.005378187669443 ], [ -156.665513450747909, 21.005946531545575 ], [ -156.665728232048536, 21.006038219062287 ], [ -156.666001575856654, 21.005964875285787 ], [ -156.666157763399241, 21.006203219091077 ], [ -156.666333482188804, 21.006221531590494 ], [ -156.66643110721472, 21.006349875369875 ], [ -156.666802076045684, 21.006313219099713 ], [ -156.666860638551896, 21.006111531547308 ], [ -156.666606825974185, 21.005469843893525 ], [ -156.666704450992142, 21.00535984386299 ], [ -156.666157763348338, 21.004681468708633 ], [ -156.666196825850847, 21.0044981249114 ], [ -156.666509200914561, 21.004333124860718 ], [ -156.66664585718928, 21.004168124815219 ], [ -156.666548263396805, 21.00354474966143 ], [ -156.666704450914835, 21.003049749532423 ], [ -156.66647013830837, 21.001417936629235 ], [ -156.666587294574526, 21.001124592802061 ], [ -156.666782544617774, 21.001124592796298 ], [ -156.667231638478313, 21.001454592865986 ], [ -156.667602576064809, 21.001582936637295 ], [ -156.667797826117862, 21.001876311705271 ], [ -156.668129763679758, 21.001527936607921 ], [ -156.668285951214955, 21.001546280357925 ], [ -156.668188326171247, 21.000886217694923 ], [ -156.667817357337213, 21.000831217692042 ], [ -156.666665419563003, 21.000262842583187 ], [ -156.66666541955442, 21.000006155018678 ], [ -156.666880138337888, 20.999584467406368 ], [ -156.666782544561954, 20.999456123626995 ], [ -156.666782544552149, 20.99916274855326 ], [ -156.666919232073838, 20.998906060984719 ], [ -156.667485450945605, 20.998796029690368 ], [ -156.667778294761092, 20.998814404686346 ], [ -156.668227388621006, 20.999126092251434 ], [ -156.66863738869958, 20.998759373397174 ], [ -156.668422638647144, 20.99861268586665 ], [ -156.668383544881721, 20.998411029567123 ], [ -156.668168826074947, 20.998135998254341 ], [ -156.66744638840018, 20.99769593566506 ], [ -156.667055888290349, 20.996999216751476 ], [ -156.666450606892141, 20.996577497913357 ], [ -156.666353013103929, 20.996082435291811 ], [ -156.666450606860849, 20.995642403928347 ], [ -156.667055888216765, 20.994798966198545 ], [ -156.667875919628813, 20.994212184776899 ], [ -156.668754544820416, 20.994120528477954 ], [ -156.669086451135968, 20.993882184658265 ], [ -156.669047388622403, 20.993735497122554 ], [ -156.669262169902225, 20.993203778232605 ], [ -156.669242638613582, 20.992176965475139 ], [ -156.668891201031443, 20.992048590453241 ], [ -156.668461669662946, 20.991351840290822 ], [ -156.668578825935839, 20.991260152764326 ], [ -156.668695950963041, 20.991296840270085 ], [ -156.668793575975428, 20.991021777698084 ], [ -156.669691732433023, 20.99127849648611 ], [ -156.670004107500375, 20.991223496463078 ], [ -156.670004107478292, 20.990563402547195 ], [ -156.66949648234683, 20.98999496491933 ], [ -156.669652669876513, 20.98984827737786 ], [ -156.66965266984954, 20.989041495925115 ], [ -156.669867451137918, 20.98876643334966 ], [ -156.669750294841748, 20.988161339451061 ], [ -156.669847919861553, 20.988106339434356 ], [ -156.670043169908467, 20.988216370706251 ], [ -156.670179826188132, 20.988198026947614 ], [ -156.67041413874739, 20.988418058245998 ], [ -156.671117013903114, 20.988418058225268 ], [ -156.671292732685941, 20.988234683174007 ], [ -156.671409888947807, 20.987812964314571 ], [ -156.672054201585013, 20.987647933004109 ], [ -156.672854701740278, 20.986987807814621 ], [ -156.672932795490397, 20.986474401433306 ], [ -156.672835170462008, 20.986272682635494 ], [ -156.672483732874355, 20.985979307572137 ], [ -156.672444701567315, 20.984530713459275 ], [ -156.672581357826715, 20.983907275798586 ], [ -156.674533827006798, 20.98383390072258 ], [ -156.67474860829887, 20.983668869424775 ], [ -156.674729077021851, 20.982990400504868 ], [ -156.674592420735451, 20.982807025462812 ], [ -156.673713795530404, 20.982495275410386 ], [ -156.673420920455101, 20.982183619090709 ], [ -156.673401389192207, 20.981926869026761 ], [ -156.673518514209547, 20.981670150208799 ], [ -156.674436201878507, 20.980643274923715 ], [ -156.6753538583134, 20.980093149758428 ], [ -156.675705295891277, 20.980093149748068 ], [ -156.676193420984703, 20.979653024623076 ], [ -156.676310608501439, 20.979377993300524 ], [ -156.676076264697684, 20.9793229620436 ], [ -156.676154389699064, 20.978846180671493 ], [ -156.675998170905274, 20.978571118106991 ], [ -156.676212952189388, 20.978167680499272 ], [ -156.67701345235443, 20.977800930383527 ], [ -156.678106827572719, 20.977085773921601 ], [ -156.678106827556178, 20.976590648797188 ], [ -156.678321608831681, 20.975930492374975 ], [ -156.679727390304237, 20.973271491665422 ], [ -156.680547390421481, 20.971345959907449 ], [ -156.68084026544534, 20.970117272090096 ], [ -156.6808793279356, 20.969567115700709 ], [ -156.680762171643067, 20.969071990579753 ], [ -156.680645046616519, 20.969053646828606 ], [ -156.680723140365444, 20.968503490438078 ], [ -156.681015984168653, 20.96815502159189 ], [ -156.68158220303124, 20.967769927728444 ], [ -156.681796984314701, 20.967348115116131 ], [ -156.681933640566797, 20.966504521150146 ], [ -156.682695140714031, 20.965862677216439 ], [ -156.682948922008592, 20.965514208371403 ], [ -156.683066078290636, 20.965697583414027 ], [ -156.683534672111932, 20.964725645656028 ], [ -156.683573734593637, 20.963918707952136 ], [ -156.684022828413703, 20.963038426467726 ], [ -156.68400326589898, 20.962726645139973 ], [ -156.684120422176761, 20.962781676400354 ], [ -156.684198515907326, 20.961681269871573 ], [ -156.684003265862202, 20.961626269863515 ], [ -156.68423760964393, 20.96102105095455 ], [ -156.684706140975663, 20.960360832024872 ], [ -156.685135703537696, 20.959370488013402 ], [ -156.685487141097781, 20.958838612869421 ], [ -156.685721453624552, 20.9580866751736 ], [ -156.686053359948659, 20.958105018918427 ], [ -156.685877641143861, 20.957628175053809 ], [ -156.686053359916798, 20.957151331178821 ], [ -156.686443859951254, 20.955592393275666 ], [ -156.686560984976609, 20.955574049517608 ], [ -156.68677576625393, 20.954968830609229 ], [ -156.687224860091135, 20.954602018003847 ], [ -156.687107672561524, 20.95449198672965 ], [ -156.687322453847429, 20.954143517885775 ], [ -156.687244360075255, 20.953996767851208 ], [ -156.688376797778915, 20.95258454871307 ], [ -156.688454891548616, 20.952657923729188 ], [ -156.688629985326429, 20.952328954891396 ], [ -156.688456860286863, 20.952292079887233 ], [ -156.688599672813325, 20.952137298594138 ], [ -156.688680204077485, 20.952027236064115 ], [ -156.688779079097174, 20.951961892294786 ], [ -156.689090266655882, 20.951655798458724 ], [ -156.689507672987304, 20.951325642113481 ], [ -156.689701704273944, 20.951136485810235 ], [ -156.689961673071537, 20.950837266977409 ], [ -156.69023992312512, 20.950596485658735 ], [ -156.690426641906697, 20.950304141829783 ], [ -156.690481548167128, 20.950252548065198 ], [ -156.69082570447452, 20.949688516663375 ], [ -156.690953860748294, 20.949550985375041 ], [ -156.691071017018402, 20.949375516577508 ], [ -156.691147923283239, 20.949310204058843 ], [ -156.691177204539599, 20.949306735307101 ], [ -156.691579954606965, 20.948653266381072 ], [ -156.691598235859203, 20.948598235116719 ], [ -156.691686110874741, 20.948481297584745 ], [ -156.691938735914761, 20.948003234957206 ], [ -156.692063235928288, 20.94758360984812 ], [ -156.692107173429434, 20.947325672282034 ], [ -156.692136454683492, 20.947253453513035 ], [ -156.692173048430334, 20.946916390927271 ], [ -156.692213329684563, 20.946775359640661 ], [ -156.692275579680086, 20.946228484501443 ], [ -156.692253610918812, 20.946035859453698 ], [ -156.692260923414182, 20.945850171906841 ], [ -156.692231642142332, 20.945389265541912 ], [ -156.69224264213193, 20.94500404669482 ], [ -156.692286517132885, 20.944742671627871 ], [ -156.692315860875397, 20.944323046521589 ], [ -156.69228292335157, 20.943827765148139 ], [ -156.692216985820664, 20.94333935877739 ], [ -156.692286517075928, 20.943036671199309 ], [ -156.692330485824669, 20.942706483615069 ], [ -156.692378079552157, 20.941715920864826 ], [ -156.6925208920552, 20.940859483145491 ], [ -156.692524548296717, 20.940580858075379 ], [ -156.692660017049974, 20.93977945162008 ], [ -156.69267098579391, 20.939524889055807 ], [ -156.692714923298155, 20.939359826513044 ], [ -156.692766204543034, 20.938867951387969 ], [ -156.692755235789036, 20.9388197951262 ], [ -156.692777173285833, 20.938579013815072 ], [ -156.692762517021805, 20.938255701234286 ], [ -156.69276620451194, 20.937935826153822 ], [ -156.692744204506283, 20.937911732398426 ], [ -156.692766204508843, 20.937842951130495 ], [ -156.692762516996567, 20.937498982294198 ], [ -156.692747891991388, 20.937440513529936 ], [ -156.692762516987386, 20.937223825975082 ], [ -156.692736891975073, 20.937024325925723 ], [ -156.692747891974051, 20.936921138399473 ], [ -156.692729579466913, 20.936828263376672 ], [ -156.692722235696351, 20.936260731984337 ], [ -156.69267829817332, 20.935861731885399 ], [ -156.692652704414314, 20.935761981861091 ], [ -156.692656360661431, 20.935651919333342 ], [ -156.692597798124609, 20.934936419155338 ], [ -156.692685641855775, 20.933787606364167 ], [ -156.692718579354789, 20.933539981300992 ], [ -156.692751548108049, 20.933419543769769 ], [ -156.692791829350313, 20.932920793643301 ], [ -156.692890673108792, 20.932518324789292 ], [ -156.692952923118355, 20.932391074755497 ], [ -156.69312132938947, 20.931906043378707 ], [ -156.69319820439685, 20.931617105803863 ], [ -156.693227548151725, 20.93156898079091 ], [ -156.693366641918175, 20.931138980678799 ], [ -156.693443516930017, 20.930984199387659 ], [ -156.693685173204642, 20.930117386662808 ], [ -156.693809641973019, 20.929842199090025 ], [ -156.693842610729604, 20.929821542833857 ], [ -156.694007360757269, 20.92955669901248 ], [ -156.694238017049514, 20.929291823939167 ], [ -156.694519954602555, 20.929009761360014 ], [ -156.69458217336333, 20.928920323835712 ], [ -156.694768892150307, 20.928789605047378 ], [ -156.69488604842212, 20.928665761262828 ], [ -156.695021517202804, 20.928686417514029 ], [ -156.695050798460528, 20.928724261272677 ], [ -156.695149673484849, 20.928796480037903 ], [ -156.6952704860133, 20.928848073797298 ], [ -156.695596361084199, 20.928810230028205 ], [ -156.695614673586988, 20.928772417518161 ], [ -156.695581704828328, 20.928731136258769 ], [ -156.695237548499279, 20.928645136247304 ], [ -156.695083767211429, 20.928531636223315 ], [ -156.69505448595288, 20.928469698708621 ], [ -156.695109392213993, 20.928438729949224 ], [ -156.695497486054052, 20.928562573718903 ], [ -156.695603704828045, 20.928576354969245 ], [ -156.695676892343783, 20.92856257371362 ], [ -156.695768423610616, 20.928459386185011 ], [ -156.695823361119665, 20.928366511160068 ], [ -156.695870954879638, 20.928349323654341 ], [ -156.695900236134719, 20.928308042393116 ], [ -156.696248048703382, 20.928056917319797 ], [ -156.696537298757676, 20.927764542237842 ], [ -156.696566580011506, 20.927685417217109 ], [ -156.696804580056721, 20.927461823403934 ], [ -156.696932705083839, 20.927423979640665 ], [ -156.696998611346373, 20.927362104623175 ], [ -156.697090142607834, 20.927097198303937 ], [ -156.697057205099128, 20.927055917044548 ], [ -156.697060861349257, 20.927035292039257 ], [ -156.697024236340695, 20.927021542036883 ], [ -156.696972986329826, 20.92703529204184 ], [ -156.696950986325618, 20.927055917047674 ], [ -156.696932705075938, 20.927186635831049 ], [ -156.696863142563757, 20.927282979607288 ], [ -156.696804580051094, 20.927293260861592 ], [ -156.696577579990333, 20.926976823288804 ], [ -156.696548267479358, 20.926842667005964 ], [ -156.696588548733217, 20.926691291966751 ], [ -156.696698392504317, 20.926594979439322 ], [ -156.696844830034905, 20.926539948171193 ], [ -156.696855830036185, 20.926505541912231 ], [ -156.696830205029613, 20.926478041906066 ], [ -156.696713048754219, 20.926495229413842 ], [ -156.696592204979453, 20.92655369818209 ], [ -156.696412798695775, 20.926736010733155 ], [ -156.696200454901884, 20.926828885762738 ], [ -156.69618582989969, 20.926859854520949 ], [ -156.696097954880798, 20.926877042027861 ], [ -156.695977111104042, 20.926877042031418 ], [ -156.695874611079063, 20.926808260767157 ], [ -156.695856298573489, 20.926763542006448 ], [ -156.695739142294343, 20.926667229485709 ], [ -156.695698861033236, 20.926601854470476 ], [ -156.695636611011111, 20.926350760659236 ], [ -156.695567048494667, 20.926319791903506 ], [ -156.695548735986591, 20.926199416873811 ], [ -156.695526798481154, 20.926182166870127 ], [ -156.695519454728498, 20.926151229362564 ], [ -156.695471892217597, 20.926140916861378 ], [ -156.695409642201327, 20.926065229344204 ], [ -156.69540964219479, 20.925869166794946 ], [ -156.695431579698493, 20.925834760535665 ], [ -156.695383985930874, 20.925621479233495 ], [ -156.695343704670762, 20.925587104226047 ], [ -156.695299798407063, 20.92546669794709 ], [ -156.695252204645271, 20.925428854188986 ], [ -156.695259517145587, 20.925391010429266 ], [ -156.695233892136258, 20.92528094790238 ], [ -156.695197267125963, 20.925215604137033 ], [ -156.695230204628217, 20.925064229098052 ], [ -156.695219235854069, 20.924414072685064 ], [ -156.695230204606077, 20.924400291431276 ], [ -156.69523389210346, 20.924297135155253 ], [ -156.695285173361953, 20.924211135132147 ], [ -156.695321767111409, 20.92395313506627 ], [ -156.695303454602225, 20.923798353777922 ], [ -156.695376673360045, 20.923547228712696 ], [ -156.695402298364485, 20.923509353702421 ], [ -156.695442579615502, 20.92327200989163 ], [ -156.695526798375852, 20.923024353576945 ], [ -156.695596360882206, 20.922752603506638 ], [ -156.695614673377662, 20.922494603441287 ], [ -156.695640298381846, 20.922449884679303 ], [ -156.695640298376446, 20.922288197138695 ], [ -156.6956915483849, 20.922202197115581 ], [ -156.695695204634717, 20.922171228357701 ], [ -156.695739142143168, 20.922133415846901 ], [ -156.695823360900448, 20.921792853258893 ], [ -156.696017392176458, 20.921283728125299 ], [ -156.696116235936444, 20.920925978032532 ], [ -156.696141892185096, 20.92071613422906 ], [ -156.696141892178446, 20.920516602928956 ], [ -156.696167517176178, 20.920279227868573 ], [ -156.696365204702545, 20.919756352731419 ], [ -156.696394485954869, 20.919632508949455 ], [ -156.69638351720053, 20.919574040185086 ], [ -156.696409142201929, 20.919446758902374 ], [ -156.696409142197808, 20.91932291512126 ], [ -156.696449423452151, 20.919185321335519 ], [ -156.696486048458326, 20.919126821319743 ], [ -156.696533642207868, 20.918796571235397 ], [ -156.696518985943726, 20.918469758653742 ], [ -156.696544610937906, 20.918125758566578 ], [ -156.696595892192732, 20.917929696015829 ], [ -156.696595892187105, 20.917761133473491 ], [ -156.696617860939909, 20.917699195957287 ], [ -156.696628829687995, 20.917568477174129 ], [ -156.696705704697905, 20.9173551958683 ], [ -156.696738673453808, 20.917313914606961 ], [ -156.696738673451875, 20.917255414592269 ], [ -156.696705704692164, 20.917183195825103 ], [ -156.696551923401216, 20.91697678952778 ], [ -156.696475079627106, 20.916763476976467 ], [ -156.696379860840779, 20.916305976864358 ], [ -156.69637620458326, 20.916102976813477 ], [ -156.696306642056811, 20.91577272673257 ], [ -156.696237048284729, 20.915573226684511 ], [ -156.696207767027119, 20.915538820426729 ], [ -156.69618582951918, 20.915445914154041 ], [ -156.696097954494434, 20.915287695366889 ], [ -156.696024704476997, 20.915249851609538 ], [ -156.696017391973299, 20.915187914094201 ], [ -156.695933204452245, 20.915115664078524 ], [ -156.695841673177256, 20.914974632795801 ], [ -156.695783079413417, 20.914947101540605 ], [ -156.695750141903574, 20.91487141402256 ], [ -156.695695204389807, 20.914823257762084 ], [ -156.695658579379426, 20.914754476495883 ], [ -156.695530454346681, 20.914623726466818 ], [ -156.695508485589869, 20.91456525770278 ], [ -156.695438923072516, 20.91450675769013 ], [ -156.695438923070924, 20.914458601428034 ], [ -156.695394985558664, 20.914382945160323 ], [ -156.695358360550216, 20.914372601408807 ], [ -156.695332735542365, 20.914307226393142 ], [ -156.695307110536248, 20.914293476390441 ], [ -156.695303454282453, 20.914204038868082 ], [ -156.695230204261861, 20.9140732888374 ], [ -156.69520092300445, 20.914045788831352 ], [ -156.695175297999356, 20.914062976336421 ], [ -156.695135016740096, 20.914052663835019 ], [ -156.695025204211646, 20.913928820057141 ], [ -156.694999547954041, 20.913870351293205 ], [ -156.69485311041808, 20.913763695020734 ], [ -156.694831141661581, 20.913715538759281 ], [ -156.694761579144512, 20.913663913748366 ], [ -156.694713985381867, 20.913602007484211 ], [ -156.694684704125279, 20.913598569984213 ], [ -156.694611454105853, 20.913502226212167 ], [ -156.694292954027418, 20.913264851161912 ], [ -156.694238016514589, 20.913244226158351 ], [ -156.694120860234875, 20.913130663633261 ], [ -156.694011016459143, 20.913089413626139 ], [ -156.693985391452202, 20.913051569867388 ], [ -156.693824297665202, 20.913010288611765 ], [ -156.69375473514782, 20.91295181984912 ], [ -156.693589953859316, 20.912889882338412 ], [ -156.693578985106285, 20.912872663584416 ], [ -156.693527735094847, 20.912869226085057 ], [ -156.693436203823296, 20.912831413578253 ], [ -156.693286078786173, 20.912714444803296 ], [ -156.693249485027934, 20.912710976053489 ], [ -156.693165266258035, 20.912673163546472 ], [ -156.693132328748248, 20.912597476028427 ], [ -156.693066422481678, 20.912538976015675 ], [ -156.69299685996242, 20.912422007238344 ], [ -156.692872359930846, 20.912301600961754 ], [ -156.692762516155113, 20.912260319704622 ], [ -156.692707609890334, 20.912181194686372 ], [ -156.692619734869737, 20.912146788430309 ], [ -156.692553828603081, 20.912084882166699 ], [ -156.692487922337563, 20.91205735091172 ], [ -156.692169391008122, 20.911789007103689 ], [ -156.692088859739016, 20.911751163346548 ], [ -156.692026609725161, 20.91174772584753 ], [ -156.69184720343037, 20.911596319564776 ], [ -156.691777640914381, 20.911579163312503 ], [ -156.691741015905137, 20.911544757054944 ], [ -156.691700765896115, 20.911541319555255 ], [ -156.691601922122857, 20.911500038297799 ], [ -156.691550640859816, 20.911448475786351 ], [ -156.691301672051111, 20.911341788266885 ], [ -156.691287047046842, 20.911310819509534 ], [ -156.691221140781238, 20.91127985075369 ], [ -156.691184515771965, 20.911245475746135 ], [ -156.691030734486105, 20.911190413236831 ], [ -156.691001453228353, 20.911152569478194 ], [ -156.690975828222463, 20.911145694477213 ], [ -156.690895265702068, 20.911070006960571 ], [ -156.690822046935068, 20.911045944456685 ], [ -156.690576734375838, 20.910898006926743 ], [ -156.690532796865654, 20.910884194424565 ], [ -156.690426640592506, 20.91089456943029 ], [ -156.690309484313786, 20.910811975662988 ], [ -156.690236234296862, 20.910791350659959 ], [ -156.690111765516122, 20.910695006889426 ], [ -156.690042203000132, 20.910677819387161 ], [ -156.690020234244457, 20.91065372563175 ], [ -156.689749327932446, 20.910591819374165 ], [ -156.689536952879251, 20.91040603808375 ], [ -156.689529640376605, 20.910375069326186 ], [ -156.689364859085543, 20.910237475546477 ], [ -156.689273327810554, 20.910096413013726 ], [ -156.689141515277697, 20.909986319239952 ], [ -156.689057327758064, 20.909955381734655 ], [ -156.689013390245236, 20.909862475462617 ], [ -156.68885595270649, 20.909745506687866 ], [ -156.688790046441682, 20.909738631688079 ], [ -156.688709483922111, 20.909687069177501 ], [ -156.688632608901429, 20.909576912902093 ], [ -156.688570358885897, 20.909525350390972 ], [ -156.688555733881287, 20.909484037881025 ], [ -156.688438577601033, 20.909353319101633 ], [ -156.688423921345247, 20.909277631583052 ], [ -156.688379983833357, 20.90921225656793 ], [ -156.688365327577372, 20.909129694047618 ], [ -156.688288452556208, 20.90900585026877 ], [ -156.688182265022846, 20.908709975197574 ], [ -156.688131015008878, 20.908630881429218 ], [ -156.688120046254255, 20.908565506413122 ], [ -156.688090764996275, 20.908520756402744 ], [ -156.688035827476568, 20.908293725097337 ], [ -156.687929639942979, 20.907990975024411 ], [ -156.687863733666347, 20.907629724935621 ], [ -156.687794171148084, 20.90754372491606 ], [ -156.687783202393263, 20.907471474898241 ], [ -156.687742921131928, 20.907399224881278 ], [ -156.687552546083708, 20.907216881091063 ], [ -156.687545202330625, 20.907172162330056 ], [ -156.687457327305879, 20.907013912292886 ], [ -156.687457327302212, 20.906903818515239 ], [ -156.687413421036979, 20.906738693475056 ], [ -156.687431702284613, 20.906546037176135 ], [ -156.687365827267513, 20.906470349659052 ], [ -156.687406077270907, 20.906305224616393 ], [ -156.687321889750336, 20.906246724604177 ], [ -156.687318202247809, 20.906195130841329 ], [ -156.687222983471685, 20.906043724556099 ], [ -156.68721204596423, 20.905892349518403 ], [ -156.687226702214957, 20.905816693248966 ], [ -156.687212045958489, 20.9057203494752 ], [ -156.686996014651754, 20.905452005664145 ], [ -156.686893483372643, 20.905259349368773 ], [ -156.686809295853976, 20.905259349371253 ], [ -156.68676535834345, 20.905235255616489 ], [ -156.686732420834204, 20.905176755602767 ], [ -156.686732420832953, 20.905138911843256 ], [ -156.686651858312587, 20.905063224326614 ], [ -156.686633545806274, 20.904994443059881 ], [ -156.686296701968871, 20.904609099222988 ], [ -156.686245451956154, 20.904567817964136 ], [ -156.686201514447191, 20.904591911721482 ], [ -156.686164920688753, 20.904581567969959 ], [ -156.686120983175925, 20.904488692947918 ], [ -156.686073389414958, 20.904474942945871 ], [ -156.686014795650237, 20.904423286684615 ], [ -156.685996483144265, 20.904364849170477 ], [ -156.685948889383042, 20.904344192916678 ], [ -156.685831733102759, 20.904213474137293 ], [ -156.685809764345834, 20.904151536622379 ], [ -156.685670639309734, 20.903993255336719 ], [ -156.685538826770738, 20.903697411516291 ], [ -156.685410701739016, 20.903597630244988 ], [ -156.685304514210287, 20.903439380208368 ], [ -156.685308170457205, 20.903322411428878 ], [ -156.685267920445057, 20.903226067655861 ], [ -156.685271576692685, 20.903129723881555 ], [ -156.685212982925577, 20.903005880102171 ], [ -156.685267920435081, 20.902926755080689 ], [ -156.685271576684528, 20.902885473820213 ], [ -156.685201982916027, 20.902792567548918 ], [ -156.685165357903799, 20.902668755018897 ], [ -156.68516535789945, 20.902537973736042 ], [ -156.685201982900594, 20.902328098682258 ], [ -156.685165357889019, 20.902224879907408 ], [ -156.685169045386431, 20.902121692381378 ], [ -156.685143420379717, 20.902090723624354 ], [ -156.685106795371468, 20.902087286124569 ], [ -156.68507020161249, 20.902059754868734 ], [ -156.685033576600006, 20.901929004836965 ], [ -156.685007920343992, 20.901918692335137 ], [ -156.684975014084898, 20.901863661072273 ], [ -156.684905451568682, 20.90183956731827 ], [ -156.684813920293379, 20.90168819228294 ], [ -156.684795607783457, 20.901512723489404 ], [ -156.684821232785907, 20.901416379714458 ], [ -156.684799264016874, 20.900989785857956 ], [ -156.684821232764307, 20.900766129551137 ], [ -156.684810232750294, 20.90041866071418 ], [ -156.684828545244955, 20.900136535642787 ], [ -156.685015264011895, 20.899403722953249 ], [ -156.685048232756628, 20.899025254107219 ], [ -156.685040920247189, 20.898791285298671 ], [ -156.685070201497979, 20.898619254004601 ], [ -156.68515073276177, 20.898498847721992 ], [ -156.685154420258812, 20.89838531644337 ], [ -156.685084857738985, 20.898251128911706 ], [ -156.685062888977598, 20.89805503511311 ], [ -156.68508485772719, 20.897896753822707 ], [ -156.685139763982903, 20.897704097522706 ], [ -156.685121451472099, 20.897501097472261 ], [ -156.685125107712707, 20.897194878645241 ], [ -156.685161763966477, 20.897064159861337 ], [ -156.685212982724408, 20.896960941083901 ], [ -156.685355764000775, 20.896802659789945 ], [ -156.685494920277677, 20.896685691006482 ], [ -156.685509545277, 20.896568722226672 ], [ -156.685392388998309, 20.896486128459376 ], [ -156.685289857720392, 20.896327878422639 ], [ -156.68530451397109, 20.896252159653198 ], [ -156.68520198269357, 20.896107659619918 ], [ -156.685121451416336, 20.895825534551427 ], [ -156.685059201380625, 20.895164940637333 ], [ -156.685070201379517, 20.895058284360225 ], [ -156.685099482633433, 20.894982596840354 ], [ -156.685106795129798, 20.894824315550384 ], [ -156.685092170124619, 20.894765815536122 ], [ -156.685121451369639, 20.894421752948851 ], [ -156.685187357621658, 20.894043284101855 ], [ -156.685194670115806, 20.89381965904548 ], [ -156.685256920118292, 20.893479002708084 ], [ -156.685289857613469, 20.893114315115533 ], [ -156.685363107621214, 20.892859752549438 ], [ -156.685476638872984, 20.892157814869819 ], [ -156.685498576361425, 20.8916658147456 ], [ -156.685465607586849, 20.891146252116084 ], [ -156.685425326317301, 20.890826283286899 ], [ -156.685278888763861, 20.890193189382206 ], [ -156.685128763718012, 20.889814720541555 ], [ -156.684971326165652, 20.889288282913974 ], [ -156.684978669907906, 20.889006095342879 ], [ -156.684931076132472, 20.888558813981941 ], [ -156.68494570112955, 20.888373032684854 ], [ -156.684923732373193, 20.888328313924269 ], [ -156.684945701117073, 20.887997970090659 ], [ -156.68502626361456, 20.887385532434479 ], [ -156.685077513619262, 20.887185969882857 ], [ -156.685194669884766, 20.886872844800767 ], [ -156.685231294891963, 20.886845313542782 ], [ -156.685300857403035, 20.886714563507894 ], [ -156.685352107412882, 20.886669844745171 ], [ -156.685465607428483, 20.88638428217012 ], [ -156.685564419944654, 20.886212219623996 ], [ -156.685743857478769, 20.886043625826392 ], [ -156.686058732541369, 20.885830282013561 ], [ -156.686080701294088, 20.885764906996499 ], [ -156.686080701291672, 20.88569265697835 ], [ -156.686025795027547, 20.885634156965271 ], [ -156.686025795025955, 20.885585969453182 ], [ -156.686073388785559, 20.885558469444867 ], [ -156.686153951303794, 20.885568781945089 ], [ -156.686230826319871, 20.885541250685915 ], [ -156.68641020135351, 20.88535890688485 ], [ -156.686461482611747, 20.88526596936001 ], [ -156.686688482652386, 20.884976969280761 ], [ -156.686725076411108, 20.884994188034003 ], [ -156.68733651406987, 20.885699531943203 ], [ -156.687318201565716, 20.885696094442867 ], [ -156.687860076705817, 20.886301688329038 ], [ -156.688401951847936, 20.886969188480762 ], [ -156.688497139365353, 20.886859094700316 ], [ -156.688475170608768, 20.886807469688005 ], [ -156.688021170491567, 20.886305125825174 ], [ -156.687933326721009, 20.886270719569119 ], [ -156.686827607683568, 20.88498728177926 ], [ -156.68673973266192, 20.884921906765427 ], [ -156.686750670160109, 20.884794594233135 ], [ -156.686732420154925, 20.884760187975019 ], [ -156.686739732652882, 20.884650062947152 ], [ -156.686794670163437, 20.884601906683447 ], [ -156.686783670160366, 20.884581250428578 ], [ -156.686809295161169, 20.884436781641551 ], [ -156.686933795183023, 20.884264719094677 ], [ -156.687039951453301, 20.884168344067351 ], [ -156.68710585771376, 20.884044469034311 ], [ -156.68722298273488, 20.88389996899458 ], [ -156.687285263993658, 20.883748562704731 ], [ -156.687369482758754, 20.883641906425467 ], [ -156.687417076518642, 20.883621250168872 ], [ -156.687413420266523, 20.883583406409485 ], [ -156.687530576536659, 20.883407968861984 ], [ -156.687611107798858, 20.883239312567266 ], [ -156.687611107797835, 20.883208343809489 ], [ -156.687644045304467, 20.883187687553342 ], [ -156.687691701558578, 20.882995031253547 ], [ -156.687728264065385, 20.88295718749297 ], [ -156.687706295300501, 20.882654374917571 ], [ -156.68765870153652, 20.882551156143037 ], [ -156.687662389033875, 20.882447906117008 ], [ -156.687622107773365, 20.882399749856088 ], [ -156.687603795267279, 20.882337812341074 ], [ -156.687563514006058, 20.882269031074987 ], [ -156.687534263995502, 20.882145124794729 ], [ -156.687453732724208, 20.882041906021172 ], [ -156.687384107702826, 20.881862968478277 ], [ -156.687098545129658, 20.881563593411482 ], [ -156.686897170083171, 20.881505093402705 ], [ -156.686589638756487, 20.881246999596915 ], [ -156.68647610747945, 20.881188530835566 ], [ -156.686435857469178, 20.881147249576379 ], [ -156.686351607449609, 20.88111971832193 ], [ -156.686230826169634, 20.881023374551283 ], [ -156.68589032608844, 20.880847874517212 ], [ -156.685597419767305, 20.880658624478279 ], [ -156.685125107151094, 20.880307655654011 ], [ -156.684960357111777, 20.880221624387243 ], [ -156.684890794593855, 20.880145936870267 ], [ -156.684510013251014, 20.879887874316648 ], [ -156.684257388191639, 20.879784624298132 ], [ -156.684235419435765, 20.879753655541002 ], [ -156.684180513173487, 20.879750218041746 ], [ -156.684034044387175, 20.879633218016664 ], [ -156.683993794378154, 20.879629780516982 ], [ -156.683924200610249, 20.879554093000017 ], [ -156.683722856812011, 20.879443967978265 ], [ -156.683697200554747, 20.879395811716929 ], [ -156.683623981786582, 20.879337311704386 ], [ -156.683616669283907, 20.879306311696823 ], [ -156.68354710676752, 20.879275374191092 ], [ -156.683521481759982, 20.879220311678008 ], [ -156.683466544247153, 20.879199686674443 ], [ -156.683400669230508, 20.879137717910815 ], [ -156.683371387975171, 20.879172155420324 ], [ -156.683345700469715, 20.879179030422804 ], [ -156.683257856698532, 20.879127405412426 ], [ -156.683246887944733, 20.879086124152373 ], [ -156.683199294182032, 20.87902074913735 ], [ -156.68326151294329, 20.878945061616516 ], [ -156.683173669172447, 20.878903749108726 ], [ -156.683045512890914, 20.878807405338286 ], [ -156.682939325363293, 20.878683530310287 ], [ -156.682899075351855, 20.878607811542459 ], [ -156.68289173159863, 20.878559655280583 ], [ -156.682814856579597, 20.878497717767285 ], [ -156.682800200324948, 20.878456436507342 ], [ -156.682694044050066, 20.878415124000085 ], [ -156.682584200275386, 20.878404811500719 ], [ -156.682595169025916, 20.878346311485707 ], [ -156.682474325243646, 20.878181155197783 ], [ -156.682404762727003, 20.878143311440315 ], [ -156.682302262701342, 20.878053811420848 ], [ -156.682199762673946, 20.877912748888431 ], [ -156.681873918840864, 20.877582405065034 ], [ -156.681603012516717, 20.877155717465826 ], [ -156.681474824983979, 20.877024967436746 ], [ -156.681386949960313, 20.876897654907363 ], [ -156.681324699940575, 20.876718717364252 ], [ -156.681167293649111, 20.876519123568734 ], [ -156.681094043631873, 20.876488154813106 ], [ -156.680984199853469, 20.876364279785225 ], [ -156.680921981085788, 20.876247279757663 ], [ -156.680921981080843, 20.876099342220513 ], [ -156.680475293461626, 20.875486810829798 ], [ -156.680369137185266, 20.8754007795613 ], [ -156.680229980899696, 20.87525624827909 ], [ -156.679644199504821, 20.874798591931341 ], [ -156.679300043166364, 20.874430404348967 ], [ -156.679303699416522, 20.874409748093679 ], [ -156.679281730661643, 20.874409748094322 ], [ -156.679212168144318, 20.874351279331684 ], [ -156.679160918130464, 20.874275591814182 ], [ -156.678860668054142, 20.873979622998664 ], [ -156.678692261760347, 20.873783466704342 ], [ -156.678655636749738, 20.873707779186411 ], [ -156.67869226175668, 20.873673372926692 ], [ -156.678699574257308, 20.873642404168695 ], [ -156.678666636748403, 20.873594216657562 ], [ -156.678575105476881, 20.873556372900744 ], [ -156.678575105475971, 20.873528841643829 ], [ -156.678615386733981, 20.873501310385738 ], [ -156.678630011735976, 20.873463466625804 ], [ -156.678586074224171, 20.873401497861536 ], [ -156.678615386728382, 20.873332685343385 ], [ -156.678611699226565, 20.873301716585711 ], [ -156.678578761718313, 20.87327418532977 ], [ -156.678553136710008, 20.87319506031065 ], [ -156.678549480454507, 20.873053966525323 ], [ -156.678465261684295, 20.873005779015696 ], [ -156.678443261676676, 20.872923247745611 ], [ -156.678468917931468, 20.872895685237939 ], [ -156.678509199190586, 20.872902560238483 ], [ -156.678553136698923, 20.872861247726821 ], [ -156.678600699209113, 20.872850935222832 ], [ -156.678732542984761, 20.872744247692168 ], [ -156.678794761747724, 20.872720185184296 ], [ -156.678908261769976, 20.872634153909367 ], [ -156.678886293015012, 20.872630716409141 ], [ -156.678875324261782, 20.872606622653414 ], [ -156.678842386754724, 20.872613497656108 ], [ -156.678750855478626, 20.872437997614721 ], [ -156.678670292951665, 20.872162716297947 ], [ -156.67868123045352, 20.872145497543304 ], [ -156.678750855468223, 20.872124872536091 ], [ -156.678941230505359, 20.871973466242462 ], [ -156.678904605496541, 20.871952809988365 ], [ -156.678893917991928, 20.871884684971565 ], [ -156.67917169929882, 20.87174577867853 ], [ -156.679146261786087, 20.871532966125834 ], [ -156.679402543087349, 20.871367809826832 ], [ -156.679409886838073, 20.871340278569701 ], [ -156.679362261825901, 20.871292091059001 ], [ -156.679054730511041, 20.871388466092235 ], [ -156.678150386510225, 20.869863996985913 ], [ -156.678077167741748, 20.869795184470767 ], [ -156.6779673552156, 20.869740121960177 ], [ -156.677806261430305, 20.869750465717491 ], [ -156.677549948878351, 20.869894965761301 ], [ -156.677491386365375, 20.86989496576302 ], [ -156.677462073858209, 20.869874340758699 ], [ -156.677458417605322, 20.869812403243252 ], [ -156.677392511338951, 20.869757340731368 ], [ -156.677341261324159, 20.869654090706931 ], [ -156.677279011308457, 20.869595590694068 ], [ -156.67727901130732, 20.869561184435426 ], [ -156.677121573767892, 20.869423528155476 ], [ -156.677110605013411, 20.869361590640235 ], [ -156.677088636257935, 20.869344403136566 ], [ -156.677066667501265, 20.869289309373368 ], [ -156.676978792478621, 20.869192965601755 ], [ -156.676967792474358, 20.869137934338266 ], [ -156.676905573708638, 20.869079434325403 ], [ -156.676876261199993, 20.869014028059834 ], [ -156.676777448675239, 20.868927996791129 ], [ -156.676744448666227, 20.86887637177913 ], [ -156.676715167409412, 20.868866059277391 ], [ -156.676693198651662, 20.86878002800643 ], [ -156.676565073620225, 20.868687121736855 ], [ -156.676561417368418, 20.868656152979188 ], [ -156.676484511098977, 20.868583871713291 ], [ -156.676444229836761, 20.868484090439416 ], [ -156.676231886033349, 20.868291371647246 ], [ -156.676213604776109, 20.868195027873593 ], [ -156.676056135985903, 20.868033277837586 ], [ -156.675986573465707, 20.86788874655333 ], [ -156.675917010948353, 20.867830246540674 ], [ -156.67585476093069, 20.867713246513123 ], [ -156.675851104678031, 20.867658183999399 ], [ -156.675829135921589, 20.867609996487946 ], [ -156.675792542162782, 20.867589371483835 ], [ -156.675679042133339, 20.867458590204318 ], [ -156.67561313586782, 20.867431090199346 ], [ -156.675558198352576, 20.867338152677622 ], [ -156.67552891709596, 20.867334715177613 ], [ -156.67547035457892, 20.867210808898211 ], [ -156.67543376082034, 20.867197058895837 ], [ -156.675397104560204, 20.867135121381356 ], [ -156.675338542046404, 20.867111027627018 ], [ -156.675290948282793, 20.867018121355088 ], [ -156.675257979524815, 20.866997465100866 ], [ -156.675228698266835, 20.866952715090484 ], [ -156.675173792003875, 20.866928652586054 ], [ -156.675155479498812, 20.86689768382881 ], [ -156.675118885740005, 20.866877027574699 ], [ -156.675049291970481, 20.866753152545623 ], [ -156.67494313569324, 20.86663959002022 ], [ -156.674928479438165, 20.86658452750682 ], [ -156.674858916921039, 20.866532902495905 ], [ -156.674774698149008, 20.866429652472434 ], [ -156.674624604361441, 20.866298902444004 ], [ -156.674620916859823, 20.866274808688061 ], [ -156.674584323101016, 20.866254152433946 ], [ -156.67449279182668, 20.866130277405521 ], [ -156.674415885558574, 20.866099308650004 ], [ -156.674412229305943, 20.86604424613628 ], [ -156.674324354283755, 20.865961652368114 ], [ -156.674284104274705, 20.865958214868439 ], [ -156.674174260493771, 20.865758621071532 ], [ -156.673991197948823, 20.865624402293189 ], [ -156.673899666675709, 20.865538371024268 ], [ -156.673877697919494, 20.865497058514542 ], [ -156.673778791644935, 20.865417933497564 ], [ -156.673690947870369, 20.865263058461249 ], [ -156.673690947868778, 20.865214902199153 ], [ -156.673647041608149, 20.865187370943524 ], [ -156.673628729102006, 20.86512540217851 ], [ -156.673489604067356, 20.865008402153201 ], [ -156.673463916556869, 20.864863870867659 ], [ -156.673431010298799, 20.864839777112572 ], [ -156.673420041544404, 20.864781277098203 ], [ -156.673354135277407, 20.864709027081989 ], [ -156.673291885262699, 20.864681464576897 ], [ -156.673291885260994, 20.864629870813932 ], [ -156.673211322740997, 20.864564464549868 ], [ -156.673200353987539, 20.864533527042425 ], [ -156.673138103972633, 20.864499089535602 ], [ -156.673002635187402, 20.864340776999814 ], [ -156.672995322683391, 20.864268526981888 ], [ -156.672914760162115, 20.864165276958321 ], [ -156.672870853899099, 20.864065495684546 ], [ -156.672863510145419, 20.864003526919202 ], [ -156.672819572635404, 20.863996651918768 ], [ -156.672815916383598, 20.863965683161091 ], [ -156.672797603879445, 20.863962245660765 ], [ -156.672786635125874, 20.863927808152443 ], [ -156.672764666370682, 20.863917495650494 ], [ -156.672764666368266, 20.863845245632344 ], [ -156.672724385108211, 20.863810839374889 ], [ -156.672720728856149, 20.863772964365488 ], [ -156.672695103849662, 20.863748901860188 ], [ -156.672676791342496, 20.86365596433739 ], [ -156.672486416297545, 20.863569933071357 ], [ -156.672310666254191, 20.863435714292816 ], [ -156.672219134983919, 20.863435714295502 ], [ -156.672142259965341, 20.863387558035654 ], [ -156.67208732245291, 20.863380651785537 ], [ -156.672036041190665, 20.863353151780128 ], [ -156.67201410368466, 20.863318714272129 ], [ -156.671984822428044, 20.863315276772123 ], [ -156.671937197415815, 20.863263651760551 ], [ -156.67185666614705, 20.863236120505999 ], [ -156.671739509867479, 20.863125995481777 ], [ -156.671684603604632, 20.863105370478205 ], [ -156.671618697338005, 20.863043401714577 ], [ -156.671512509812544, 20.862984901702998 ], [ -156.671457603550124, 20.862978026702876 ], [ -156.671399041035045, 20.862912682938191 ], [ -156.671366041027596, 20.862909214188285 ], [ -156.671340447270666, 20.862871339179517 ], [ -156.671300166011662, 20.862867901679834 ], [ -156.671248884748366, 20.862809401666656 ], [ -156.671190322234736, 20.86278874541317 ], [ -156.671106103462421, 20.862678620387996 ], [ -156.671076822205634, 20.86266833913627 ], [ -156.671029228442677, 20.862596026619507 ], [ -156.670999947185862, 20.862585714117778 ], [ -156.67099625968379, 20.86254787035838 ], [ -156.670948665920974, 20.862478995342475 ], [ -156.670919384664359, 20.862475589092483 ], [ -156.670893759657417, 20.862437714083715 ], [ -156.670846197146574, 20.862427401582529 ], [ -156.670754634622654, 20.862317276557558 ], [ -156.670750947120638, 20.862282870299016 ], [ -156.670597197082202, 20.862148651519824 ], [ -156.670527634563371, 20.862045432745937 ], [ -156.670498322056744, 20.862041963995928 ], [ -156.67048369705239, 20.862007557737716 ], [ -156.670366540773841, 20.861928401471275 ], [ -156.67031894701077, 20.861852713953663 ], [ -156.670238384490887, 20.861790745190454 ], [ -156.670187134475896, 20.8616806201643 ], [ -156.67014685321584, 20.861646213906841 ], [ -156.670146853211264, 20.861508557622273 ], [ -156.670110228202446, 20.861487901368157 ], [ -156.670084603195136, 20.861436276355946 ], [ -156.670080946941681, 20.861357151336183 ], [ -156.670058946935853, 20.861329651329914 ], [ -156.670062634431417, 20.861171307540047 ], [ -156.670026040671388, 20.861112807526428 ], [ -156.670018696917452, 20.861043963759354 ], [ -156.670000415662997, 20.86103024500644 ], [ -156.669996728145293, 20.860520869878624 ], [ -156.670011384397924, 20.860503682373889 ], [ -156.670011384391984, 20.860324713578937 ], [ -156.669971103132269, 20.860300619824066 ], [ -156.669952790625018, 20.86020427605041 ], [ -156.669923509367862, 20.860183619796071 ], [ -156.669897915610136, 20.860121682281271 ], [ -156.669908884359188, 20.860018432255028 ], [ -156.669890571853614, 20.85997371349433 ], [ -156.669846634342719, 20.859939275986971 ], [ -156.669839321839873, 20.859901432227684 ], [ -156.669762415571029, 20.859846369716102 ], [ -156.669747759316635, 20.859811963457901 ], [ -156.669766071818401, 20.859743119690062 ], [ -156.669729478057661, 20.859663963421262 ], [ -156.669736790555532, 20.859550400892537 ], [ -156.669685540543298, 20.859522869637114 ], [ -156.669641603030357, 20.859426494614205 ], [ -156.669575696763729, 20.859364557100577 ], [ -156.66955007175531, 20.859281963330588 ], [ -156.669509790495709, 20.859261307076583 ], [ -156.669462196731985, 20.859164963303787 ], [ -156.66940729046911, 20.859144307050208 ], [ -156.66936335295722, 20.859078932035079 ], [ -156.66932672794843, 20.859058275780956 ], [ -156.669304759191391, 20.858992869515177 ], [ -156.669231540423823, 20.858951588256964 ], [ -156.66919857166468, 20.8588965257441 ], [ -156.669172946659017, 20.858896525744846 ], [ -156.669125352897112, 20.858855213235877 ], [ -156.669037477877225, 20.858841463234988 ], [ -156.669011852872472, 20.858868994492653 ], [ -156.668945946608545, 20.85888965074977 ], [ -156.668792165324533, 20.858889650754282 ], [ -156.66876288406624, 20.858834588241315 ], [ -156.668700634052215, 20.858827713241407 ], [ -156.668645727787549, 20.858751994474012 ], [ -156.668565196519012, 20.858731338221176 ], [ -156.668444352737936, 20.858600556941873 ], [ -156.668338196463509, 20.858573025688077 ], [ -156.668283258949543, 20.85851796317586 ], [ -156.66822469643634, 20.858511088175845 ], [ -156.66820272768058, 20.858483556919573 ], [ -156.66812582141219, 20.858442244411453 ], [ -156.668041633893552, 20.858442244413919 ], [ -156.668015977637083, 20.858418181908633 ], [ -156.667558321285327, 20.858404400668583 ], [ -156.667521727526378, 20.858380306913599 ], [ -156.6674521650109, 20.858376869414784 ], [ -156.667283727470334, 20.85827705689465 ], [ -156.667217852452183, 20.858170400619798 ], [ -156.667137289932867, 20.858125650610916 ], [ -156.667034758656882, 20.858025838088853 ], [ -156.666968914891385, 20.857998306833871 ], [ -156.66686269611364, 20.857870994305006 ], [ -156.66667597731697, 20.857709213019856 ], [ -156.666617383553159, 20.857685119265522 ], [ -156.666500196023122, 20.857561244237854 ], [ -156.666470946014584, 20.857499275473142 ], [ -156.666434321006363, 20.857495869223364 ], [ -156.666350102236265, 20.857451119214588 ], [ -156.666331820980588, 20.857402931703025 ], [ -156.666053539660993, 20.857162025400676 ], [ -156.665965695887706, 20.857045025373868 ], [ -156.665892477120252, 20.857007150366503 ], [ -156.665888789618492, 20.856979619109694 ], [ -156.665833883354878, 20.856934900350073 ], [ -156.665804602096671, 20.856883275337971 ], [ -156.665746008333599, 20.856879837838822 ], [ -156.665691102069047, 20.856807556572281 ], [ -156.665566602039064, 20.856735275307781 ], [ -156.665489727018553, 20.856628587783234 ], [ -156.665489727016706, 20.856573525269408 ], [ -156.665412820748884, 20.85654943151561 ], [ -156.665357914484872, 20.856494369003396 ], [ -156.66531394572462, 20.856477181500356 ], [ -156.665270039462683, 20.85641177523522 ], [ -156.665061351910708, 20.856236275197261 ], [ -156.665028414401348, 20.856174306432667 ], [ -156.664940539379387, 20.856098618916231 ], [ -156.66488560186653, 20.856077962662653 ], [ -156.6648746331133, 20.856053868906923 ], [ -156.664837976854756, 20.856040087654534 ], [ -156.664676945564082, 20.85588868137123 ], [ -156.664600008045682, 20.855847368863106 ], [ -156.664589039290746, 20.855771650094422 ], [ -156.664537789277574, 20.855716587582087 ], [ -156.664501164269353, 20.855713150082295 ], [ -156.664460914258711, 20.855661525070513 ], [ -156.664460914257575, 20.855627118811874 ], [ -156.66443525800176, 20.855623681311755 ], [ -156.664416945496356, 20.855582368801915 ], [ -156.664332726725462, 20.855513556287111 ], [ -156.664310789218632, 20.855455025023055 ], [ -156.66420822669366, 20.855386212508773 ], [ -156.664197289189985, 20.855348337499585 ], [ -156.664069132908082, 20.855241681226556 ], [ -156.664061820405323, 20.85520727496813 ], [ -156.663977601633832, 20.855121212448992 ], [ -156.663955632877276, 20.85506958743666 ], [ -156.663823851593293, 20.854925056154233 ], [ -156.663772570328945, 20.854835556133253 ], [ -156.663710351564305, 20.854808024878164 ], [ -156.663688382807351, 20.85474608736325 ], [ -156.663567539026957, 20.85463596233912 ], [ -156.663527289017452, 20.854618743585995 ], [ -156.663519945265051, 20.854594649830151 ], [ -156.663406445237001, 20.854505181061008 ], [ -156.663388163981978, 20.854477649804625 ], [ -156.66335153897333, 20.85446043105139 ], [ -156.663340538969862, 20.854429462293929 ], [ -156.663292945208298, 20.854398493537545 ], [ -156.663278320203943, 20.854364056029322 ], [ -156.663234382693645, 20.854346868526289 ], [ -156.663135507669125, 20.854267712259308 ], [ -156.663109882659796, 20.854157587232407 ], [ -156.663033007640024, 20.854074962213911 ], [ -156.662985413878715, 20.854050899709261 ], [ -156.662978070126201, 20.854023368452559 ], [ -156.662897538856384, 20.853964868440229 ], [ -156.662820663838801, 20.853947649688152 ], [ -156.662780351328962, 20.853920118432423 ], [ -156.662765726324608, 20.853885712174215 ], [ -156.662677851303414, 20.853834087163804 ], [ -156.662674195051494, 20.853799649655279 ], [ -156.662633945041904, 20.853778993401267 ], [ -156.66263025754003, 20.853748024643604 ], [ -156.662546070018919, 20.853672305877048 ], [ -156.662538726266234, 20.853641337119488 ], [ -156.662461882497752, 20.853596618360505 ], [ -156.66242888249036, 20.8535931496106 ], [ -156.662403257483419, 20.853555305851849 ], [ -156.662366663724612, 20.853534649597741 ], [ -156.662319069958841, 20.85337633705937 ], [ -156.662227538682657, 20.853197368267104 ], [ -156.662227538681151, 20.853152649505876 ], [ -156.662165288666131, 20.853114774498195 ], [ -156.662165288664312, 20.853059711984365 ], [ -156.662143319908864, 20.853042493230671 ], [ -156.662135976156208, 20.853011524473114 ], [ -156.662095726146305, 20.852980555716517 ], [ -156.662040788633789, 20.852970243215541 ], [ -156.662029819879081, 20.852901399448562 ], [ -156.661791819818973, 20.852677711899364 ], [ -156.661703944795164, 20.852546930619091 ], [ -156.661660038535359, 20.852543461869516 ], [ -156.661601444769644, 20.852460868100483 ], [ -156.661433069727934, 20.852326649321711 ], [ -156.661411069721566, 20.852281930561123 ], [ -156.661323194699492, 20.852202743043815 ], [ -156.661290225940064, 20.852137368028359 ], [ -156.661213350922793, 20.852130493028881 ], [ -156.661180413414911, 20.852113274275521 ], [ -156.6611437884049, 20.852054774261902 ], [ -156.661099850894715, 20.852040993009734 ], [ -156.661015632123423, 20.851961836742312 ], [ -156.660946069607917, 20.8519583992435 ], [ -156.660869194589509, 20.85191711798538 ], [ -156.660803319572892, 20.851855149221745 ], [ -156.660733725807376, 20.851851711722919 ], [ -156.660693444546439, 20.851789774208548 ], [ -156.660627538280806, 20.8517588054527 ], [ -156.660605569524677, 20.851720930443836 ], [ -156.660554319512556, 20.851696836689285 ], [ -156.6604737882422, 20.851621117922626 ], [ -156.660316350704619, 20.851538555406499 ], [ -156.660294381948603, 20.851504117898504 ], [ -156.660261413190995, 20.851493805396878 ], [ -156.660250413187498, 20.851462805389414 ], [ -156.660195506925248, 20.851459367890154 ], [ -156.660169913168517, 20.85142839913312 ], [ -156.660071038147123, 20.85144218038948 ], [ -156.660012475633351, 20.851418086635142 ], [ -156.659931944361972, 20.85131139911071 ], [ -156.659895288103286, 20.851294180357467 ], [ -156.659891631851622, 20.851266649100658 ], [ -156.65982572558508, 20.851208149087892 ], [ -156.659822069333558, 20.851187492832821 ], [ -156.659785444325109, 20.851177149081288 ], [ -156.659488881750576, 20.850908711522564 ], [ -156.659393694228015, 20.850863961514111 ], [ -156.659166694170921, 20.850657430218888 ], [ -156.659126444161558, 20.850643711466624 ], [ -156.659064162895731, 20.850581742702886 ], [ -156.659023912886369, 20.850567992700611 ], [ -156.658958006618718, 20.850475055179199 ], [ -156.658877444098238, 20.850395898911678 ], [ -156.65881888158458, 20.850375242658213 ], [ -156.658782256574682, 20.850320211395456 ], [ -156.658731006562618, 20.850299555141781 ], [ -156.658698069054111, 20.850261680133219 ], [ -156.658665100296673, 20.85025824263333 ], [ -156.658430756487718, 20.8500448675866 ], [ -156.658375881474996, 20.85002764883388 ], [ -156.658335600213945, 20.849962273818651 ], [ -156.658288006452807, 20.849945055065717 ], [ -156.658211100183507, 20.849876211300678 ], [ -156.658200131429624, 20.849831461289764 ], [ -156.658101256406127, 20.84978330503057 ], [ -156.658028037636257, 20.849673180005055 ], [ -156.657910881356798, 20.849566461231689 ], [ -156.657870600097539, 20.849556148730279 ], [ -156.657844975090512, 20.849514836220653 ], [ -156.657793725078619, 20.849497648717833 ], [ -156.657779068823857, 20.849452898707021 ], [ -156.657742475065277, 20.849439117454629 ], [ -156.657691193801469, 20.849363429937121 ], [ -156.657621662534922, 20.849328992430518 ], [ -156.657511818757058, 20.849222273656927 ], [ -156.657475193748581, 20.849211961155415 ], [ -156.65733972496497, 20.849101836131723 ], [ -156.657336068713136, 20.849070867374056 ], [ -156.657295787453421, 20.849046773619182 ], [ -156.657288474950434, 20.849005461109023 ], [ -156.657251849942099, 20.848998586108362 ], [ -156.657233537436468, 20.848950429846809 ], [ -156.657123693660083, 20.848888461084456 ], [ -156.657120037407878, 20.848847179824201 ], [ -156.657087068650156, 20.84883339857171 ], [ -156.657065131143924, 20.84879208606197 ], [ -156.657017537382046, 20.848750804803 ], [ -156.65700288112626, 20.848675086034415 ], [ -156.656900381098666, 20.848527086000249 ], [ -156.65689672484578, 20.848465117234788 ], [ -156.656860099836933, 20.848441054729822 ], [ -156.656856443585042, 20.848410054722144 ], [ -156.656816162325271, 20.848382523466409 ], [ -156.656812506073294, 20.848348117207877 ], [ -156.65676491231082, 20.848289617194574 ], [ -156.656720974796315, 20.848145054659565 ], [ -156.656614756020502, 20.848076210895385 ], [ -156.656479318483207, 20.847855960844029 ], [ -156.656395130962579, 20.847793992080931 ], [ -156.656365818453907, 20.847728617065375 ], [ -156.656336537197177, 20.847721710814493 ], [ -156.656307255939538, 20.847687304556711 ], [ -156.656226693421189, 20.847670117054754 ], [ -156.65604363087553, 20.847515210771217 ], [ -156.656007005867053, 20.847504898269698 ], [ -156.65595575585354, 20.847439523254778 ], [ -156.655926474596953, 20.847436054504769 ], [ -156.655772693309018, 20.847319054479883 ], [ -156.655747068303242, 20.84731561697977 ], [ -156.655640912026797, 20.847226116960407 ], [ -156.65558234951007, 20.847112554433597 ], [ -156.655523724496646, 20.847098773181845 ], [ -156.655472474482536, 20.847016179412613 ], [ -156.655461505728169, 20.846957679398237 ], [ -156.655369974455539, 20.846885398132763 ], [ -156.655366286952642, 20.846823429367319 ], [ -156.655333349444675, 20.846802804363097 ], [ -156.655179568150857, 20.846506804293263 ], [ -156.655128318138566, 20.846479273037851 ], [ -156.655029443112113, 20.846341585506163 ], [ -156.654948911842496, 20.846286522994692 ], [ -156.654937943088925, 20.846252116736373 ], [ -156.654879349324148, 20.846197054224255 ], [ -156.654696286780847, 20.846114491708889 ], [ -156.654608411758886, 20.846038710442425 ], [ -156.654564474245745, 20.845935460417788 ], [ -156.654557130489763, 20.845804679135153 ], [ -156.654524224232034, 20.845790929132669 ], [ -156.654520536730217, 20.845759960374995 ], [ -156.654440005458724, 20.845649804099686 ], [ -156.654403380450304, 20.845639491598167 ], [ -156.654344817935481, 20.845584429086053 ], [ -156.654293536670821, 20.845484616562491 ], [ -156.654227661653778, 20.845408866545391 ], [ -156.654216661649343, 20.845350366531022 ], [ -156.654165411636058, 20.845291866517826 ], [ -156.654165411634722, 20.84525055400746 ], [ -156.654139786628576, 20.845236804004752 ], [ -156.654117817871139, 20.845157647735515 ], [ -156.654077536610941, 20.845119803977191 ], [ -156.654029942846421, 20.84499930394832 ], [ -156.653993317837944, 20.844988991446812 ], [ -156.653942067823778, 20.8449029601767 ], [ -156.653938411571573, 20.844861647666431 ], [ -156.653909130314076, 20.844830678909517 ], [ -156.653894474057523, 20.844730866384882 ], [ -156.653872505302019, 20.844710210130334 ], [ -156.653865192798094, 20.844641366363255 ], [ -156.653846880293258, 20.844617272607739 ], [ -156.653846880285585, 20.844386678799836 ], [ -156.65381025527671, 20.844362585044859 ], [ -156.653784630269314, 20.844310960032637 ], [ -156.653784630265676, 20.84420083500498 ], [ -156.653759005259673, 20.844190491253137 ], [ -156.653740692754667, 20.844162959996758 ], [ -156.653759005257626, 20.84412855373758 ], [ -156.653759005254528, 20.844035616214239 ], [ -156.653715067741388, 20.843932366189598 ], [ -156.653674786481417, 20.843901366182994 ], [ -156.653674786479257, 20.843835991166575 ], [ -156.653630848967367, 20.843770584901435 ], [ -156.653612567710127, 20.843674209877765 ], [ -156.653539317690615, 20.843574428604853 ], [ -156.653521005183165, 20.843471178579449 ], [ -156.653444130162256, 20.843354147302321 ], [ -156.65332697387791, 20.843099490991793 ], [ -156.65320247384426, 20.842917022199607 ], [ -156.65313659882878, 20.842889490944625 ], [ -156.65312925507601, 20.842855084686196 ], [ -156.653088973816068, 20.842824115929606 ], [ -156.653030411298317, 20.842679553395008 ], [ -156.653004786292058, 20.842662334641435 ], [ -156.652975505033424, 20.842596959625876 ], [ -156.652916911268647, 20.842541897113762 ], [ -156.652865661254111, 20.842445490841051 ], [ -156.65270822371528, 20.842324990815399 ], [ -156.652689911209762, 20.842280303304705 ], [ -156.652565442429449, 20.842197709537611 ], [ -156.652426286143964, 20.842056584506238 ], [ -156.652389692385299, 20.842039365752985 ], [ -156.65238237988288, 20.842015271997159 ], [ -156.652305473615172, 20.841994615744213 ], [ -156.652133411073351, 20.841881053220728 ], [ -156.65201256729577, 20.841856959468217 ], [ -156.651957661032299, 20.841815646959446 ], [ -156.651847817257504, 20.841801865709201 ], [ -156.651833192253463, 20.841777771953581 ], [ -156.65174897348507, 20.841784678207773 ], [ -156.651690379719838, 20.841715834442201 ], [ -156.651686723466383, 20.841636678172428 ], [ -156.651646442205532, 20.841578146908912 ], [ -156.651606192195601, 20.841547178152318 ], [ -156.651598848442262, 20.841495553139559 ], [ -156.651576879687042, 20.84148524063761 ], [ -156.65155122342918, 20.841419834371941 ], [ -156.651510973419249, 20.841388865615343 ], [ -156.651459723404372, 20.841282178090047 ], [ -156.651393785887024, 20.841199553071231 ], [ -156.651371848379682, 20.841123834302852 ], [ -156.651342567122413, 20.841099740547659 ], [ -156.651364535869618, 20.840869146739106 ], [ -156.651445067124484, 20.840476771638208 ], [ -156.65138650460807, 20.840373490363994 ], [ -156.65143044211635, 20.840328771601467 ], [ -156.651430442114275, 20.840266802835906 ], [ -156.65135719209681, 20.840228959078544 ], [ -156.651148504550605, 20.840228959084651 ], [ -156.651100910789637, 20.84021517783259 ], [ -156.651071629532112, 20.840184209075662 ], [ -156.651042348275979, 20.840194521579111 ], [ -156.651013035768784, 20.840173865324786 ], [ -156.650987410760962, 20.840108490309113 ], [ -156.650947160750576, 20.840063740299051 ], [ -156.650943473248844, 20.840036209042243 ], [ -156.65085562947678, 20.839957084024942 ], [ -156.650811691964321, 20.839874427755479 ], [ -156.650701848185577, 20.839740208974977 ], [ -156.650668879425979, 20.839671365208655 ], [ -156.650643254416678, 20.839561208931745 ], [ -156.650595660656819, 20.839581865188322 ], [ -156.650562723148596, 20.839554333932373 ], [ -156.650559066894488, 20.839454521407415 ], [ -156.650474848122798, 20.839361583886532 ], [ -156.650456535615547, 20.839265208862869 ], [ -156.650394285600953, 20.839241115108642 ], [ -156.650372316844397, 20.83918949009632 ], [ -156.650317410580726, 20.839144740086684 ], [ -156.650310098077227, 20.839086240072209 ], [ -156.650170941793561, 20.839000208804674 ], [ -156.650101410525309, 20.838914115035088 ], [ -156.650108723023266, 20.838803990007214 ], [ -156.65006112926136, 20.838762708748249 ], [ -156.650009879249666, 20.838752364997141 ], [ -156.649958597985488, 20.838666333727041 ], [ -156.649940285476333, 20.838511458688686 ], [ -156.649892660462712, 20.83841852116673 ], [ -156.649874410452838, 20.838242958623177 ], [ -156.649826785436261, 20.838060552328766 ], [ -156.649716941651945, 20.837757677255912 ], [ -156.649636410379088, 20.837606208470238 ], [ -156.649533910352289, 20.837482302192115 ], [ -156.649533910351465, 20.837458208436065 ], [ -156.649438691577785, 20.837379052168973 ], [ -156.649427722823646, 20.837327427156332 ], [ -156.649358160307202, 20.837296458400587 ], [ -156.649262972779781, 20.837103708354963 ], [ -156.649164097755943, 20.837045177093156 ], [ -156.649090878987494, 20.83697633332801 ], [ -156.649050597725278, 20.836876552054132 ], [ -156.649010347715887, 20.836862739551837 ], [ -156.648981035207242, 20.836797333286277 ], [ -156.648867535178937, 20.836700989515393 ], [ -156.648849253923316, 20.836652802003833 ], [ -156.648717441389664, 20.836518551973974 ], [ -156.648691816381955, 20.83645661445917 ], [ -156.648629566365543, 20.836377426941098 ], [ -156.648534378842555, 20.836318926929195 ], [ -156.648530691339687, 20.836256958163741 ], [ -156.64849409758088, 20.836236333159636 ], [ -156.648450160068194, 20.836146833138432 ], [ -156.648402566306316, 20.836105520629456 ], [ -156.648369628798889, 20.836102051879543 ], [ -156.648270753773346, 20.835991926854796 ], [ -156.648263441268881, 20.835905895583394 ], [ -156.648204847500807, 20.835750989296201 ], [ -156.648135284982857, 20.835675239279215 ], [ -156.648135284981635, 20.835637426769722 ], [ -156.648047409957741, 20.83550317673858 ], [ -156.648043753705906, 20.83547220798091 ], [ -156.648003472446305, 20.835451551726898 ], [ -156.647981503689607, 20.835396457963707 ], [ -156.647915628673246, 20.83534139545181 ], [ -156.647908284920675, 20.835313864195108 ], [ -156.647816753648613, 20.835258801683956 ], [ -156.647769159886366, 20.83520717667238 ], [ -156.647717909874899, 20.835203707923014 ], [ -156.647666659862182, 20.835162426664144 ], [ -156.647578784841954, 20.83513836416067 ], [ -156.64753850358133, 20.835086707898874 ], [ -156.647443316060247, 20.835086707901663 ], [ -156.647351784787247, 20.835004082883586 ], [ -156.647271222268728, 20.834983426630757 ], [ -156.64724925351274, 20.834949020372754 ], [ -156.64716140974167, 20.834900832863223 ], [ -156.647154065989184, 20.834873301606528 ], [ -156.647124784732455, 20.83486639535565 ], [ -156.647066190967678, 20.834811332843529 ], [ -156.64701494095587, 20.834797582841585 ], [ -156.646971003443838, 20.834728707825569 ], [ -156.646916097180224, 20.834683989065944 ], [ -156.646897784673968, 20.834618582800054 ], [ -156.646725722128537, 20.834394863998906 ], [ -156.646648784610221, 20.834356988991644 ], [ -156.64660122209628, 20.834253738967099 ], [ -156.646487690819214, 20.834195207705722 ], [ -156.646421815804672, 20.834195207707648 ], [ -156.64635956578914, 20.834143582696505 ], [ -156.64617650324854, 20.834140145200994 ], [ -156.646084971977018, 20.834102301444172 ], [ -156.646044690717957, 20.834098832694476 ], [ -156.646004440707941, 20.834064426437024 ], [ -156.645923878190104, 20.834064426439383 ], [ -156.645850659422536, 20.834023113931146 ], [ -156.645755471901452, 20.834023113933927 ], [ -156.645689565635593, 20.833985238926331 ], [ -156.645513815596132, 20.833968051427156 ], [ -156.645447909329505, 20.833906082663525 ], [ -156.64536737806111, 20.833888895161564 ], [ -156.645341753054055, 20.833847582651941 ], [ -156.645264846785636, 20.833806270143818 ], [ -156.645052502987653, 20.83377527014224 ], [ -156.645023221730241, 20.833747738886185 ], [ -156.644854784192546, 20.833733988887651 ], [ -156.644759596670184, 20.833696113880929 ], [ -156.644649752895759, 20.833692676383276 ], [ -156.644627784140226, 20.833672020128738 ], [ -156.644430065346455, 20.833672020134514 ], [ -156.644404440340224, 20.833654801380945 ], [ -156.64434953407806, 20.833654801382551 ], [ -156.644327565322385, 20.833630707627144 ], [ -156.644239690302385, 20.833613520125393 ], [ -156.644221377797493, 20.83358945761988 ], [ -156.644020034002182, 20.833565332619717 ], [ -156.643932158980988, 20.83351370760932 ], [ -156.64375275269083, 20.8334999263611 ], [ -156.643653908916804, 20.833434520097565 ], [ -156.643591658902892, 20.833431051348523 ], [ -156.64353672138958, 20.83339667634149 ], [ -156.64345984637211, 20.833382895090281 ], [ -156.643434221365567, 20.833355363834116 ], [ -156.643328002591574, 20.833341613833767 ], [ -156.643207221312792, 20.833279645071737 ], [ -156.643053440028041, 20.833258988821044 ], [ -156.643031471272536, 20.833238332566506 ], [ -156.642907002494496, 20.833224551316679 ], [ -156.642881377487925, 20.833197020060521 ], [ -156.642789846217681, 20.833197020063192 ], [ -156.642701971197113, 20.833162582557115 ], [ -156.642584814921037, 20.833159176309685 ], [ -156.642559189914692, 20.833138520055243 ], [ -156.642350471117339, 20.833104082552698 ], [ -156.642207689833583, 20.833038707540457 ], [ -156.64205756479987, 20.833024926291383 ], [ -156.641991689784021, 20.832987051283798 ], [ -156.641940439772583, 20.832983613784442 ], [ -156.641881846008459, 20.832949176277502 ], [ -156.64182693974621, 20.83294573877825 ], [ -156.641808627241375, 20.832921676272736 ], [ -156.641654845955514, 20.832866582513393 ], [ -156.641632877199953, 20.832845895008841 ], [ -156.641460783410508, 20.832804645003517 ], [ -156.641310689624788, 20.832728894988879 ], [ -156.641270377115745, 20.832725457489197 ], [ -156.641208158350281, 20.832673832478051 ], [ -156.640904283278189, 20.83252926995063 ], [ -156.640867658268832, 20.832491394942192 ], [ -156.640798095752871, 20.832474207439908 ], [ -156.640776126997196, 20.832450113684505 ], [ -156.640735876988316, 20.832450113685677 ], [ -156.640541814442258, 20.832357176168014 ], [ -156.640486908180122, 20.832357176169616 ], [ -156.640442970669596, 20.832333082414845 ], [ -156.640399001908264, 20.832284894904038 ], [ -156.640395408152159, 20.832123113613505 ], [ -156.640424658155979, 20.832043926092762 ], [ -156.64048322066688, 20.8319819885755 ], [ -156.64051984567169, 20.831882144799348 ], [ -156.640505189415961, 20.831806426030763 ], [ -156.640391689391066, 20.831813332285822 ], [ -156.64033312687593, 20.831747957271116 ], [ -156.640311158118095, 20.831658425999269 ], [ -156.640201314345376, 20.83170661351458 ], [ -156.639981658046736, 20.831706613521 ], [ -156.639919439282096, 20.831679082265907 ], [ -156.639890095523981, 20.831630894754667 ], [ -156.639674095473254, 20.831541394738505 ], [ -156.639487376675959, 20.83136239469901 ], [ -156.639436126664037, 20.831345207196193 ], [ -156.639403157905264, 20.831300457185911 ], [ -156.639329939137809, 20.831262582178546 ], [ -156.639304314130982, 20.831228175920646 ], [ -156.639227439113085, 20.831200644665991 ], [ -156.639209157858005, 20.831169644658729 ], [ -156.63887959527662, 20.830914925854401 ], [ -156.638769751498671, 20.830804800829959 ], [ -156.638626970214119, 20.830715300811654 ], [ -156.638590345204278, 20.830663675799759 ], [ -156.638528095189344, 20.830629238292929 ], [ -156.63850615768294, 20.830581050781472 ], [ -156.638440251417421, 20.830553519526479 ], [ -156.638418313910961, 20.830505332015012 ], [ -156.638326751388092, 20.830426144497807 ], [ -156.63829012637953, 20.830412394495426 ], [ -156.638257188870057, 20.830346988229955 ], [ -156.638224220112647, 20.830343550730067 ], [ -156.638172970099617, 20.830291925718598 ], [ -156.638125376338706, 20.830281581967398 ], [ -156.638081438826958, 20.830219644453127 ], [ -156.638052157570485, 20.830219644453983 ], [ -156.637993563806361, 20.830185206947046 ], [ -156.637938657541014, 20.830088831924449 ], [ -156.637883720028157, 20.83006817567086 ], [ -156.637861751272084, 20.830030300661996 ], [ -156.637832470015468, 20.830026863161979 ], [ -156.637737282490633, 20.829913300636253 ], [ -156.637700688732423, 20.82990983188645 ], [ -156.637642094965827, 20.829799706860495 ], [ -156.637543219941278, 20.829720519343503 ], [ -156.637466344923155, 20.829686113087106 ], [ -156.637459032420054, 20.829641363076085 ], [ -156.637334532387712, 20.829496769293414 ], [ -156.637301594879943, 20.829483019290922 ], [ -156.637202751104439, 20.82937286301615 ], [ -156.63704165731491, 20.829255831741463 ], [ -156.636972063547262, 20.829186987976207 ], [ -156.636851251017731, 20.829104394208997 ], [ -156.636814657259436, 20.829097487958329 ], [ -156.636778032250049, 20.829059675449908 ], [ -156.636690157230618, 20.829059675452473 ], [ -156.636635250967089, 20.8290183316937 ], [ -156.636463157177161, 20.828963237934886 ], [ -156.636067750830989, 20.828701644130753 ], [ -156.635697938235836, 20.828298925290426 ], [ -156.635654031975918, 20.828291987789957 ], [ -156.635569813203915, 20.828192206517365 ], [ -156.635518563192591, 20.82819220651886 ], [ -156.635481938183574, 20.828164675263011 ], [ -156.635463625676095, 20.828061425237621 ], [ -156.635372094404346, 20.828016675229051 ], [ -156.63528056313038, 20.827903081453208 ], [ -156.635170719353283, 20.827820456435663 ], [ -156.635152438098004, 20.827782581426685 ], [ -156.634910781789046, 20.827617362642254 ], [ -156.634866844277155, 20.827551956377118 ], [ -156.634687437981881, 20.827383300089995 ], [ -156.634654500472664, 20.827324800076276 ], [ -156.634478750428173, 20.827156112539047 ], [ -156.634445812920632, 20.827149237538276 ], [ -156.634295687883082, 20.827018425009815 ], [ -156.634207812862485, 20.826984018753741 ], [ -156.633999125315739, 20.826966800005515 ], [ -156.63395518780419, 20.826911706242964 ], [ -156.63392956279489, 20.826801581216053 ], [ -156.633797750264677, 20.826770581212124 ], [ -156.633665937731877, 20.826660456188314 ], [ -156.633647656476228, 20.826612237426744 ], [ -156.633285187635749, 20.826302456109534 ], [ -156.633211937615215, 20.826171643578821 ], [ -156.633080156332028, 20.826051174802409 ], [ -156.632984937559144, 20.825996112291374 ], [ -156.632933687544863, 20.825906612270394 ], [ -156.632801937510777, 20.825758580987063 ], [ -156.632717687491009, 20.825724174730876 ], [ -156.632604187461112, 20.825579580947888 ], [ -156.63242478116706, 20.825448799670287 ], [ -156.632413749913411, 20.825410924661096 ], [ -156.632333249892611, 20.825321424640965 ], [ -156.632307624886835, 20.82531798714086 ], [ -156.632241718620264, 20.825259455878079 ], [ -156.632219749863395, 20.825197518363176 ], [ -156.632135531092473, 20.82512870584835 ], [ -156.632025687313813, 20.824997862068692 ], [ -156.632029374813499, 20.82496342455994 ], [ -156.631974437299391, 20.824904924546857 ], [ -156.63190487477948, 20.82476723701431 ], [ -156.631835312257579, 20.824571018217064 ], [ -156.63179503099829, 20.824560705715655 ], [ -156.63175109348731, 20.824522830707419 ], [ -156.631740124733767, 20.824488424449093 ], [ -156.631692530971634, 20.824440236938386 ], [ -156.631677874716246, 20.824374799422383 ], [ -156.631538780931919, 20.824268111899656 ], [ -156.631535093429619, 20.824223361888524 ], [ -156.631498468420858, 20.824202674384388 ], [ -156.631469187160832, 20.824095986858456 ], [ -156.631428905900435, 20.824051236848398 ], [ -156.631432562149769, 20.82400648683705 ], [ -156.631410593395032, 20.824009924338547 ], [ -156.631381343387147, 20.823968643079041 ], [ -156.631304437118786, 20.823927330570918 ], [ -156.631282468361206, 20.823844705550808 ], [ -156.631205562091878, 20.823775861785773 ], [ -156.631201905840044, 20.823744893028088 ], [ -156.631114030817997, 20.823665705510773 ], [ -156.631059124555037, 20.823641611756329 ], [ -156.630960280779078, 20.823517705478103 ], [ -156.630898030763575, 20.823466049216947 ], [ -156.630876062004063, 20.823324924182135 ], [ -156.630846780746538, 20.823293924175211 ], [ -156.630846780745401, 20.823259517916568 ], [ -156.630802843234335, 20.823218205407482 ], [ -156.630784530727226, 20.823125267884677 ], [ -156.630758905720967, 20.823108080381104 ], [ -156.630755249468649, 20.823063330369973 ], [ -156.630714968207712, 20.823001361605588 ], [ -156.63071131195565, 20.822963486596183 ], [ -156.630627093181772, 20.822805142808871 ], [ -156.630627093176514, 20.8226467990191 ], [ -156.630517249391744, 20.822330111442778 ], [ -156.630447686865892, 20.822013423865283 ], [ -156.630389124349051, 20.821896392587607 ], [ -156.630319530580579, 20.821803423816281 ], [ -156.630304905575059, 20.821734580049423 ], [ -156.630180436789885, 20.821503954995148 ], [ -156.63008887426551, 20.821380017466691 ], [ -156.630044968002409, 20.82127676744205 ], [ -156.629920467969612, 20.821118423655914 ], [ -156.629649530391674, 20.82057451727723 ], [ -156.629623905382346, 20.820464361000315 ], [ -156.629583624120784, 20.820385204731611 ], [ -156.62960193661317, 20.820030642142029 ], [ -156.62955799910273, 20.820009985888124 ], [ -156.629554342848991, 20.819920485865762 ], [ -156.629433530317698, 20.819782798334703 ], [ -156.629385936551898, 20.819624454546332 ], [ -156.62934199904106, 20.819590017038966 ], [ -156.629290717772193, 20.819362829483413 ], [ -156.629246811511564, 20.819335266977767 ], [ -156.629243124005313, 20.819170048186379 ], [ -156.629118655217184, 20.818849923109632 ], [ -156.629067405198214, 20.818619266803193 ], [ -156.629023467684732, 20.818505673025943 ], [ -156.629016123929546, 20.818398954249361 ], [ -156.629060061433648, 20.818226860454864 ], [ -156.629074717681419, 20.818061610412933 ], [ -156.629045436423553, 20.818020297903413 ], [ -156.629019780163077, 20.817875704117846 ], [ -156.628858686369256, 20.81762786031031 ], [ -156.628701248823404, 20.817293953981054 ], [ -156.628697592557671, 20.816842985117901 ], [ -156.628671967550616, 20.816801672608275 ], [ -156.628602405026385, 20.816533172542883 ], [ -156.628532873756853, 20.816409235013793 ], [ -156.628463279985084, 20.816216484967416 ], [ -156.628503561233117, 20.815885984883234 ], [ -156.628503561226182, 20.815676016080502 ], [ -156.628488904972272, 20.815655359825755 ], [ -156.628503561220043, 20.815490109783813 ], [ -156.62845234245674, 20.815431578520606 ], [ -156.62840102993971, 20.815259453478888 ], [ -156.628342467424915, 20.815204390966766 ], [ -156.628313186164945, 20.815097672190824 ], [ -156.628217998639428, 20.814963422159881 ], [ -156.62820334238458, 20.814915203398208 ], [ -156.628159404873628, 20.814877359639983 ], [ -156.628086186101598, 20.814701797098028 ], [ -156.627947029814635, 20.814515890805403 ], [ -156.627939717311904, 20.814481453296967 ], [ -156.627796936025732, 20.814343765766559 ], [ -156.627771279768382, 20.814292140754347 ], [ -156.62769809225037, 20.814237046992648 ], [ -156.627690748497599, 20.814202640734219 ], [ -156.627544310960957, 20.814075265706514 ], [ -156.627375873413456, 20.81376545313362 ], [ -156.627397842165578, 20.813682828112231 ], [ -156.627251404622967, 20.813372984288698 ], [ -156.627218435860641, 20.813221515501624 ], [ -156.62706099831874, 20.81300807795261 ], [ -156.626947560792956, 20.812987421700729 ], [ -156.626914560779966, 20.812815296658474 ], [ -156.626881592021192, 20.812770546648203 ], [ -156.626826685758004, 20.812739577892017 ], [ -156.626801060750779, 20.812691390380671 ], [ -156.626801060748392, 20.812619077862518 ], [ -156.6267205294794, 20.812584671606224 ], [ -156.62663268570472, 20.812426296569008 ], [ -156.626552091934741, 20.812360890304941 ], [ -156.626541123180914, 20.812319577794881 ], [ -156.626489873168225, 20.812278265286011 ], [ -156.626464216909255, 20.812178452761689 ], [ -156.626431279400919, 20.812147452754868 ], [ -156.62643127939981, 20.812113015246215 ], [ -156.62639465439122, 20.812099265243845 ], [ -156.626365373133524, 20.812061390235176 ], [ -156.626273841861092, 20.811995983971421 ], [ -156.626244560602345, 20.81192714020499 ], [ -156.626094435563061, 20.811744671413553 ], [ -156.625988248036975, 20.811665483896761 ], [ -156.625984591785112, 20.811634515139094 ], [ -156.625944341775863, 20.811624202637677 ], [ -156.625764904231602, 20.811486483858324 ], [ -156.625720997971683, 20.811479608857884 ], [ -156.6256807167114, 20.81143832759869 ], [ -156.62561481044682, 20.811438327600612 ], [ -156.625541591678086, 20.811362546333722 ], [ -156.625446435406133, 20.811335046329585 ], [ -156.625402466645028, 20.811293702570499 ], [ -156.625318247876379, 20.811293702572954 ], [ -156.625263341612509, 20.811242077561587 ], [ -156.625061966565681, 20.811173202550165 ], [ -156.625021685305171, 20.811125015039249 ], [ -156.624959435291373, 20.811125015041064 ], [ -156.62493015403399, 20.811097515035012 ], [ -156.624889872774958, 20.811094046285312 ], [ -156.624849622764458, 20.811045858774389 ], [ -156.624776372747476, 20.811021733770467 ], [ -156.624626278960278, 20.810901264994595 ], [ -156.624593310200424, 20.810825514976532 ], [ -156.62456402894307, 20.810797983720473 ], [ -156.624538403934793, 20.810718796201339 ], [ -156.624505435176587, 20.810691264945387 ], [ -156.624457841415676, 20.810680952444194 ], [ -156.624446872661935, 20.810639608684124 ], [ -156.624205216351356, 20.810426202387582 ], [ -156.624205216350475, 20.81039863988066 ], [ -156.624117341327974, 20.810305702359884 ], [ -156.624095403821173, 20.810247171095817 ], [ -156.624044122558786, 20.810216202339546 ], [ -156.624036810056026, 20.81018176483111 ], [ -156.624003841298048, 20.810161108576885 ], [ -156.624000185046015, 20.810123233567481 ], [ -156.623817122499332, 20.809937327276128 ], [ -156.623817122498423, 20.809909796019223 ], [ -156.623729247476803, 20.809844389755362 ], [ -156.62371096622104, 20.80979273349292 ], [ -156.623571809936635, 20.80968257721932 ], [ -156.623557184932025, 20.809641264709374 ], [ -156.623502247417804, 20.809579295945408 ], [ -156.623425372400106, 20.809558670942472 ], [ -156.623414403646905, 20.809534545936739 ], [ -156.623377778638684, 20.809531108436946 ], [ -156.623333841127447, 20.809486358426991 ], [ -156.623275247363495, 20.809455389670923 ], [ -156.623238653598548, 20.809248827120115 ], [ -156.623275247355309, 20.809207514608669 ], [ -156.623293559857188, 20.809142108341714 ], [ -156.623498622390628, 20.808780639494945 ], [ -156.623535216144234, 20.808642920709289 ], [ -156.623524216138463, 20.808543076934537 ], [ -156.623469341123013, 20.808443233161075 ], [ -156.623381434852291, 20.808405389404133 ], [ -156.623304559835333, 20.808405389406378 ], [ -156.623264278577409, 20.808436358165331 ], [ -156.623234966073767, 20.808522420687794 ], [ -156.623278934837032, 20.808629139463314 ], [ -156.62326062233447, 20.808673920725091 ], [ -156.623289903591257, 20.808684233226824 ], [ -156.623245966082692, 20.808718670736763 ], [ -156.623223997330399, 20.808797858257289 ], [ -156.623165434820066, 20.808877014528878 ], [ -156.623161747321063, 20.808932108292829 ], [ -156.623073934805745, 20.809056045826509 ], [ -156.623044622304917, 20.809228170870593 ], [ -156.623018966049926, 20.809248827126527 ], [ -156.622989684797204, 20.809362420905902 ], [ -156.622956716039823, 20.809358983406003 ], [ -156.622942091035526, 20.809327983398646 ], [ -156.622942091032229, 20.809228170873592 ], [ -156.62296405978708, 20.809228170872949 ], [ -156.623004341044435, 20.809179952109659 ], [ -156.623004341043526, 20.80915242085274 ], [ -156.622975028536132, 20.809124889596681 ], [ -156.622923778524779, 20.809124889598181 ], [ -156.622890841018062, 20.809142108353466 ], [ -156.622890841021132, 20.809235045876797 ], [ -156.622865184766113, 20.809255702132745 ], [ -156.622865184768273, 20.80932110839916 ], [ -156.622828591011086, 20.809348670907156 ], [ -156.622660184722804, 20.809317670904282 ], [ -156.622579622203347, 20.809269483394537 ], [ -156.622546684696061, 20.8092694833955 ], [ -156.622524715940301, 20.809241952139228 ], [ -156.622425840917515, 20.809214389635184 ], [ -156.622407528412538, 20.809186827128801 ], [ -156.622220809620757, 20.809173077130797 ], [ -156.62215855960514, 20.809117983368772 ], [ -156.622088997089747, 20.809117983370804 ], [ -156.622067028334016, 20.809090452114532 ], [ -156.621872997041038, 20.809090452120198 ], [ -156.62179243452411, 20.809117983379458 ], [ -156.621620371986012, 20.809117983384475 ], [ -156.621587434479636, 20.809145545892363 ], [ -156.62158374698032, 20.809190295903708 ], [ -156.621561778226038, 20.809207514658674 ], [ -156.621510528214799, 20.809210983411049 ], [ -156.621481246959888, 20.809259139673991 ], [ -156.62138237193804, 20.809259139676875 ], [ -156.621323809423814, 20.809221264669073 ], [ -156.621312809420232, 20.809186827160755 ], [ -156.621181028140398, 20.809166202159417 ], [ -156.621122434379117, 20.809217827174095 ], [ -156.621045559362557, 20.809231608429791 ], [ -156.620983309346826, 20.809173077166914 ], [ -156.620902746829017, 20.809173077169259 ], [ -156.620869809320681, 20.809142108412448 ], [ -156.620785559301225, 20.809117983408839 ], [ -156.620745309290868, 20.809073233398777 ], [ -156.62067209052455, 20.809069795900058 ], [ -156.620653778019573, 20.809042264643683 ], [ -156.620624528012769, 20.80903195214194 ], [ -156.620580559250953, 20.808969952127658 ], [ -156.620536621740911, 20.808959639626345 ], [ -156.620404809207315, 20.808825389596478 ], [ -156.620291340430271, 20.80876682708508 ], [ -156.620240059167344, 20.808718670824479 ], [ -156.620031371618438, 20.80863604580982 ], [ -156.619892246584755, 20.808549983292266 ], [ -156.619855621574629, 20.808488014527779 ], [ -156.619760434051159, 20.80841570201239 ], [ -156.619760434049908, 20.808377827002879 ], [ -156.619628652770643, 20.808374389505857 ], [ -156.619584684007719, 20.808278014482941 ], [ -156.619533433996338, 20.808278014484436 ], [ -156.619445558974519, 20.808205701968845 ], [ -156.619291808938755, 20.808154076960363 ], [ -156.61926618393187, 20.808116201951595 ], [ -156.619185621412669, 20.808074889443571 ], [ -156.619145340152272, 20.808030139433509 ], [ -156.618984246365727, 20.808002608181305 ], [ -156.618896371343425, 20.807916514412245 ], [ -156.618841465081289, 20.80791651441384 ], [ -156.618808465072931, 20.807885545657033 ], [ -156.618768246313834, 20.807878670656478 ], [ -156.618698683796254, 20.807813233142067 ], [ -156.618570496266159, 20.807761608132839 ], [ -156.618482652493668, 20.80766867061207 ], [ -156.618435058733041, 20.807665201862584 ], [ -156.618391121221805, 20.807620451852632 ], [ -156.618321558706185, 20.807613576852937 ], [ -156.618281277445789, 20.807568826842868 ], [ -156.618167777420666, 20.807568826846175 ], [ -156.618149464917195, 20.807586045601038 ], [ -156.618116527409995, 20.807589483102863 ], [ -156.618094589906065, 20.807616983110414 ], [ -156.61805793364806, 20.807620451862348 ], [ -156.617999371136705, 20.807668670626171 ], [ -156.617918808619464, 20.807685889382846 ], [ -156.617819964850725, 20.807782264409934 ], [ -156.617794339845176, 20.807785701911545 ], [ -156.6176735273215, 20.807878670688417 ], [ -156.617640558564403, 20.807885545691107 ], [ -156.617629589812651, 20.807906201946608 ], [ -156.617501433535125, 20.807930295706399 ], [ -156.617468496028835, 20.807961295715149 ], [ -156.617409902265877, 20.807961295716854 ], [ -156.617380652260863, 20.808006076978955 ], [ -156.617285433490565, 20.808030139487776 ], [ -156.61725612098499, 20.808057670745548 ], [ -156.616963214670278, 20.808061139504964 ], [ -156.616944933416789, 20.808078327009817 ], [ -156.616889995904643, 20.808078327011422 ], [ -156.616776495882789, 20.808178170789805 ], [ -156.616714277119286, 20.808185045793344 ], [ -156.616604433347447, 20.808260795815578 ], [ -156.616589808345253, 20.808291764573777 ], [ -156.616531183333052, 20.808315889581554 ], [ -156.616454308318453, 20.808388170851941 ], [ -156.616421370811253, 20.808391608353769 ], [ -156.616417683311255, 20.808415702109926 ], [ -156.616274933283933, 20.808546514646938 ], [ -156.616241964526864, 20.808553420899635 ], [ -156.616205339520377, 20.808601608412811 ], [ -156.616124808254142, 20.808649795927263 ], [ -156.616095495748993, 20.808691108438492 ], [ -156.615974683223612, 20.808732420952396 ], [ -156.615908776960737, 20.808784077217283 ], [ -156.615864839451035, 20.808784077218565 ], [ -156.615835558195442, 20.808811608476329 ], [ -156.615769651931316, 20.808825389731723 ], [ -156.615564589390686, 20.808969952274015 ], [ -156.615520683130967, 20.808969952275302 ], [ -156.615418183109966, 20.809021608541254 ], [ -156.61537058934951, 20.809025046043509 ], [ -156.615286370582027, 20.80905948355462 ], [ -156.615202151815566, 20.809124889823497 ], [ -156.615139933051779, 20.809124889825306 ], [ -156.615110620546545, 20.80916276483568 ], [ -156.615022745527654, 20.809179952342561 ], [ -156.614989808021988, 20.80922817110563 ], [ -156.614890933000765, 20.809248827363703 ], [ -156.614850651743751, 20.809307358629582 ], [ -156.614773807977571, 20.80933145238787 ], [ -156.614685932960015, 20.80938995240513 ], [ -156.614641964200302, 20.809389952406409 ], [ -156.614590714190342, 20.809431264918285 ], [ -156.614517495424707, 20.809448452424729 ], [ -156.61448821416937, 20.809482921184248 ], [ -156.614294151628542, 20.80954832745633 ], [ -156.614268526623988, 20.809582733715725 ], [ -156.614198964109306, 20.809603421222945 ], [ -156.614144057849074, 20.809661921239243 ], [ -156.613997589067367, 20.809682577498705 ], [ -156.613960901560006, 20.809706921255891 ], [ -156.613909870297164, 20.80965948374546 ], [ -156.613070307613725, 20.809732890038394 ], [ -156.612445494973599, 20.809677796292778 ], [ -156.611371650992567, 20.80987976512483 ], [ -156.609887775665896, 20.809934827681943 ], [ -156.609223931764092, 20.809787983914429 ], [ -156.607974368969934, 20.809255577567161 ], [ -156.607622931390296, 20.809200515063583 ], [ -156.607427681341647, 20.809035265027767 ], [ -156.606763837439814, 20.808888421260253 ], [ -156.606646681156633, 20.808668139958339 ], [ -156.606431931106016, 20.808576327441543 ], [ -156.605807118467737, 20.808576327459765 ], [ -156.605319024602437, 20.808356014918669 ], [ -156.604186586846254, 20.80819076491019 ], [ -156.603171305347274, 20.807456452255359 ], [ -156.602702711487495, 20.807272858472917 ], [ -156.602234117622288, 20.80692404589897 ], [ -156.599656867002693, 20.805436951850602 ], [ -156.599227335637636, 20.804831107960961 ], [ -156.598797804279201, 20.80442723287204 ], [ -156.598602554235384, 20.804408857873128 ], [ -156.598114429132806, 20.804574107928858 ], [ -156.597684866524958, 20.80418854534453 ], [ -156.597235835154976, 20.803564326450839 ], [ -156.595537178489622, 20.802370982450622 ], [ -156.593096615376737, 20.800167856968397 ], [ -156.591105083637444, 20.798699075407505 ], [ -156.587473520258499, 20.796422481191478 ], [ -156.587083020167825, 20.796293918670564 ], [ -156.585364863509, 20.795430981003857 ], [ -156.584544800820254, 20.7952106684724 ], [ -156.583724769376573, 20.794843480904049 ], [ -156.582475206572155, 20.793998886978297 ], [ -156.580522737382637, 20.793778574479791 ], [ -156.580015112260583, 20.79348479317078 ], [ -156.57946842463349, 20.793301199390584 ], [ -156.578765518232728, 20.79344807444793 ], [ -156.578218799361679, 20.793448074463846 ], [ -156.578023580564832, 20.793337918191867 ], [ -156.57743786169479, 20.7936316995327 ], [ -156.577125455375665, 20.793631699541791 ], [ -156.577047361604741, 20.793521543266401 ], [ -156.575797767573249, 20.793374637015866 ], [ -156.574958236127713, 20.793080886966514 ], [ -156.57448961103367, 20.793374637053937 ], [ -156.574021048434759, 20.793521543354473 ], [ -156.573142423240228, 20.793521543380045 ], [ -156.572595735613135, 20.793337918349831 ], [ -156.572517641838601, 20.793117574546752 ], [ -156.570818985196809, 20.792640230726278 ], [ -156.569784203718882, 20.792676949515609 ], [ -156.568358890895468, 20.79243823074712 ], [ -156.567050734356457, 20.792456637039795 ], [ -156.566855484310167, 20.792364824522409 ], [ -156.56625023417439, 20.792309730776189 ], [ -156.56513732766345, 20.791869074447867 ], [ -156.564395421234707, 20.791428418108758 ], [ -156.563848702346149, 20.790895980490919 ], [ -156.563458202252434, 20.790675636696928 ], [ -156.56287248335164, 20.790033011552545 ], [ -156.562599170785063, 20.789849417764373 ], [ -156.562013389404143, 20.789812667772182 ], [ -156.561310482989455, 20.789537261473431 ], [ -156.560685732835452, 20.789059886371689 ], [ -156.560334263994349, 20.788655948780448 ], [ -156.5597485451068, 20.788417229987509 ], [ -156.559553295052694, 20.788086729910169 ], [ -156.559397107514513, 20.787976573637035 ], [ -156.55892851366076, 20.787976573650653 ], [ -156.558655169843007, 20.787756229853265 ], [ -156.55834276352806, 20.787884761144632 ], [ -156.557971794694083, 20.787829698641584 ], [ -156.557737513371109, 20.787187042236965 ], [ -156.557464200798535, 20.786819823402666 ], [ -156.557288419507188, 20.786746385889334 ], [ -156.557034606957615, 20.786948385947447 ], [ -156.556487919337172, 20.78696672971795 ], [ -156.556253606781098, 20.786838198442478 ], [ -156.55599979420677, 20.78628735456148 ], [ -156.555726450388391, 20.786048667009471 ], [ -156.555804575400884, 20.785901760720304 ], [ -156.55537501279187, 20.785479448126708 ], [ -156.55480879391169, 20.785332541856263 ], [ -156.554320700056621, 20.785424354393513 ], [ -156.553949731223895, 20.78540601064968 ], [ -156.55295398098832, 20.784946979313318 ], [ -156.552719668435202, 20.784910229310896 ], [ -156.552602512155033, 20.784781729282024 ], [ -156.552583012138086, 20.784396104185713 ], [ -156.552856355938928, 20.784102354103982 ], [ -156.552563480871072, 20.784010541589439 ], [ -156.552583012118191, 20.783790197783521 ], [ -156.552407262087712, 20.784047260353201 ], [ -156.552055855759306, 20.784028885358797 ], [ -156.551313886851659, 20.784230885431093 ], [ -156.551040543039875, 20.784194135429814 ], [ -156.550532917904576, 20.783496416519299 ], [ -156.550142417828397, 20.783808541609051 ], [ -156.549830042757378, 20.783753479104295 ], [ -156.549712855227796, 20.78364329158001 ], [ -156.549576198932471, 20.783184260218679 ], [ -156.548951417520641, 20.782468135056941 ], [ -156.548990480023235, 20.782284541259688 ], [ -156.548814729975248, 20.782009103695607 ], [ -156.548150917321664, 20.781807134914164 ], [ -156.547740885985093, 20.781935666208362 ], [ -156.54733085463829, 20.781752041174144 ], [ -156.5473699171379, 20.781476603603817 ], [ -156.54725276085108, 20.781146103524204 ], [ -156.547077042056145, 20.780962478483175 ], [ -156.546198448098892, 20.780576884661837 ], [ -156.545886073020739, 20.780301447101721 ], [ -156.54553460419649, 20.780411603389606 ], [ -156.544402166443376, 20.780338165904055 ], [ -156.543816447554036, 20.780044384597261 ], [ -156.543679760006881, 20.779530228222075 ], [ -156.543367353685284, 20.7794567907127 ], [ -156.543015916093594, 20.779034478116817 ], [ -156.54254735348502, 20.77888760309353 ], [ -156.542176353403505, 20.778905915608906 ], [ -156.542039728376835, 20.779016103140549 ], [ -156.541161103137682, 20.777657290324733 ], [ -156.541180603135956, 20.777473665278031 ], [ -156.541434446938553, 20.777363477742991 ], [ -156.54137585317136, 20.777234946462396 ], [ -156.541043946843672, 20.777106415189749 ], [ -156.541317290648749, 20.7769411651403 ], [ -156.541200134362526, 20.776628977565274 ], [ -156.541004884316322, 20.776537165047888 ], [ -156.54082916552801, 20.776555540057604 ], [ -156.540770603025294, 20.776867696387718 ], [ -156.541004884333802, 20.77706969643166 ], [ -156.540575352988668, 20.777069696444133 ], [ -156.540438665454218, 20.776941165165809 ], [ -156.5403410716591, 20.776225008738745 ], [ -156.54020438412158, 20.776004664937364 ], [ -156.53973579026237, 20.775839414909459 ], [ -156.539169602635212, 20.77578432116206 ], [ -156.539052446331567, 20.774939633453261 ], [ -156.538349539919892, 20.774756008427548 ], [ -156.537939539820059, 20.774480570870253 ], [ -156.537607602244748, 20.774425477116054 ], [ -156.537529508471437, 20.774241852072194 ], [ -156.537217102142591, 20.773948039507452 ], [ -156.536709477038642, 20.774205133336775 ], [ -156.536162789438066, 20.774829477259477 ], [ -156.535577039322249, 20.775251789882571 ], [ -156.535108476723309, 20.775398696183071 ], [ -156.533370757590347, 20.775453789997357 ], [ -156.532902163747394, 20.775784321343998 ], [ -156.532160226087939, 20.775931227652435 ], [ -156.531808788501081, 20.775655790093438 ], [ -156.531769757223145, 20.775068164946958 ], [ -156.531652600944199, 20.774976352427295 ], [ -156.531691632199227, 20.774866196148476 ], [ -156.531418288393496, 20.77501307119331 ], [ -156.531281632107834, 20.77484782115577 ], [ -156.530930163275769, 20.774719289883684 ], [ -156.530715413236692, 20.774976352454495 ], [ -156.530539694448976, 20.775013071218808 ], [ -156.530305413153116, 20.775196727521752 ], [ -156.529251069174478, 20.775343602589242 ], [ -156.529212006688709, 20.776041415265677 ], [ -156.52895819415059, 20.776592259161429 ], [ -156.527474350071998, 20.776592259204488 ], [ -156.527279100035969, 20.776812603015514 ], [ -156.526790974933903, 20.776996228075795 ], [ -156.525912349735108, 20.776867696819014 ], [ -156.525463287153769, 20.777418571970433 ], [ -156.525307099619766, 20.777436978229588 ], [ -156.525072787074492, 20.777638915787122 ], [ -156.52450659944671, 20.777565478285105 ], [ -156.524466099459147, 20.778217353450049 ], [ -156.524466036958984, 20.778213728449142 ], [ -156.524436755701771, 20.77819079094423 ], [ -156.524378224438721, 20.77818847844534 ], [ -156.524244068156463, 20.778110478429642 ], [ -156.524100130622969, 20.778062322171721 ], [ -156.524002568099064, 20.777991197156673 ], [ -156.523948911835305, 20.777933822143826 ], [ -156.523929380579034, 20.77787419712941 ], [ -156.523873286814421, 20.777807665864326 ], [ -156.523846443054907, 20.777699853338014 ], [ -156.523787911788503, 20.777594322063198 ], [ -156.523714724270405, 20.777536978300915 ], [ -156.523641568004308, 20.777539290803627 ], [ -156.52361716174849, 20.777527790801443 ], [ -156.52357813048755, 20.777456697034705 ], [ -156.523478130461569, 20.777339697008227 ], [ -156.523385442938604, 20.777266290742467 ], [ -156.523290317917002, 20.777250228241197 ], [ -156.523165911640575, 20.777284634503449 ], [ -156.523122036630468, 20.77727085325126 ], [ -156.523034161609218, 20.77721807199055 ], [ -156.522851286569221, 20.777231884499315 ], [ -156.522802474058125, 20.777224978249006 ], [ -156.52273172404162, 20.777197478244148 ], [ -156.522387786465742, 20.777206634506435 ], [ -156.522346317708212, 20.777257103270312 ], [ -156.522348755212562, 20.777374103299632 ], [ -156.522373161468209, 20.777381009550663 ], [ -156.522429255235295, 20.777523228334761 ], [ -156.5224316927372, 20.777564509595063 ], [ -156.522448786491537, 20.77758285334917 ], [ -156.522543911521211, 20.777844384662121 ], [ -156.522646349051655, 20.778080665968506 ], [ -156.522617067796006, 20.778105915975704 ], [ -156.52269513031959, 20.778298603521854 ], [ -156.522687817821748, 20.778413291050871 ], [ -156.522617067810558, 20.77854863483693 ], [ -156.52263416156498, 20.778569291091621 ], [ -156.522512192792306, 20.778702353628589 ], [ -156.522468286533524, 20.778729884886783 ], [ -156.522424380275737, 20.778789509903032 ], [ -156.522212161484106, 20.778952384950113 ], [ -156.522195098981399, 20.778984478708669 ], [ -156.522148755222076, 20.779014322467511 ], [ -156.522131661469302, 20.779044134975493 ], [ -156.522087755210549, 20.779073978734271 ], [ -156.522082880209894, 20.77908772873786 ], [ -156.52205850520474, 20.779094634990297 ], [ -156.522060942706133, 20.779119853746568 ], [ -156.52202678644889, 20.77913132250044 ], [ -156.522007286443937, 20.779110697495828 ], [ -156.521936536431411, 20.77920704127208 ], [ -156.521846286416604, 20.77936532256447 ], [ -156.521826755164483, 20.779431853831746 ], [ -156.521721911398942, 20.779665822643569 ], [ -156.52174384890418, 20.779677291395814 ], [ -156.52170481764756, 20.779739228912511 ], [ -156.521702380148099, 20.779771353920651 ], [ -156.521509661365627, 20.780083354004635 ], [ -156.521387692591304, 20.780165916528908 ], [ -156.521263317567701, 20.780285197812482 ], [ -156.521241348813078, 20.780292104064856 ], [ -156.521129161291299, 20.78038613534174 ], [ -156.521090130033258, 20.780404510347491 ], [ -156.521065723778975, 20.78043891660684 ], [ -156.520919379999867, 20.78053985413645 ], [ -156.520899848744904, 20.780519197881823 ], [ -156.520880348742367, 20.780574260396225 ], [ -156.520529098670863, 20.780766947954831 ], [ -156.520451036154327, 20.780789885462852 ], [ -156.520394942391874, 20.780787604213906 ], [ -156.520397379892927, 20.780803666717876 ], [ -156.520363223635229, 20.780799072967703 ], [ -156.520358348634659, 20.78081513547188 ], [ -156.520226629854903, 20.780796760471087 ], [ -156.520021723559722, 20.780803666728772 ], [ -156.519958317297181, 20.780849541742136 ], [ -156.519929036043493, 20.78093441676431 ], [ -156.519875379784395, 20.781019291787185 ], [ -156.519885129788236, 20.781069760549588 ], [ -156.519855879782114, 20.781081229303314 ], [ -156.519836348529367, 20.781129385565972 ], [ -156.519719254757433, 20.781251010599938 ], [ -156.519690004751084, 20.781255573101927 ], [ -156.519572910977644, 20.781331260624341 ], [ -156.519348504680636, 20.78141385440161 ], [ -156.519172879644998, 20.781512510681488 ], [ -156.519077754623652, 20.781503323181941 ], [ -156.519007004606664, 20.781464323174195 ], [ -156.518867942074763, 20.781429916919588 ], [ -156.51880697331228, 20.781459729428846 ], [ -156.518767973305131, 20.781505635691506 ], [ -156.518738692050789, 20.781572135709062 ], [ -156.518587473273897, 20.781771729513597 ], [ -156.518504535760457, 20.781923104554032 ], [ -156.518482535755794, 20.781930010806409 ], [ -156.518372816985277, 20.782044698338407 ], [ -156.518358160736398, 20.782177760872269 ], [ -156.518338660732269, 20.782184635874557 ], [ -156.518331348232351, 20.782235104637447 ], [ -156.518250848218742, 20.782363573422057 ], [ -156.518219129466729, 20.782517260961594 ], [ -156.518116691946489, 20.782590667233013 ], [ -156.518067910686199, 20.782606729738458 ], [ -156.517965441913589, 20.782609010992005 ], [ -156.517919098154152, 20.782634292249696 ], [ -156.517899598150734, 20.782661761007162 ], [ -156.51788012939943, 20.782753542280791 ], [ -156.517841066893425, 20.782833823552103 ], [ -156.517784941883633, 20.782914073573885 ], [ -156.517748379376485, 20.782943917332446 ], [ -156.517704441869085, 20.783015042351597 ], [ -156.517684941867174, 20.783088448620603 ], [ -156.51768494186868, 20.783134354882129 ], [ -156.517643473112912, 20.78323754240926 ], [ -156.517592254353616, 20.783301761176887 ], [ -156.517431285572144, 20.78342794871326 ], [ -156.517389785564973, 20.783489886230015 ], [ -156.517299535548005, 20.783581605005683 ], [ -156.517194660532823, 20.783827105070408 ], [ -156.517058066757102, 20.783964730108945 ], [ -156.5169873167427, 20.784003730120798 ], [ -156.516658035428719, 20.784276698948933 ], [ -156.516626316674035, 20.784347823967728 ], [ -156.516631191679181, 20.784471698998708 ], [ -156.516660472938298, 20.784551980268027 ], [ -156.516662941692459, 20.784662105295627 ], [ -156.516648254190557, 20.784703386556419 ], [ -156.516638504192088, 20.784815792834941 ], [ -156.516601910437515, 20.784923605363101 ], [ -156.51648725416905, 20.785134605419444 ], [ -156.516387285401066, 20.785260792954045 ], [ -156.516340910391847, 20.785292917963456 ], [ -156.516345816643678, 20.785315855469076 ], [ -156.516123816600015, 20.785483324267595 ], [ -156.515989660324465, 20.785611761803761 ], [ -156.515960410321327, 20.785712699329963 ], [ -156.515957972827266, 20.785910011879615 ], [ -156.515889660318663, 20.78610954318173 ], [ -156.515767691549257, 20.786341230743478 ], [ -156.515670129032259, 20.786481168281465 ], [ -156.515548160262171, 20.786692168338018 ], [ -156.515528660260628, 20.786777074609923 ], [ -156.515521347764832, 20.7869536996545 ], [ -156.515533566520901, 20.787056949680096 ], [ -156.515531097775124, 20.78720144971647 ], [ -156.515557910289232, 20.787451481028508 ], [ -156.515543285292352, 20.787644168577351 ], [ -156.51551403528839, 20.787722168597799 ], [ -156.515357879012555, 20.787988262419187 ], [ -156.515335972761392, 20.788100637448064 ], [ -156.515345722770007, 20.78829791874734 ], [ -156.515309129015094, 20.788394262522608 ], [ -156.515235972753317, 20.788529606308739 ], [ -156.514977378956132, 20.788836981393466 ], [ -156.514896910190402, 20.788901200161941 ], [ -156.514835910177055, 20.788905793914868 ], [ -156.51479931641984, 20.788933325172842 ], [ -156.514557847619812, 20.789038856456369 ], [ -156.514379785084373, 20.789160418992079 ], [ -156.514284660068057, 20.789304919031142 ], [ -156.514218785058745, 20.789465481573394 ], [ -156.514182191304855, 20.789593950356739 ], [ -156.514087066290983, 20.789814169164835 ], [ -156.514016316278713, 20.789917387942815 ], [ -156.513955347516969, 20.789970137957837 ], [ -156.513835816241084, 20.789988481715909 ], [ -156.511004971871614, 20.790217981855719 ], [ -156.509727190405158, 20.792245763652307 ], [ -156.509686690395341, 20.792220388647113 ], [ -156.509606190377411, 20.79221810739887 ], [ -156.509520846609718, 20.792254794910559 ], [ -156.509320784070155, 20.792399294952673 ], [ -156.509223221551707, 20.792495638729712 ], [ -156.50892319024166, 20.792690638787416 ], [ -156.50880612772076, 20.792844295079426 ], [ -156.508684158946892, 20.792940638857178 ], [ -156.508586596428756, 20.793046138886513 ], [ -156.508523158918536, 20.793163138917752 ], [ -156.508501221417191, 20.793270920195468 ], [ -156.508462190161652, 20.793365013970245 ], [ -156.508171908854763, 20.793589795285147 ], [ -156.507840190040952, 20.793885670369111 ], [ -156.507647502503175, 20.794034795412177 ], [ -156.507535283731954, 20.794144889193099 ], [ -156.507303533689878, 20.794427014270706 ], [ -156.507054752392975, 20.794677045590756 ], [ -156.506957189873333, 20.794736670608565 ], [ -156.506708377321416, 20.794835358140581 ], [ -156.506666877313307, 20.794867420649854 ], [ -156.506542502291268, 20.795034858195535 ], [ -156.506493721032001, 20.795083045709049 ], [ -156.506288814741282, 20.795225264500729 ], [ -156.5061888147209, 20.795278014516892 ], [ -156.505947345920248, 20.795365170795797 ], [ -156.50482528318895, 20.795890452210344 ], [ -156.504671595656845, 20.795950077229783 ], [ -156.504293533076492, 20.796053296016684 ], [ -156.503917876748716, 20.796218452319088 ], [ -156.503659314196682, 20.796379014866936 ], [ -156.503561751676585, 20.796424889881298 ], [ -156.503505657914673, 20.796440952386956 ], [ -156.503405657894348, 20.796495983653692 ], [ -156.5032568453625, 20.796530389916647 ], [ -156.502742189000827, 20.796601514949462 ], [ -156.50252756395335, 20.796603796206256 ], [ -156.502354345164548, 20.796590046207825 ], [ -156.501907970063257, 20.79651667120234 ], [ -156.501764063781224, 20.796512046205361 ], [ -156.501578657490654, 20.796525827464201 ], [ -156.501403032453027, 20.796564796229084 ], [ -156.50120546990982, 20.79658317123943 ], [ -156.500924907349201, 20.796629015009092 ], [ -156.500627376035851, 20.796707015037327 ], [ -156.500261469708704, 20.796826296327904 ], [ -156.499810219612556, 20.796943265120394 ], [ -156.499705313339859, 20.796959327627476 ], [ -156.499702875840029, 20.796979983882736 ], [ -156.499576032062521, 20.796998327641031 ], [ -156.499376000768422, 20.79700520264856 ], [ -156.499144313219062, 20.797064858920269 ], [ -156.498897938165925, 20.79710842143837 ], [ -156.498746688132655, 20.797115296444478 ], [ -156.498580844345611, 20.797106140196984 ], [ -156.498014937971078, 20.797131358969736 ], [ -156.497346594075964, 20.79722082776161 ], [ -156.496768468949028, 20.797255234037028 ], [ -156.496326968850411, 20.797229984043497 ], [ -156.496117218803931, 20.797229984049576 ], [ -156.495702531210753, 20.797191015301806 ], [ -156.495424468647826, 20.797149702799491 ], [ -156.495248843608692, 20.797142827802855 ], [ -156.494858562270281, 20.797083202799204 ], [ -156.494363374657041, 20.796975390286466 ], [ -156.494026780831064, 20.796931796535283 ], [ -156.493948718313078, 20.796911140282344 ], [ -156.493829187036397, 20.796904296534091 ], [ -156.493477936955202, 20.796801077768343 ], [ -156.493253530654101, 20.796759765264476 ], [ -156.493209624393728, 20.796739140260552 ], [ -156.493063280610642, 20.796718484009613 ], [ -156.4928705930663, 20.796668015252518 ], [ -156.492597374252142, 20.796557921482783 ], [ -156.492355905446715, 20.796498296474795 ], [ -156.492258311674789, 20.796489108975315 ], [ -156.492126624144532, 20.796457015221076 ], [ -156.491870499085024, 20.796372140207172 ], [ -156.491633874028707, 20.796252858934057 ], [ -156.491302155200998, 20.796124390161395 ], [ -156.491221655181789, 20.796083108903357 ], [ -156.491009436382654, 20.796016608892803 ], [ -156.49084112384466, 20.795995952642489 ], [ -156.490631373796731, 20.795952390137629 ], [ -156.490453280006477, 20.795927140136445 ], [ -156.490092279926131, 20.795915671394024 ], [ -156.489926404888564, 20.795890452642507 ], [ -156.489743467348319, 20.795899608900108 ], [ -156.489358092261966, 20.795869796403789 ], [ -156.489204404728525, 20.795888140162855 ], [ -156.488972685927365, 20.795892733920727 ], [ -156.48875068587779, 20.79588126517428 ], [ -156.488633623352541, 20.795901890182861 ], [ -156.488528748331191, 20.795959265200324 ], [ -156.488482404571414, 20.795973015205117 ], [ -156.488462873317729, 20.795993671460874 ], [ -156.488472623321542, 20.79604414022327 ], [ -156.488494592077615, 20.796080827731856 ], [ -156.488582404599043, 20.796140452744297 ], [ -156.488792185897438, 20.796200109003205 ], [ -156.488884873417931, 20.796197796499936 ], [ -156.488919029675088, 20.796186327746064 ], [ -156.489123904720486, 20.796186327740124 ], [ -156.489228810994462, 20.796209265242847 ], [ -156.489316623515236, 20.796248265250103 ], [ -156.4895678423226, 20.796301015256066 ], [ -156.489838592383393, 20.796326265254567 ], [ -156.490043498678801, 20.796326265248624 ], [ -156.490136217449788, 20.796340015249381 ], [ -156.49029231123609, 20.796392765258123 ], [ -156.49066549882599, 20.796612984052633 ], [ -156.490780155102584, 20.796649671558527 ], [ -156.490894780128372, 20.796661140308096 ], [ -156.490977717646501, 20.796654265303957 ], [ -156.491063092664149, 20.796615265291681 ], [ -156.49113871767895, 20.796555640274502 ], [ -156.491280186458255, 20.796493702754837 ], [ -156.491431436490529, 20.796457015241231 ], [ -156.491633874035386, 20.796457015235358 ], [ -156.491670467794421, 20.796484515241211 ], [ -156.491975374114901, 20.796573952754837 ], [ -156.492324186697317, 20.796732265284511 ], [ -156.492904718082883, 20.796943265320703 ], [ -156.493004780606668, 20.796993734080484 ], [ -156.493243780662652, 20.797085484096598 ], [ -156.49339990569996, 20.797168046612828 ], [ -156.493487718219939, 20.797184109114308 ], [ -156.493685280764197, 20.797200171612616 ], [ -156.493824312046229, 20.79723689036782 ], [ -156.493982874580809, 20.797220827859181 ], [ -156.49408040585439, 20.797280452871341 ], [ -156.494163374623128, 20.797291921621802 ], [ -156.494209718384752, 20.797333202880839 ], [ -156.494317030914232, 20.797507546671536 ], [ -156.494365843426266, 20.797544234179345 ], [ -156.494409749686497, 20.7975602966821 ], [ -156.494485343453277, 20.797560296679908 ], [ -156.494580530973224, 20.797525921668516 ], [ -156.494648780988626, 20.797535046668827 ], [ -156.494673187244956, 20.797562577925039 ], [ -156.494702437251732, 20.79757176542649 ], [ -156.494863437287222, 20.797567171670671 ], [ -156.49493174980168, 20.797546515413497 ], [ -156.494968312308941, 20.7975212966561 ], [ -156.495095124836752, 20.797512109150112 ], [ -156.495212249862902, 20.797518984148446 ], [ -156.495380562401209, 20.797548827901064 ], [ -156.495553749939717, 20.797553421647198 ], [ -156.495653749962827, 20.797583202901784 ], [ -156.495741562483744, 20.797626796660182 ], [ -156.49581475000025, 20.797635984160369 ], [ -156.496202593835847, 20.797626796646814 ], [ -156.496909968993435, 20.797654327883208 ], [ -156.497314875332933, 20.797647452869736 ], [ -156.497502656623425, 20.797615327856221 ], [ -156.497766125431468, 20.797603859095691 ], [ -156.497839312948059, 20.797615327846454 ], [ -156.498083219254539, 20.797691046608403 ], [ -156.498129563014913, 20.79769332785763 ], [ -156.49824662554002, 20.797668109097899 ], [ -156.498466188084961, 20.797555702813291 ], [ -156.498627188118519, 20.797491484042474 ], [ -156.498975969442171, 20.797381390254689 ], [ -156.499476032052939, 20.79738139024019 ], [ -156.499517500812885, 20.797404327744747 ], [ -156.499590688331864, 20.797489171513945 ], [ -156.499683375853749, 20.797530484021642 ], [ -156.499727282113639, 20.797535046521507 ], [ -156.499783375875438, 20.797516702765272 ], [ -156.499851688388844, 20.797463952750036 ], [ -156.499902907148282, 20.797404327733567 ], [ -156.499963875910453, 20.797365327721995 ], [ -156.500012657171112, 20.797360702719416 ], [ -156.500268813478414, 20.797376796466029 ], [ -156.500429782262756, 20.797337796451558 ], [ -156.500961532374845, 20.797163483892326 ], [ -156.50110787615634, 20.797135921381155 ], [ -156.501173751170967, 20.797135921379244 ], [ -156.501200563677344, 20.797149702631927 ], [ -156.501205469929488, 20.797181827639864 ], [ -156.50118106367529, 20.797218515149794 ], [ -156.501054219899743, 20.797296515173073 ], [ -156.500683469822974, 20.797459358974749 ], [ -156.500515157287424, 20.79751210899289 ], [ -156.500459063525881, 20.797539640251433 ], [ -156.500444407273591, 20.797569452759348 ], [ -156.500339532252497, 20.797633702778537 ], [ -156.50030781349659, 20.797668109038099 ], [ -156.500273657241905, 20.797755265310993 ], [ -156.50019806347936, 20.797883702845457 ], [ -156.500112688462877, 20.797957109116378 ], [ -156.499980969686078, 20.798030546638657 ], [ -156.499873625913267, 20.798060327899254 ], [ -156.499800469647084, 20.798060327901378 ], [ -156.499654094613362, 20.798021327895825 ], [ -156.499654094611884, 20.797975484134302 ], [ -156.499739469626263, 20.797837827847239 ], [ -156.49972728212191, 20.797787359084911 ], [ -156.49969068836333, 20.797773609082515 ], [ -156.499624844598998, 20.797780484086147 ], [ -156.499534563331622, 20.797860765358951 ], [ -156.499512625826355, 20.797849296606699 ], [ -156.499463875812921, 20.797769015337938 ], [ -156.499405282049423, 20.797752984085619 ], [ -156.499341875786229, 20.797778202843791 ], [ -156.499273594521327, 20.797785077847497 ], [ -156.498980875705456, 20.797752984097926 ], [ -156.498715000647081, 20.797769015359663 ], [ -156.498646688132482, 20.797785077865683 ], [ -156.498595469372844, 20.797837827880425 ], [ -156.498668656894552, 20.798005265420372 ], [ -156.498666219394892, 20.798032765427365 ], [ -156.498639375639499, 20.798048859182177 ], [ -156.49861496938388, 20.798041984181161 ], [ -156.498522281860232, 20.797947921660214 ], [ -156.498483281848507, 20.797853890387714 ], [ -156.498439344337896, 20.797826359132074 ], [ -156.498310094308067, 20.797789671626607 ], [ -156.498310094307755, 20.797780484124292 ], [ -156.498088094259543, 20.797810265388218 ], [ -156.498088094260083, 20.797826359142263 ], [ -156.498000281740872, 20.797833234146545 ], [ -156.497934437977335, 20.797865327906511 ], [ -156.497863687965321, 20.797977765436819 ], [ -156.497868562967909, 20.7980236091982 ], [ -156.497902719229216, 20.79813829672603 ], [ -156.497968594248135, 20.798269046756978 ], [ -156.497961281747479, 20.798298859264683 ], [ -156.49791490673789, 20.798319515521207 ], [ -156.497849062973188, 20.798314890521958 ], [ -156.497717344190505, 20.798209421749274 ], [ -156.497680750431073, 20.79816814048997 ], [ -156.497631969169191, 20.798136015483305 ], [ -156.497519781643433, 20.798108484229644 ], [ -156.497429500373755, 20.79811767173457 ], [ -156.497349031607058, 20.798152077995557 ], [ -156.497290469096242, 20.798218578013959 ], [ -156.497275844095412, 20.79829198428283 ], [ -156.497273406599021, 20.798418140564603 ], [ -156.497231969091132, 20.798457140575607 ], [ -156.497151437823788, 20.798473203081979 ], [ -156.497083125312116, 20.798578703110469 ], [ -156.497039250303033, 20.798597046866355 ], [ -156.496997781543286, 20.798580984363529 ], [ -156.496934375275032, 20.798452546833079 ], [ -156.496870906509344, 20.79840207807224 ], [ -156.496778250237895, 20.79837454681801 ], [ -156.496736781478859, 20.798379140570365 ], [ -156.496629437707355, 20.798447953090783 ], [ -156.496458687671634, 20.798512171861866 ], [ -156.496239156372866, 20.798507609367093 ], [ -156.495956218808374, 20.798452546861459 ], [ -156.495773281266253, 20.798404390604659 ], [ -156.495626906233639, 20.798397484357178 ], [ -156.495375687429089, 20.79843189062311 ], [ -156.495217124895561, 20.798480109389825 ], [ -156.495104906122634, 20.798539671908049 ], [ -156.495034187357135, 20.798544296911263 ], [ -156.494982968594798, 20.798514484405263 ], [ -156.494970749840746, 20.798473203145239 ], [ -156.494975656089849, 20.798413546880102 ], [ -156.494921968575483, 20.798337859362647 ], [ -156.494853687308705, 20.798287390601949 ], [ -156.494780499791489, 20.798255328096005 ], [ -156.494692687271652, 20.798246109346238 ], [ -156.494512187233937, 20.798314890618755 ], [ -156.494382905955547, 20.798321796874237 ], [ -156.49433899969506, 20.798298859369755 ], [ -156.494312155937507, 20.79825070310843 ], [ -156.494278030928911, 20.798218578101345 ], [ -156.494187780908788, 20.798214015602813 ], [ -156.494141437149096, 20.798232359358771 ], [ -156.494119468395098, 20.798257609365759 ], [ -156.494090187140756, 20.798324109383312 ], [ -156.494077999640268, 20.798390609400375 ], [ -156.494031655882367, 20.798464015670163 ], [ -156.493997499628222, 20.798567234447091 ], [ -156.493892624610339, 20.798730078241057 ], [ -156.493838968352122, 20.798842484520865 ], [ -156.493746280834358, 20.79892735954488 ], [ -156.493592593302452, 20.798991578315476 ], [ -156.493424312014554, 20.798973234565747 ], [ -156.493151093201561, 20.79889751580464 ], [ -156.492912061897727, 20.79887001580467 ], [ -156.492702280599389, 20.798814953296915 ], [ -156.492599843074089, 20.79873467202971 ], [ -156.492536405560941, 20.798762172038462 ], [ -156.492492499301193, 20.798762172039737 ], [ -156.492436405537887, 20.798734672034449 ], [ -156.492131499218004, 20.798663578275431 ], [ -156.491619249099699, 20.798516765753387 ], [ -156.490767967654222, 20.798305765725054 ], [ -156.490650873876831, 20.798262171967501 ], [ -156.490511842595055, 20.798232359464038 ], [ -156.490392311317066, 20.798186484455975 ], [ -156.49020693627466, 20.798145171950971 ], [ -156.490023998731999, 20.798080953190141 ], [ -156.489697123657209, 20.798007578181178 ], [ -156.489338561074277, 20.797902046915059 ], [ -156.489258092306045, 20.797888296913932 ], [ -156.489094654767854, 20.797828671903694 ], [ -156.488789748447374, 20.797739203140051 ], [ -156.488414092111043, 20.797645140627303 ], [ -156.488043342024582, 20.797512109354624 ], [ -156.487867716984312, 20.797470859349346 ], [ -156.487731091952185, 20.79741348433889 ], [ -156.487516466902576, 20.797351546829553 ], [ -156.487223748083835, 20.797232296808076 ], [ -156.486928591763814, 20.797090078030884 ], [ -156.486877404252226, 20.797083203030649 ], [ -156.48683346674315, 20.797103828037109 ], [ -156.486791997983971, 20.797103828038306 ], [ -156.486755404224397, 20.797057953027842 ], [ -156.486691997959326, 20.79702814052218 ], [ -156.486530997919971, 20.7969157342486 ], [ -156.48622609159338, 20.796640515438284 ], [ -156.486182185331586, 20.796576234173408 ], [ -156.486094372809873, 20.79650745290866 ], [ -156.485996810284803, 20.796401952884978 ], [ -156.485969966528472, 20.796390484132871 ], [ -156.485833372744167, 20.796266609105704 ], [ -156.485708966461942, 20.796124390323566 ], [ -156.485711403961346, 20.796090015314864 ], [ -156.48581143522901, 20.795952390277378 ], [ -156.485857778988105, 20.795917984017386 ], [ -156.4858968102468, 20.795917984016256 ], [ -156.48593337275571, 20.795943202771532 ], [ -156.485979747769022, 20.796037234043823 ], [ -156.486001685274459, 20.79605329654721 ], [ -156.486030966530933, 20.796053296546365 ], [ -156.486055341535263, 20.7960212027876 ], [ -156.486062654035067, 20.795963859022972 ], [ -156.486126091547192, 20.795906515256728 ], [ -156.486277310329797, 20.795878983995426 ], [ -156.486367560349862, 20.795881265243377 ], [ -156.486423685363121, 20.795906515248099 ], [ -156.486445622868729, 20.795929452753231 ], [ -156.486521247892256, 20.796135890302907 ], [ -156.486587091658947, 20.79620010906714 ], [ -156.486650529174256, 20.796239109075103 ], [ -156.486801747959305, 20.796284984082249 ], [ -156.486974935497955, 20.79629417157954 ], [ -156.487126185530542, 20.796266609068216 ], [ -156.487209123048018, 20.796239109058902 ], [ -156.487326185572016, 20.796179452790518 ], [ -156.487379841833842, 20.796177171538396 ], [ -156.487404248090087, 20.796202390294017 ], [ -156.487367654334207, 20.79627120281237 ], [ -156.487365216835144, 20.796317077823964 ], [ -156.487389623091246, 20.796337734078463 ], [ -156.487492060613476, 20.796323952822029 ], [ -156.487638404394005, 20.796266609053372 ], [ -156.487760373170147, 20.796239109042922 ], [ -156.487794529427049, 20.796218452786739 ], [ -156.48782868568523, 20.796236827790366 ], [ -156.487879904444384, 20.79617029652216 ], [ -156.487916498196313, 20.795982202723835 ], [ -156.487948185702635, 20.79596154646773 ], [ -156.488016498218315, 20.795977608969785 ], [ -156.48805309197536, 20.795945483960651 ], [ -156.488082341981709, 20.795940921458651 ], [ -156.488075029478665, 20.795897327697908 ], [ -156.488101873232949, 20.795846827684436 ], [ -156.487828685669427, 20.795755108919312 ], [ -156.487709185640966, 20.795695483907789 ], [ -156.487435966829338, 20.795661077657076 ], [ -156.48708227924709, 20.795541796387351 ], [ -156.486845654192678, 20.795482171379234 ], [ -156.486606654139621, 20.795477577635005 ], [ -156.486350497831125, 20.795424827629166 ], [ -156.486267560311603, 20.795390421372929 ], [ -156.486028529007314, 20.79534910886948 ], [ -156.485845560216546, 20.795342202623043 ], [ -156.485767528949793, 20.795358296379355 ], [ -156.485677278929785, 20.795358296381966 ], [ -156.485533341396092, 20.79530323387231 ], [ -156.485304060091465, 20.795186265099559 ], [ -156.48519431006423, 20.795096796330263 ], [ -156.48508452878778, 20.795032577567298 ], [ -156.484906466246315, 20.794970640056903 ], [ -156.484711341200011, 20.794876608788922 ], [ -156.484672341190389, 20.794846796282563 ], [ -156.484340559861977, 20.794697702504717 ], [ -156.483974684774267, 20.794493546214014 ], [ -156.48387712225167, 20.794463733709343 ], [ -156.4837405284689, 20.794388014944282 ], [ -156.483403903389529, 20.794241233667151 ], [ -156.483069747062331, 20.794144889902633 ], [ -156.482930684528526, 20.794053171133616 ], [ -156.482845309508349, 20.794014139876275 ], [ -156.482716028227202, 20.793938452361001 ], [ -156.482528215683203, 20.793865046097995 ], [ -156.482264746870158, 20.793722827319886 ], [ -156.481896434283357, 20.793562264790218 ], [ -156.481664715478132, 20.793445296017545 ], [ -156.481442746674674, 20.793314545991112 ], [ -156.481330559146954, 20.793227358472457 ], [ -156.48116468410845, 20.793172327213437 ], [ -156.48110124659334, 20.793140202207205 ], [ -156.480903684043938, 20.792968170919693 ], [ -156.480759777758664, 20.792864952147927 ], [ -156.480501215197506, 20.792747983376021 ], [ -156.480259715139908, 20.792621795851311 ], [ -156.480191433874154, 20.792603452098685 ], [ -156.480013371331694, 20.79251170208078 ], [ -156.479864558797033, 20.792458952071843 ], [ -156.479693808756082, 20.792364889553152 ], [ -156.479627964991067, 20.792351139551602 ], [ -156.479405996187523, 20.792218108274604 ], [ -156.479086402361901, 20.792071295746972 ], [ -156.478744964778684, 20.791839608198632 ], [ -156.478640058503402, 20.79177770193612 ], [ -156.478581527239839, 20.791759326933196 ], [ -156.478232714654581, 20.7915161706322 ], [ -156.478193683394295, 20.791465733120656 ], [ -156.477891214571343, 20.791284514333878 ], [ -156.477869277065366, 20.791250108075868 ], [ -156.477332620687804, 20.790986326775123 ], [ -156.477125308138227, 20.790873920502889 ], [ -156.476942370595282, 20.790800514239738 ], [ -156.476856995574821, 20.790752357980111 ], [ -156.476554526753745, 20.790628482957743 ], [ -156.476095932895277, 20.790419732918568 ], [ -156.475593464028037, 20.790238514137592 ], [ -156.475325151466251, 20.790167420377486 ], [ -156.474881213865501, 20.790094014121895 ], [ -156.474651901312228, 20.79001832660952 ], [ -156.474451901266406, 20.789972451603795 ], [ -156.47407136992814, 20.78985085783426 ], [ -156.473485932290771, 20.789616889042421 ], [ -156.473290807245405, 20.789552670281928 ], [ -156.473024932182625, 20.789433389009659 ], [ -156.472595650829703, 20.78919485771214 ], [ -156.472329713264912, 20.789015920174879 ], [ -156.472102900710127, 20.788875982646278 ], [ -156.471915088163456, 20.788722295113097 ], [ -156.471868744402428, 20.788699357608671 ], [ -156.471849213147095, 20.788669545101754 ], [ -156.471385775532184, 20.788295638771213 ], [ -156.471329681767855, 20.788235982507835 ], [ -156.471222337991577, 20.788160294991926 ], [ -156.471049150448323, 20.788011201209471 ], [ -156.470773525380565, 20.787807044916146 ], [ -156.47054911907469, 20.787618951125374 ], [ -156.470449087799295, 20.787520294853483 ], [ -156.470234462746049, 20.787345951065888 ], [ -156.470200306487953, 20.787329919812841 ], [ -156.469905150164067, 20.787070701006247 ], [ -156.469841743898655, 20.787029388497697 ], [ -156.469631962595287, 20.786818357200737 ], [ -156.469592931335796, 20.786793138445535 ], [ -156.469475837556161, 20.78668073217068 ], [ -156.469373400030946, 20.786602732154044 ], [ -156.469202649987977, 20.786446763369788 ], [ -156.469022181192003, 20.786263232078884 ], [ -156.468822149891849, 20.786084325789719 ], [ -156.468558712326711, 20.785877856995462 ], [ -156.468419649790349, 20.785708106956818 ], [ -156.468246462242945, 20.785432856892676 ], [ -156.468151337217762, 20.78530670061372 ], [ -156.467983024675362, 20.78515070057939 ], [ -156.467678118349255, 20.7848892005225 ], [ -156.467580555825464, 20.784822669258606 ], [ -156.467546399567652, 20.784815794257863 ], [ -156.467453743295181, 20.784756137995554 ], [ -156.467297587008687, 20.784698794235666 ], [ -156.467097586961302, 20.784604731717817 ], [ -156.466924399421288, 20.78455429421015 ], [ -156.466634149352586, 20.784418950434546 ], [ -156.466460961809673, 20.784281294154958 ], [ -156.466212149250367, 20.784152825379874 ], [ -156.466082867967941, 20.784038137854804 ], [ -156.466002367946828, 20.783937200331771 ], [ -156.465936524181046, 20.783900512824449 ], [ -156.46584383665973, 20.783877575321366 ], [ -156.465780399144563, 20.783843169064554 ], [ -156.46567552411824, 20.783749106543954 ], [ -156.46551452407914, 20.783643575272098 ], [ -156.465465742816519, 20.783588544009675 ], [ -156.465394992796774, 20.783464668980592 ], [ -156.465334024031023, 20.783395825215059 ], [ -156.464875461416881, 20.783012762632065 ], [ -156.464719336376845, 20.782845293844492 ], [ -156.464631523855132, 20.782776481329758 ], [ -156.464392492544647, 20.782547075029008 ], [ -156.464182711242472, 20.782372731241267 ], [ -156.464111992474329, 20.782297043724292 ], [ -156.463894867420265, 20.78211582493504 ], [ -156.463792429894056, 20.782007981160898 ], [ -156.463263117262528, 20.781572137316687 ], [ -156.46323383600452, 20.781526293556013 ], [ -156.462892335916564, 20.781150043471335 ], [ -156.462841117152749, 20.781074355953812 ], [ -156.462894804662824, 20.781019293438412 ], [ -156.463119210957785, 20.780872480895013 ], [ -156.463121648457673, 20.780854137140338 ], [ -156.463092367200488, 20.780831199635426 ], [ -156.463060648443417, 20.780831199636342 ], [ -156.462938679668213, 20.7808862309037 ], [ -156.462909429663171, 20.780929824665503 ], [ -156.462806929642682, 20.780998637185753 ], [ -156.462775273385603, 20.780996355936111 ], [ -156.46259233583973, 20.780833480900466 ], [ -156.462443523301005, 20.780656855860389 ], [ -156.462416710793548, 20.78061094959963 ], [ -156.462245960749442, 20.780418262056145 ], [ -156.462192273234905, 20.780337980787518 ], [ -156.462082523202952, 20.780103980731894 ], [ -156.462031304439989, 20.780055824471269 ], [ -156.461997148181979, 20.780042043218799 ], [ -156.461953241919588, 20.779959480699311 ], [ -156.461828835638329, 20.779847074424666 ], [ -156.461699554352606, 20.779631418124211 ], [ -156.461550773058747, 20.779298793044926 ], [ -156.461384898011147, 20.778966167966129 ], [ -156.46135317925112, 20.778874355443978 ], [ -156.461162929198139, 20.778544074116475 ], [ -156.461089741675039, 20.778333011565557 ], [ -156.461079991670118, 20.778248136544498 ], [ -156.461050710411513, 20.778183886529209 ], [ -156.461009241646479, 20.778004980235451 ], [ -156.460977554131347, 20.777757198924093 ], [ -156.460972679122449, 20.777518636364288 ], [ -156.460992179121121, 20.77734657382047 ], [ -156.460994616617711, 20.777224980039843 ], [ -156.460982429112136, 20.777137823768296 ], [ -156.460977554105369, 20.776963479974615 ], [ -156.460865335313997, 20.77645879235104 ], [ -156.460840960302534, 20.776272948555039 ], [ -156.460750679022624, 20.775970135981545 ], [ -156.460675085242372, 20.775557229629968 ], [ -156.460645803973279, 20.775171823283959 ], [ -156.460609210187272, 20.774318416820559 ], [ -156.460543366402504, 20.773701291667376 ], [ -156.460462866369653, 20.773242479054389 ], [ -156.460360428834349, 20.772857072710504 ], [ -156.460250647548662, 20.772508353876042 ], [ -156.46020186628428, 20.772400541350365 ], [ -156.460148210019639, 20.772315666330581 ], [ -156.460060397493265, 20.77210460378009 ], [ -156.460016491228998, 20.771964666246188 ], [ -156.459931116203222, 20.771755884946192 ], [ -156.459811584914149, 20.771370478602794 ], [ -156.459738428642311, 20.771198416061658 ], [ -156.459635959858048, 20.770845134725853 ], [ -156.459604241095832, 20.770686822186985 ], [ -156.459584741084058, 20.7704574158799 ], [ -156.4595457098211, 20.770326634598156 ], [ -156.459448147292875, 20.770124759550249 ], [ -156.459355459768091, 20.769994009520076 ], [ -156.459216428477788, 20.769702634450869 ], [ -156.459133490950308, 20.7694250406335 ], [ -156.459111522190511, 20.769273634346092 ], [ -156.459082272180723, 20.769172696821574 ], [ -156.459048115907024, 20.768679446698606 ], [ -156.459079865914049, 20.768679446697686 ], [ -156.459057865901599, 20.768447727890095 ], [ -156.459045678390055, 20.76817700907241 ], [ -156.459018834623748, 20.767860415243629 ], [ -156.459065178370366, 20.767442883887366 ], [ -156.459060303368005, 20.767403883877705 ], [ -156.45903836586308, 20.767401571377754 ], [ -156.459070053352036, 20.766848696237908 ], [ -156.459092022101629, 20.766688071196906 ], [ -156.459084709594208, 20.76651144615273 ], [ -156.459109084588164, 20.766160414813811 ], [ -156.459131053338439, 20.766020477278005 ], [ -156.459192022096659, 20.765857570985307 ], [ -156.459216428346423, 20.765685508441369 ], [ -156.459223740840685, 20.765460695884663 ], [ -156.459243240843193, 20.765405602120246 ], [ -156.459255459578969, 20.764887133239615 ], [ -156.459270084579202, 20.764795351966121 ], [ -156.459348147089855, 20.76459116441255 ], [ -156.459465209610812, 20.764439758121121 ], [ -156.459533522121319, 20.764297508083391 ], [ -156.459567678375322, 20.764189664305309 ], [ -156.459592053376412, 20.764056601771159 ], [ -156.459614022131063, 20.764049726768803 ], [ -156.459579865872172, 20.764010726759988 ], [ -156.459523772106394, 20.763907507985667 ], [ -156.459411584576088, 20.763740007946826 ], [ -156.459357897059817, 20.763606945414931 ], [ -156.459340803302894, 20.763510570391212 ], [ -156.459333490802322, 20.763542695399494 ], [ -156.459306678296372, 20.763542695400275 ], [ -156.459262740782293, 20.763409632868104 ], [ -156.459233490770714, 20.763253601579745 ], [ -156.459226178264743, 20.763120570296522 ], [ -156.459245678263215, 20.76294160150098 ], [ -156.459304240771445, 20.762797070212965 ], [ -156.459382272034901, 20.762677757680727 ], [ -156.459418865790468, 20.762602038910643 ], [ -156.45928470950895, 20.762546976400692 ], [ -156.459123740720116, 20.762450632631136 ], [ -156.459070053207796, 20.762436851379213 ], [ -156.459055428204124, 20.762423101376189 ], [ -156.459053021952826, 20.762400195120502 ], [ -156.459026178197348, 20.762413913874724 ], [ -156.458999334440875, 20.76239785137146 ], [ -156.45898224068489, 20.76233132010524 ], [ -156.458982240675539, 20.762044538783179 ], [ -156.459018834429685, 20.761922945001562 ], [ -156.459055428185536, 20.761854163733226 ], [ -156.459077365687705, 20.761771538711827 ], [ -156.459131053196586, 20.761679757437211 ], [ -156.459335928233571, 20.761422757366706 ], [ -156.459531084520904, 20.761241538565521 ], [ -156.459594490781939, 20.761149788540628 ], [ -156.459640834541204, 20.76111994478179 ], [ -156.459718897055012, 20.761012132252443 ], [ -156.459750615811316, 20.760991475996327 ], [ -156.459772553314565, 20.760941007233015 ], [ -156.459843303326608, 20.760830882203294 ], [ -156.459904272081502, 20.760567038385236 ], [ -156.459918928326573, 20.760316944571958 ], [ -156.45990183456874, 20.760193069541327 ], [ -156.459909147066838, 20.760085225764019 ], [ -156.459899397060326, 20.759952163230867 ], [ -156.459787209520272, 20.75948641311706 ], [ -156.4597530532549, 20.759247788058087 ], [ -156.459716459491602, 20.759089475519367 ], [ -156.459714021985917, 20.75893119422966 ], [ -156.459704271983668, 20.758928881729371 ], [ -156.459718896970429, 20.758424131602101 ], [ -156.459738428218543, 20.758233694053672 ], [ -156.4597603657202, 20.758137350278833 ], [ -156.459828678209277, 20.757338943826234 ], [ -156.459835990703851, 20.757123256271829 ], [ -156.459826240681963, 20.756519818620468 ], [ -156.459757928157728, 20.756239912302107 ], [ -156.459757928153465, 20.756109131019247 ], [ -156.459692053132301, 20.75590953722099 ], [ -156.459665240622257, 20.755783349690059 ], [ -156.459626209331105, 20.754787568190959 ], [ -156.459643271829833, 20.754633849401841 ], [ -156.459623771814734, 20.754303474319386 ], [ -156.459631084312093, 20.75417269303631 ], [ -156.459645709313719, 20.754124505523784 ], [ -156.459645709309541, 20.753996005491494 ], [ -156.459601803041352, 20.753736755427614 ], [ -156.459587178023554, 20.753291630316191 ], [ -156.45957255301721, 20.753195286542393 ], [ -156.459511552997498, 20.753007098996871 ], [ -156.459401802946473, 20.752188005044221 ], [ -156.459426177942618, 20.751905786222601 ], [ -156.459421302928547, 20.75150656737242 ], [ -156.459306677882978, 20.750889348470647 ], [ -156.459231052857149, 20.750611723403068 ], [ -156.459148115331487, 20.750389160849544 ], [ -156.459016396543205, 20.750109254533012 ], [ -156.458974927782435, 20.750061067022106 ], [ -156.45892370901808, 20.74996928575052 ], [ -156.458889552756034, 20.749831629466922 ], [ -156.458845646493756, 20.749753598198577 ], [ -156.458794427727298, 20.749597598160854 ], [ -156.458713927703997, 20.749430098121099 ], [ -156.458662708937425, 20.749269473082215 ], [ -156.458601740170536, 20.74916622305803 ], [ -156.458506583895286, 20.74903772302849 ], [ -156.458352927602078, 20.74875781671259 ], [ -156.458335896345915, 20.748684379194632 ], [ -156.45823583381582, 20.74844116038641 ], [ -156.458223646308937, 20.748312691604479 ], [ -156.45819192754783, 20.748188785324256 ], [ -156.458182177542113, 20.748078629046859 ], [ -156.458128521275256, 20.747927191510364 ], [ -156.457913864969555, 20.747677097703722 ], [ -156.457838239949041, 20.747562378927078 ], [ -156.457757739925739, 20.747394878887309 ], [ -156.457626052382807, 20.746972691285031 ], [ -156.457604083620595, 20.746747816229167 ], [ -156.457494302325387, 20.746107659821476 ], [ -156.457494302316775, 20.74584378475517 ], [ -156.457513833565827, 20.745683159714243 ], [ -156.457560177323387, 20.745600565942155 ], [ -156.457679708597084, 20.745515659667369 ], [ -156.457769958615671, 20.745472065903801 ], [ -156.457872396135741, 20.74539178463068 ], [ -156.457891896135806, 20.745260972097238 ], [ -156.457865083623062, 20.745052190795551 ], [ -156.457823614859734, 20.744925972015039 ], [ -156.457808989856062, 20.744912222012005 ], [ -156.457752864836294, 20.744687346957125 ], [ -156.457613833545139, 20.744370659381556 ], [ -156.45756508352693, 20.74414353432589 ], [ -156.4574187084865, 20.74389803426844 ], [ -156.457289427191455, 20.743395502895893 ], [ -156.457230864666627, 20.743032971556492 ], [ -156.457165020892603, 20.742743846485752 ], [ -156.457143083378639, 20.742463908916047 ], [ -156.457043052092018, 20.742021065057656 ], [ -156.457006458325253, 20.741757189992413 ], [ -156.457008895814539, 20.741410689905273 ], [ -156.45696011454487, 20.741139939838657 ], [ -156.456952802039098, 20.741011439806581 ], [ -156.456928427031727, 20.740951783542293 ], [ -156.456906458272442, 20.740816408508906 ], [ -156.456843052002029, 20.740621345961724 ], [ -156.456804020732676, 20.7402932208804 ], [ -156.456752770712399, 20.740020158313275 ], [ -156.45662595817052, 20.739597970710861 ], [ -156.456601551891168, 20.738863689277061 ], [ -156.456621051892796, 20.738781064255733 ], [ -156.456621051881257, 20.738427689166944 ], [ -156.456635708132268, 20.73835890789924 ], [ -156.456630801875207, 20.738175282853241 ], [ -156.456645426876037, 20.738101876584366 ], [ -156.456589364347622, 20.737610845212608 ], [ -156.456586926842789, 20.737480001429809 ], [ -156.45655761433008, 20.737289595132811 ], [ -156.45655033307176, 20.737085345081692 ], [ -156.456496676799532, 20.736766376253101 ], [ -156.456362520509316, 20.736445126176253 ], [ -156.456345426753444, 20.736380907410616 ], [ -156.456342989249407, 20.736273063633583 ], [ -156.456316176737772, 20.736098626090524 ], [ -156.456252739217945, 20.735921938547968 ], [ -156.456189332945769, 20.735674125987526 ], [ -156.456157614179375, 20.735384969665791 ], [ -156.45606980164942, 20.735063719587604 ], [ -156.45607467664658, 20.73494440705749 ], [ -156.456028332877963, 20.734687406994247 ], [ -156.455923457841863, 20.734292719398105 ], [ -156.455779520305441, 20.734155031867669 ], [ -156.455747832795765, 20.734072406847819 ], [ -156.455738051540976, 20.733992094327935 ], [ -156.455635614006582, 20.733634125490934 ], [ -156.455511207720008, 20.733356469174769 ], [ -156.455450238949538, 20.733143062872905 ], [ -156.455350238921909, 20.732975531583694 ], [ -156.455289238904157, 20.732844750302593 ], [ -156.455264863898066, 20.732824094048112 ], [ -156.455206301382134, 20.732732281526733 ], [ -156.455003863829774, 20.732502843974924 ], [ -156.454967270070767, 20.73247528146905 ], [ -156.454764801268453, 20.732245812667248 ], [ -156.454355019914431, 20.731839656327018 ], [ -156.454118394855044, 20.731626250030235 ], [ -156.454040363584426, 20.731522968756536 ], [ -156.453989113571652, 20.731479374997065 ], [ -156.453952519811509, 20.731417406232545 ], [ -156.45373789475687, 20.731199406183965 ], [ -156.453701300997182, 20.731151218672917 ], [ -156.453659832234791, 20.731052562399327 ], [ -156.453576894712739, 20.730940156123474 ], [ -156.453459832180187, 20.73073587482553 ], [ -156.453379300909177, 20.73063949980363 ], [ -156.45328908213483, 20.730506406022791 ], [ -156.453184175858013, 20.730396249748146 ], [ -156.453140269596275, 20.73033431223385 ], [ -156.452974394554246, 20.730171374697697 ], [ -156.452954894548697, 20.730134655939032 ], [ -156.452791457007294, 20.729974030903389 ], [ -156.45273048824123, 20.729895999635545 ], [ -156.452667050725296, 20.729838624622953 ], [ -156.452393863158875, 20.729657343335298 ], [ -156.451993831814121, 20.729469155799556 ], [ -156.451810894271546, 20.729404905788694 ], [ -156.451742581754559, 20.729347562026256 ], [ -156.451518175450843, 20.729225937002173 ], [ -156.451447456683155, 20.729163968238637 ], [ -156.451298644147357, 20.729076749471027 ], [ -156.451093769095507, 20.728877124426774 ], [ -156.450920581552708, 20.728741718147756 ], [ -156.45090345654711, 20.728686655634412 ], [ -156.450803487771992, 20.728594843114234 ], [ -156.450664456488425, 20.728509936846908 ], [ -156.45052298770355, 20.728402093073896 ], [ -156.450376612668975, 20.728335530561381 ], [ -156.450235143883077, 20.728195561780304 ], [ -156.450215643878551, 20.728188686779138 ], [ -156.450208300126036, 20.728161155522432 ], [ -156.450332518893987, 20.727868592945338 ], [ -156.450332518878412, 20.727391030325343 ], [ -156.45054730016102, 20.726931842703774 ], [ -156.450332518824524, 20.725737842409963 ], [ -156.450410612576832, 20.725278623542319 ], [ -156.4501958625209, 20.725021467233908 ], [ -156.450234893774194, 20.724856123441242 ], [ -156.450059174985256, 20.724856123446312 ], [ -156.4494539248374, 20.724433654607623 ], [ -156.448380080765759, 20.721861966492437 ], [ -156.447950518117352, 20.720227122344056 ], [ -156.44802864313283, 20.720171997327963 ], [ -156.447911455591935, 20.719712778465954 ], [ -156.447970049342302, 20.719327028367346 ], [ -156.448341018151751, 20.718628934431248 ], [ -156.44834101814277, 20.718353434362029 ], [ -156.447345267878546, 20.71701243405381 ], [ -156.446993830264802, 20.715910246287017 ], [ -156.446935236470125, 20.714936621044085 ], [ -156.447189080265588, 20.714605964703676 ], [ -156.447208580257353, 20.714220183356193 ], [ -156.447579549076352, 20.713816058243971 ], [ -156.447657642835281, 20.713558870677097 ], [ -156.447403830282639, 20.713669089462112 ], [ -156.447013330190146, 20.713485370677205 ], [ -156.446779048865551, 20.712787308008572 ], [ -156.446661892562048, 20.711942276549639 ], [ -156.446857142588556, 20.711427901414783 ], [ -156.446818080076895, 20.711336057642821 ], [ -156.446993830114053, 20.711280932623904 ], [ -156.447013330114771, 20.711170713845657 ], [ -156.446525236251887, 20.711023745072804 ], [ -156.446505704986777, 20.710693088740285 ], [ -156.446622829995988, 20.710178713607675 ], [ -156.446290923654516, 20.709627588478778 ], [ -156.446622829962507, 20.709149963349208 ], [ -156.446661892458536, 20.708764150751147 ], [ -156.446837611231928, 20.70828652562609 ], [ -156.446818079973411, 20.708157931844344 ], [ -156.446408079869428, 20.707753744254603 ], [ -156.446310423589466, 20.707496556692803 ], [ -156.446486173618808, 20.707202619113893 ], [ -156.44681807993453, 20.706963806544326 ], [ -156.447071923722234, 20.706394306393928 ], [ -156.447481923808255, 20.70624733759518 ], [ -156.447579548825075, 20.706100368805448 ], [ -156.447520955038783, 20.705383899877134 ], [ -156.447638111296783, 20.704832743485284 ], [ -156.447442892492774, 20.704502055907824 ], [ -156.447501454992022, 20.704079524549986 ], [ -156.44740382996261, 20.7038407119928 ], [ -156.447091423641609, 20.703785586987951 ], [ -156.446915704847925, 20.703638618206096 ], [ -156.446720486063043, 20.703895805776334 ], [ -156.446427579740401, 20.703656961974769 ], [ -156.446447110989368, 20.703491649432671 ], [ -156.446232329682232, 20.703197711865016 ], [ -156.446251860922786, 20.70277514925829 ], [ -156.446076142122536, 20.702426086675658 ], [ -156.44621282965042, 20.702352586653248 ], [ -156.446427579687196, 20.702021899063983 ], [ -156.446173767130404, 20.702003524066683 ], [ -156.445959017075637, 20.701783086517473 ], [ -156.445841860777591, 20.701103336350087 ], [ -156.44584186074951, 20.700239836133147 ], [ -156.446154267038168, 20.699302867138744 ], [ -156.446095704520474, 20.69915589835351 ], [ -156.445802829451992, 20.699045679584252 ], [ -156.445217048055525, 20.698531241971892 ], [ -156.445099923018233, 20.698182179387562 ], [ -156.444982766710041, 20.6971900853917 ], [ -156.445060891669328, 20.695407959941726 ], [ -156.445217047943771, 20.695095647358769 ], [ -156.44537326672895, 20.695113991108872 ], [ -156.445607579266493, 20.694673053491346 ], [ -156.445178016660606, 20.694342365920651 ], [ -156.444924204093041, 20.69399327209025 ], [ -156.444748485283839, 20.693368615688378 ], [ -156.444768016516036, 20.692688803017035 ], [ -156.445041329052628, 20.691953896574535 ], [ -156.445256110344246, 20.691770177772195 ], [ -156.445295172846301, 20.691568083970303 ], [ -156.445529454147618, 20.691549708958931 ], [ -156.44554898539775, 20.691421083926052 ], [ -156.445178016561414, 20.691292458904432 ], [ -156.444416578876059, 20.690778021297128 ], [ -156.444045578778372, 20.690300333687802 ], [ -156.44404557875626, 20.689620521017019 ], [ -156.44431892254886, 20.689069333370668 ], [ -156.444397078794054, 20.688389520697637 ], [ -156.444748485112342, 20.688095551863661 ], [ -156.444826578870646, 20.687819958042184 ], [ -156.444650860058431, 20.687103364117217 ], [ -156.44494373510355, 20.68649705145647 ], [ -156.444963235092388, 20.686019332585893 ], [ -156.444826578801923, 20.685706988761364 ], [ -156.444553234981868, 20.685413019945386 ], [ -156.444104172373443, 20.685137394889072 ], [ -156.443928453569583, 20.684678051028737 ], [ -156.443557484718951, 20.684108457146323 ], [ -156.44345985965731, 20.682877425589879 ], [ -156.443498890887327, 20.681995456617198 ], [ -156.443616047161441, 20.681940331599975 ], [ -156.443772234666767, 20.681040018869307 ], [ -156.44412370348266, 20.680672487516865 ], [ -156.444240828508583, 20.680672487513494 ], [ -156.444260359765906, 20.680764393786017 ], [ -156.445021828677341, 20.680543893708712 ], [ -156.445119453692399, 20.680341768655119 ], [ -156.445060891166293, 20.679937549805263 ], [ -156.44535373497277, 20.679680299732201 ], [ -156.445431828732296, 20.679441455919957 ], [ -156.445178016173116, 20.679349580904194 ], [ -156.444885141100485, 20.679110705852612 ], [ -156.444787516067521, 20.678761580767713 ], [ -156.444826578537942, 20.677585642971192 ], [ -156.444455609692682, 20.677181361630307 ], [ -156.444397078419001, 20.676850611548907 ], [ -156.444182265870182, 20.676813861545856 ], [ -156.443928453305034, 20.676538236483925 ], [ -156.443733203248087, 20.676115642633388 ], [ -156.44373320323794, 20.675803298804915 ], [ -156.443889390758784, 20.675380642444249 ], [ -156.443713671953788, 20.674884517324674 ], [ -156.444279890810634, 20.674314860915281 ], [ -156.444475140853257, 20.674296517155057 ], [ -156.444318922064497, 20.674167892127237 ], [ -156.444279890796309, 20.673873892054505 ], [ -156.444026078234117, 20.673690110765648 ], [ -156.444045578218152, 20.673065360608152 ], [ -156.444279890759304, 20.672734610518322 ], [ -156.444553234568644, 20.672697860501223 ], [ -156.444611859572632, 20.672422235430304 ], [ -156.444065109440828, 20.672091485362948 ], [ -156.444026078167269, 20.671632110248677 ], [ -156.44414320318009, 20.671227860143755 ], [ -156.443947984386853, 20.671227860149372 ], [ -156.443616046808586, 20.67108082887199 ], [ -156.443342702987309, 20.670750078796772 ], [ -156.44314745292678, 20.670217203668532 ], [ -156.443147452909443, 20.669684297284658 ], [ -156.443381765455371, 20.66950051598176 ], [ -156.443713671753812, 20.668728765778347 ], [ -156.443811296759321, 20.668232609400906 ], [ -156.444221328099474, 20.6682142343845 ], [ -156.444318921860344, 20.667883484298606 ], [ -156.443987015522538, 20.667442452947366 ], [ -156.444279890574279, 20.667038202837389 ], [ -156.444299421821427, 20.66681767153144 ], [ -156.444065109264159, 20.666652296496636 ], [ -156.443108452802363, 20.666652296524155 ], [ -156.442503140154628, 20.666229640185399 ], [ -156.442893671479169, 20.665862108831842 ], [ -156.442600796404776, 20.665568108766415 ], [ -156.442366483835599, 20.665035202389298 ], [ -156.442366483820081, 20.664557421019275 ], [ -156.44224935878637, 20.664318514712637 ], [ -156.442503140074706, 20.663767233316854 ], [ -156.441995514950321, 20.663399701989139 ], [ -156.441995514940174, 20.663087295660656 ], [ -156.441839327399066, 20.662885170614377 ], [ -156.441761202363864, 20.662333857978144 ], [ -156.44131213974714, 20.661800951607191 ], [ -156.441644077269927, 20.660238919955283 ], [ -156.442561733707606, 20.659761138558878 ], [ -156.442756983741248, 20.65946710722941 ], [ -156.442756983730533, 20.65913632589632 ], [ -156.44250313991364, 20.658805544570537 ], [ -156.442366483635141, 20.658860669588307 ], [ -156.442229796100122, 20.658713669555311 ], [ -156.442190764824744, 20.658199106927189 ], [ -156.441995514773765, 20.657960200622782 ], [ -156.441975983504506, 20.657500794257949 ], [ -156.442249358564453, 20.657482387995479 ], [ -156.442132171036121, 20.657408887980381 ], [ -156.442737452408807, 20.657059700375264 ], [ -156.443069358717992, 20.656618669004946 ], [ -156.44320604623573, 20.656232731404067 ], [ -156.443850327624773, 20.656122481357858 ], [ -156.443479390035492, 20.655901950063125 ], [ -156.44345985877402, 20.655681418758295 ], [ -156.44334270249567, 20.6556079187432 ], [ -156.443694140055015, 20.65503819984 ], [ -156.443694140035348, 20.654431762187677 ], [ -156.443166983651338, 20.653898824568955 ], [ -156.442151702174186, 20.653825293329682 ], [ -156.44156595203674, 20.653586387036519 ], [ -156.441331670728317, 20.653384230742471 ], [ -156.441312139465055, 20.653108574423783 ], [ -156.441019264388871, 20.652759386844497 ], [ -156.441077826880957, 20.652116199181261 ], [ -156.441175451900222, 20.652042667909978 ], [ -156.441175451889478, 20.651711855326891 ], [ -156.441468326921495, 20.650701073814581 ], [ -156.441644076952088, 20.650443792494912 ], [ -156.441917420758415, 20.650315136204743 ], [ -156.442112639554637, 20.650407042472217 ], [ -156.442229795841911, 20.650756198806551 ], [ -156.442366483372155, 20.650756198802618 ], [ -156.442444577135262, 20.650627573768059 ], [ -156.442425045864837, 20.650131354893983 ], [ -156.442015045766908, 20.649910823600386 ], [ -156.442015045759746, 20.649690292294988 ], [ -156.442288389561327, 20.649414635967894 ], [ -156.442932702212914, 20.649690292268616 ], [ -156.443225577276564, 20.649653542250963 ], [ -156.442893670948934, 20.649524885978192 ], [ -156.442796014673121, 20.649396229698684 ], [ -156.442893670936996, 20.649157323385865 ], [ -156.442835077172219, 20.649102198373697 ], [ -156.443147452227095, 20.648661104503937 ], [ -156.443069358449065, 20.648330323173099 ], [ -156.442717920855159, 20.647834104308554 ], [ -156.442874108375435, 20.647393010443281 ], [ -156.442971733370769, 20.646584353987365 ], [ -156.443225577161513, 20.646106541360055 ], [ -156.443791764769571, 20.64557354120991 ], [ -156.444475139921423, 20.645591947444899 ], [ -156.444689889948165, 20.644948697277165 ], [ -156.445412327601503, 20.644746509705627 ], [ -156.445802827681433, 20.644544384643627 ], [ -156.446505702839374, 20.644617853391889 ], [ -156.446388546559263, 20.644489197112936 ], [ -156.446369015289463, 20.644011353243481 ], [ -156.446173765236097, 20.64369894692063 ], [ -156.44603710892784, 20.642835102957587 ], [ -156.44634948397433, 20.642136696523199 ], [ -156.446427577724307, 20.641603727637097 ], [ -156.446759515275176, 20.640905321202144 ], [ -156.44683760902754, 20.640445852334501 ], [ -156.44720857784182, 20.639894477185365 ], [ -156.448028640504845, 20.639324695768703 ], [ -156.448926734442921, 20.638993883159806 ], [ -156.450683953578363, 20.638883601831612 ], [ -156.450937797376184, 20.638626320509701 ], [ -156.451152578659418, 20.63818519539273 ], [ -156.451308766189243, 20.638038132851314 ], [ -156.451621141254833, 20.637927882814648 ], [ -156.45173829752062, 20.637615413982811 ], [ -156.45203117258248, 20.63752350770131 ], [ -156.452167828840061, 20.63682510127197 ], [ -156.452363078879671, 20.636714819988672 ], [ -156.452987860265608, 20.636641288702254 ], [ -156.453222172812104, 20.636475882403975 ], [ -156.453300266562735, 20.635961257272488 ], [ -156.45308548524909, 20.635465007154032 ], [ -156.453046453992243, 20.635520132168992 ], [ -156.452851203941265, 20.635281194614596 ], [ -156.452050703747375, 20.634766569508358 ], [ -156.451816391183598, 20.634398944422763 ], [ -156.451855453683919, 20.63414163185702 ], [ -156.452480235062069, 20.633829194260603 ], [ -156.452655953842054, 20.633553475436305 ], [ -156.452655953833698, 20.633296162871687 ], [ -156.452402141271534, 20.633112350332805 ], [ -156.452245922493518, 20.633314537888083 ], [ -156.45085967219498, 20.63357185049253 ], [ -156.450469203357386, 20.633535100494516 ], [ -156.449239140566618, 20.632965350386765 ], [ -156.448848640463495, 20.632450662768733 ], [ -156.446993827515968, 20.631311100035813 ], [ -156.445783295959899, 20.630134756025143 ], [ -156.444846108205411, 20.628682693187372 ], [ -156.444299420525454, 20.626863005246076 ], [ -156.443674607865091, 20.626182911343218 ], [ -156.443147451485885, 20.625796911261407 ], [ -156.44310845146353, 20.625374098656344 ], [ -156.442796013893798, 20.625355754910707 ], [ -156.442600795097633, 20.625263848643225 ], [ -156.442483607556198, 20.624785942276567 ], [ -156.442268857501546, 20.624565379727343 ], [ -156.442015044942337, 20.624473473461542 ], [ -156.441565951092969, 20.624473473474431 ], [ -156.441390232299284, 20.624326442192547 ], [ -156.441097388465437, 20.623738223303235 ], [ -156.441077825952163, 20.623462504484543 ], [ -156.440921638413414, 20.62333384820672 ], [ -156.440453075806118, 20.623223535692468 ], [ -156.440277325739856, 20.622378004235159 ], [ -156.439945419407422, 20.622102285425441 ], [ -156.439769700605439, 20.621697879078926 ], [ -156.439262075485942, 20.621477316538101 ], [ -156.439262075480599, 20.621311878996547 ], [ -156.439476825523343, 20.621164816453458 ], [ -156.439652544299747, 20.620778847601478 ], [ -156.439672044293388, 20.620447941267813 ], [ -156.439437794215934, 20.619657534826032 ], [ -156.439047294113976, 20.619179597217215 ], [ -156.438910606565912, 20.618628159582642 ], [ -156.438578700223985, 20.618058315699059 ], [ -156.438305356405749, 20.617819346896884 ], [ -156.437836762560352, 20.618076690724962 ], [ -156.437563418745668, 20.617948034450496 ], [ -156.43752432495728, 20.617028971720796 ], [ -156.437875825030943, 20.616900252928385 ], [ -156.43807107506521, 20.616624502853533 ], [ -156.438012481298642, 20.616514221577518 ], [ -156.437797699999351, 20.616459065319827 ], [ -156.437739137482197, 20.6163304090392 ], [ -156.438051543778158, 20.615613502600198 ], [ -156.438149168797992, 20.615558346333547 ], [ -156.438032012504777, 20.615025252453016 ], [ -156.437661043660228, 20.614639221116718 ], [ -156.437680574904391, 20.614326721037674 ], [ -156.43756341862786, 20.614308377286431 ], [ -156.437016730986613, 20.613683345895151 ], [ -156.436938637203298, 20.613187033272744 ], [ -156.436997199710902, 20.613021595729514 ], [ -156.436899574679785, 20.612727439408449 ], [ -156.436743387141632, 20.612617158135233 ], [ -156.436821480900022, 20.612341439313749 ], [ -156.436723855875414, 20.612249501793453 ], [ -156.437016730937273, 20.612157595511981 ], [ -156.437329105998685, 20.611918626693004 ], [ -156.437504824775658, 20.611550970345629 ], [ -156.437543887268248, 20.611054626469858 ], [ -156.437934387345166, 20.61076053263481 ], [ -156.439398731418692, 20.610742126338177 ], [ -156.439964950279744, 20.610300907461131 ], [ -156.440492106607735, 20.609106063395945 ], [ -156.440121137761963, 20.608683219550407 ], [ -156.440277325246001, 20.607120656653525 ], [ -156.440218762717564, 20.606642687785175 ], [ -156.440999762851163, 20.605429406208096 ], [ -156.441273075389631, 20.604749187279442 ], [ -156.441273075383094, 20.604546999728679 ], [ -156.441097387834731, 20.604252843409839 ], [ -156.440511637703281, 20.604197655912778 ], [ -156.439847793799828, 20.60399546838104 ], [ -156.439750168774054, 20.603866780851522 ], [ -156.439340168683316, 20.603866780863274 ], [ -156.438832512312018, 20.603591030808595 ], [ -156.437973418366482, 20.603425593291686 ], [ -156.437739137060476, 20.603296905766086 ], [ -156.437641512028193, 20.602965999435789 ], [ -156.437368168212345, 20.602800530652072 ], [ -156.437446261970706, 20.602524780580591 ], [ -156.437368168200464, 20.602432843059738 ], [ -156.437446261946945, 20.601789436645923 ], [ -156.437114324352677, 20.60114596774385 ], [ -156.436567667977471, 20.601017280227204 ], [ -156.436430980442481, 20.600870217694204 ], [ -156.436509074204395, 20.600704780150412 ], [ -156.436470074189259, 20.600502530100737 ], [ -156.436821480514055, 20.600410623817591 ], [ -156.437133886823091, 20.600098092480149 ], [ -156.437114324295578, 20.599381123550664 ], [ -156.436509074152696, 20.599105342248766 ], [ -156.435044730029261, 20.597579435657551 ], [ -156.434576136170222, 20.597413998129444 ], [ -156.434537073663961, 20.597487529399032 ], [ -156.434048979807699, 20.597542685676864 ], [ -156.433775635989463, 20.597303685624688 ], [ -156.433560854677069, 20.596844060515416 ], [ -156.433385135884038, 20.596715372988132 ], [ -156.432369854411718, 20.596788966785716 ], [ -156.432037948084655, 20.596678591767514 ], [ -156.431959854319757, 20.596752154288222 ], [ -156.431706010509401, 20.596623435513173 ], [ -156.4315693542232, 20.59643959172092 ], [ -156.431081229128864, 20.596862435591092 ], [ -156.430807885319552, 20.596899216858159 ], [ -156.430339322703361, 20.59651315427465 ], [ -156.430378353956087, 20.596329279227344 ], [ -156.430573603998056, 20.596292529212519 ], [ -156.430515010197695, 20.595134310173343 ], [ -156.430300260156088, 20.595318153975665 ], [ -156.429655947520047, 20.595520372794912 ], [ -156.429421634963433, 20.595373310264698 ], [ -156.429089728620312, 20.594766591371847 ], [ -156.428699228542825, 20.595042372702299 ], [ -156.428347790965063, 20.595042372712363 ], [ -156.428015884634448, 20.594821747666465 ], [ -156.427605853316862, 20.595538747858264 ], [ -156.427430134532727, 20.595685841650241 ], [ -156.427098228209275, 20.595685841659751 ], [ -156.42686391565266, 20.59553874787952 ], [ -156.426824853136907, 20.595318154075251 ], [ -156.42692247815134, 20.595097529017043 ], [ -156.426649134326595, 20.594656278914062 ], [ -156.425516696625834, 20.596200623084336 ], [ -156.424755258962648, 20.596366060647707 ], [ -156.424208571333935, 20.59612706060334 ], [ -156.423603321199948, 20.596127060620677 ], [ -156.423700914973324, 20.596182216881733 ], [ -156.423661883721849, 20.596402841938254 ], [ -156.423876665033021, 20.596825685788296 ], [ -156.423739977513463, 20.597156623375323 ], [ -156.423486164963862, 20.597358842183372 ], [ -156.422802789811954, 20.597340404698322 ], [ -156.422802789823265, 20.597689748536048 ], [ -156.422666133547153, 20.597818436072284 ], [ -156.422861383598729, 20.598075811131327 ], [ -156.423232321185566, 20.598222904907637 ], [ -156.423486164998877, 20.59844349870577 ], [ -156.423349477472186, 20.598553811237391 ], [ -156.423173758683305, 20.598553811242429 ], [ -156.422763789833596, 20.598278061184924 ], [ -156.422529446031774, 20.598278061191635 ], [ -156.422627071061072, 20.598517061248863 ], [ -156.422490414782601, 20.598572217516622 ], [ -156.422470883533663, 20.598737655058731 ], [ -156.422295164747737, 20.598829592586846 ], [ -156.422119477205854, 20.598737655068803 ], [ -156.42256850858081, 20.599528217754468 ], [ -156.422568508597465, 20.600042936633734 ], [ -156.422373258560725, 20.600245186690124 ], [ -156.421826570939714, 20.600245186705781 ], [ -156.42122132078913, 20.599730405343845 ], [ -156.421201789515777, 20.599142123946663 ], [ -156.421045601981234, 20.59914212395114 ], [ -156.420264601794713, 20.598719280117322 ], [ -156.41936647656442, 20.597744904898345 ], [ -156.419366476551943, 20.597358842301386 ], [ -156.418780726422312, 20.597358842318162 ], [ -156.418624538893624, 20.597542686118803 ], [ -156.417999726255346, 20.597542686136698 ], [ -156.417804476204992, 20.597322061086885 ], [ -156.417882569959829, 20.596935998487695 ], [ -156.417687319910669, 20.596752154697111 ], [ -156.417414007348953, 20.596715373445701 ], [ -156.417257819825096, 20.597046311033289 ], [ -156.416867319738657, 20.597046311044473 ], [ -156.416672069689497, 20.596862436003882 ], [ -156.416672069680601, 20.596586685934632 ], [ -156.416125413309601, 20.596586685950282 ], [ -156.415773944475831, 20.596402842164178 ], [ -156.415617725675247, 20.595906435793985 ], [ -156.415188194313515, 20.595391685677011 ], [ -156.415324850589627, 20.595262998140775 ], [ -156.415071038028088, 20.595097529356487 ], [ -156.415032006761749, 20.594858529297589 ], [ -156.41487581922658, 20.59484015429744 ], [ -156.414836725460816, 20.594619529243158 ], [ -156.414602444157737, 20.594582747990621 ], [ -156.41444625662794, 20.594729841782037 ], [ -156.4138995689909, 20.594233435423021 ], [ -156.413762912699951, 20.593902529093832 ], [ -156.414290069048263, 20.593332591435605 ], [ -156.414192412774241, 20.593259028919928 ], [ -156.414543881593744, 20.593001653845228 ], [ -156.414641506605847, 20.59270749751855 ], [ -156.414055756448903, 20.59186177857293 ], [ -156.414055756442934, 20.591677934776762 ], [ -156.413723850108795, 20.591346997203146 ], [ -156.41341144378967, 20.591346997212096 ], [ -156.4131380999643, 20.59088737210449 ], [ -156.413216193739885, 20.59114474716689 ], [ -156.413099037461564, 20.591071215901778 ], [ -156.413040474914766, 20.590023246890258 ], [ -156.413196693686302, 20.589618778034215 ], [ -156.413235724947327, 20.589692309301569 ], [ -156.41352860000211, 20.589379777964698 ], [ -156.413352881214365, 20.589416559228962 ], [ -156.413801943801303, 20.589030434119142 ], [ -156.414368162673071, 20.588920121575228 ], [ -156.414407193921022, 20.588589183990997 ], [ -156.414172912606091, 20.588184715146131 ], [ -156.414211943843384, 20.587522839978796 ], [ -156.414563412650409, 20.58687933980713 ], [ -156.414700068915806, 20.586419683437782 ], [ -156.414641506398084, 20.586272589652523 ], [ -156.413860506209801, 20.585794558304826 ], [ -156.413665256158879, 20.585555558250388 ], [ -156.413684787391844, 20.58489368308361 ], [ -156.413430974823171, 20.584507557993909 ], [ -156.413118599746952, 20.584286932947446 ], [ -156.413001443436599, 20.583220495182985 ], [ -156.412786662136682, 20.583146963920658 ], [ -156.412786662131339, 20.582981495129115 ], [ -156.412556943327132, 20.58287571385911 ], [ -156.44752395073732, 20.572709710305315 ], [ -156.448900576067246, 20.573494241712851 ], [ -156.450094076352144, 20.574139366840619 ], [ -156.451126295354527, 20.574881241997311 ], [ -156.452093983096802, 20.575752210938251 ], [ -156.453319733410751, 20.577074742485177 ], [ -156.453739077274378, 20.577719867635128 ], [ -156.454351952419387, 20.578010180190446 ], [ -156.455545452698061, 20.578461774019619 ], [ -156.456513171670537, 20.578719836556676 ], [ -156.457319578112504, 20.579139180388843 ], [ -156.457771203222848, 20.57946174295688 ], [ -156.45841629712811, 20.579848805535566 ], [ -156.459319484834197, 20.580042368058269 ], [ -156.462512923076275, 20.581139086992049 ], [ -156.463577392085796, 20.581880993397785 ], [ -156.463932204693521, 20.582784181114359 ], [ -156.464061236007524, 20.583880900136005 ], [ -156.464190267345543, 20.585719556843927 ], [ -156.464190267370611, 20.586493713288291 ], [ -156.464545079990842, 20.587783994852053 ], [ -156.464770892566889, 20.588590401298049 ], [ -156.464899923923724, 20.591009683151754 ], [ -156.465125705246663, 20.591719308323434 ], [ -156.465512799152265, 20.593880496354945 ], [ -156.465383736666496, 20.595203027940705 ], [ -156.465480549234911, 20.596654590802377 ], [ -156.46570633057766, 20.597977122377959 ], [ -156.466125674464337, 20.599331903956084 ], [ -156.466706299642908, 20.600880216828163 ], [ -156.467028862246679, 20.601880185819972 ], [ -156.467351424836892, 20.602460810956494 ], [ -156.468093331283427, 20.603460748686256 ], [ -156.46889976899115, 20.604363936389877 ], [ -156.46912555030363, 20.604751030230592 ], [ -156.469835206740981, 20.605686467945084 ], [ -156.470157769333269, 20.606331624347806 ], [ -156.470415831912305, 20.60700899951048 ], [ -156.470802894513639, 20.607492843370842 ], [ -156.471867363503378, 20.607621874622662 ], [ -156.472673801174494, 20.607396093292813 ], [ -156.474254364000188, 20.606654155561131 ], [ -156.475641395543533, 20.606234842915999 ], [ -156.477447802194291, 20.606267092872219 ], [ -156.478641302458385, 20.606267092837928 ], [ -156.479383208866267, 20.606073561518006 ], [ -156.47989930271271, 20.605525186365512 ], [ -156.479899302690768, 20.604847811195441 ], [ -156.479608990104538, 20.604170404783705 ], [ -156.479028364954189, 20.603493029630318 ], [ -156.478350989788623, 20.60300912327828 ], [ -156.476609114363441, 20.60178340427057 ], [ -156.475802707915136, 20.601170529139868 ], [ -156.474996270188655, 20.599686716290485 ], [ -156.474802738866572, 20.598783528569275 ], [ -156.475673676457973, 20.595654621508711 ], [ -156.476060770270664, 20.594944965069434 ], [ -156.476738145397547, 20.594235308621808 ], [ -156.477512301821974, 20.594332089873888 ], [ -156.478092926954588, 20.594461121139609 ], [ -156.478738052114068, 20.594977246250661 ], [ -156.479350958516392, 20.595493340112633 ], [ -156.479737989861405, 20.595783652674399 ], [ -156.481286365223838, 20.596396527783799 ], [ -156.483318521929732, 20.59659005902402 ], [ -156.483802365783674, 20.596493308985828 ], [ -156.484382990900599, 20.596138465130064 ], [ -156.485931334958707, 20.595073996068358 ], [ -156.486415178808443, 20.594848214747781 ], [ -156.486931272665316, 20.594622402176263 ], [ -156.487673179079422, 20.59462240215495 ], [ -156.488350585482436, 20.594719183409794 ], [ -156.488834460597872, 20.594977245960681 ], [ -156.489350554473532, 20.595332058534922 ], [ -156.489705335814591, 20.595719152371903 ], [ -156.49012471092513, 20.596267496247521 ], [ -156.490124710944997, 20.596880371401383 ], [ -156.490027929682981, 20.597170683977037 ], [ -156.489866648422407, 20.597944840426024 ], [ -156.48915699207393, 20.5997512471499 ], [ -156.489253773362066, 20.60026734102669 ], [ -156.489576335942814, 20.600557653590311 ], [ -156.48986664850915, 20.600622153598149 ], [ -156.49054405490071, 20.600364122263908 ], [ -156.492239961497006, 20.599472715741388 ], [ -156.492493961569664, 20.599980715861616 ], [ -156.493188961759074, 20.601080716117792 ], [ -156.493599961874452, 20.601834747545279 ], [ -156.495306962339725, 20.604535716924275 ], [ -156.497190962840733, 20.607131717521828 ], [ -156.499245963375813, 20.609610718085083 ], [ -156.50062196372761, 20.611070718412034 ], [ -156.50153696396589, 20.612174749912878 ], [ -156.50335396443046, 20.614103719094878 ], [ -156.504593964778763, 20.616381719631089 ], [ -156.506300965244151, 20.619082720260042 ], [ -156.508185965745554, 20.621678720857513 ], [ -156.510240966280719, 20.624157721420712 ], [ -156.512458966847959, 20.626511721947814 ], [ -156.514829967444626, 20.628729722436358 ], [ -156.517344968068528, 20.630804722884832 ], [ -156.519460968586628, 20.632340723209488 ], [ -156.520337968804142, 20.633063723365712 ], [ -156.522986969452802, 20.634986723772133 ], [ -156.524118938476647, 20.635706723920251 ], [ -156.524981969937954, 20.63633272405254 ], [ -156.527756001859075, 20.638096724415405 ], [ -156.528607970812942, 20.638568724509319 ], [ -156.530121971188521, 20.639816724778964 ], [ -156.532771971837406, 20.6417397251853 ], [ -156.535544972508347, 20.643503694298126 ], [ -156.538431973199096, 20.645100725865756 ], [ -156.539041973343501, 20.645391725921193 ], [ -156.540534973700716, 20.646217726085478 ], [ -156.543521974407952, 20.647641695106721 ], [ -156.546599943879528, 20.648887726580661 ], [ -156.549754975862129, 20.649950726756416 ], [ -156.552975976603221, 20.650826726883274 ], [ -156.554362976919549, 20.651116726916015 ], [ -156.554715977000768, 20.651212726929916 ], [ -156.555867977264114, 20.651473726962152 ], [ -156.557987977746933, 20.651896727007088 ], [ -156.561299978495555, 20.652387727034643 ], [ -156.562352009981339, 20.652480758277591 ], [ -156.563780979054371, 20.652692727039497 ], [ -156.564959979318587, 20.652796695781529 ], [ -156.566767010977031, 20.653064695796573 ], [ -156.57010598047529, 20.653359727024114 ], [ -156.573457981219946, 20.653458726952042 ], [ -156.573723981278505, 20.653450758192356 ], [ -156.575147981594853, 20.653492726911704 ], [ -156.578499982333085, 20.653393726789936 ], [ -156.579908982640717, 20.653269726718062 ], [ -156.580261982718383, 20.65325872670509 ], [ -156.58216498313493, 20.653123726616162 ], [ -156.582164983134675, 20.653115445364076 ], [ -156.582313326931825, 20.653554945470098 ], [ -156.582941639589166, 20.654118195593298 ], [ -156.583706546030214, 20.65478747698916 ], [ -156.584471483718147, 20.655361164611016 ], [ -156.585427608934282, 20.655504602119361 ], [ -156.586335952896121, 20.655839258427076 ], [ -156.586622796728307, 20.656412946062769 ], [ -156.586192515411227, 20.657273446291196 ], [ -156.585379796517401, 20.658373071590713 ], [ -156.584806108913938, 20.659090134287297 ], [ -156.584710515175601, 20.660094072042039 ], [ -156.585045140293317, 20.661432697368358 ], [ -156.585714484228873, 20.662580072636977 ], [ -156.586431546931237, 20.663918666702212 ], [ -156.587244297140671, 20.664827010656676 ], [ -156.587865797325009, 20.666261198498674 ], [ -156.589108766409311, 20.668077886418679 ], [ -156.590112766679852, 20.669559918011611 ], [ -156.591116673203459, 20.671137543378524 ], [ -156.592311861000695, 20.67214151234591 ], [ -156.593124579949205, 20.672715199966362 ], [ -156.594558767807115, 20.673958168986815 ], [ -156.595801768121135, 20.675153356750794 ], [ -156.596901362140954, 20.675966075672932 ], [ -156.597857487393128, 20.677209075957222 ], [ -156.598287768774242, 20.678308669970757 ], [ -156.598765831440971, 20.680173107924883 ], [ -156.599339519143001, 20.682467858484252 ], [ -156.599913206816836, 20.683902077577624 ], [ -156.600534675738743, 20.684953827823609 ], [ -156.601443019724115, 20.686005609311273 ], [ -156.602542613737683, 20.686627078185388 ], [ -156.608327271290705, 20.687344203197636 ], [ -156.608948771451679, 20.688061297109609 ], [ -156.609139990265874, 20.688730609772051 ], [ -156.608805333962209, 20.689352109937754 ], [ -156.607466739952173, 20.69045167275258 ], [ -156.6078013962981, 20.691120985410883 ], [ -156.611482553435991, 20.693367923368076 ], [ -156.612486491159643, 20.69341570460093 ], [ -156.613490460158317, 20.694228454775807 ], [ -156.613729522726914, 20.694706517388862 ], [ -156.614781241731436, 20.695375798776332 ], [ -156.616072054518554, 20.695423611250874 ], [ -156.618742992570049, 20.694225735872685 ], [ -156.634339996072271, 20.695827735821865 ], [ -156.634204121062254, 20.696438673479154 ], [ -156.635338340097263, 20.697479361207385 ], [ -156.63639012161596, 20.698578892702791 ], [ -156.637919934498228, 20.699917486744287 ], [ -156.639449778624225, 20.701064861987806 ], [ -156.641362060347376, 20.702594706066176 ], [ -156.642605060647384, 20.703359612472021 ], [ -156.643656810870624, 20.703072768619457 ], [ -156.645425717497687, 20.70264254971006 ], [ -156.647768218037697, 20.703311831059924 ], [ -156.648724374508589, 20.703598643604099 ], [ -156.649537093455621, 20.704124518712447 ], [ -156.650588843707055, 20.704698206325833 ], [ -156.651449375169364, 20.705367518968789 ], [ -156.652835813001104, 20.706132425370434 ], [ -156.653935344511524, 20.70665833172044 ], [ -156.654748094703848, 20.707040769292771 ], [ -156.65584762620486, 20.707279800570774 ], [ -156.657903345409494, 20.707279800510964 ], [ -156.660054689627401, 20.707040769138391 ], [ -156.661106439856809, 20.706945144083786 ], [ -156.662970909015968, 20.706849550255544 ], [ -156.664213909308131, 20.707375425351341 ], [ -156.665409097102298, 20.708283769294507 ], [ -156.66646084736476, 20.709192113241848 ], [ -156.668707785413488, 20.710769769822345 ], [ -156.669329285547803, 20.710674113530256 ], [ -156.669902973160504, 20.710243863405577 ], [ -156.670094191932378, 20.709622363244055 ], [ -156.670476660755895, 20.709287738148948 ], [ -156.671098160888619, 20.709144300594851 ], [ -156.671528410993233, 20.709431144404299 ], [ -156.672436754984943, 20.710674113439783 ], [ -156.673010442622797, 20.711008769757058 ], [ -156.675783255734387, 20.710960957164318 ], [ -156.676356943378551, 20.711486832279569 ], [ -156.676309130880526, 20.711869301126946 ], [ -156.676261318467482, 20.714833364372151 ], [ -156.676356943501219, 20.715215770715321 ], [ -156.677074037428639, 20.715789489588406 ], [ -156.678078006414836, 20.716219770917128 ], [ -156.67922538166701, 20.716171958371707 ], [ -156.681376694617512, 20.715407051867089 ], [ -156.68228503855579, 20.715024582994651 ], [ -156.683671445112367, 20.715024582954257 ], [ -156.685679351817328, 20.715359239229716 ], [ -156.687543820985894, 20.715550457973375 ], [ -156.689312696388043, 20.715885114255794 ], [ -156.690603509182893, 20.716171958040146 ], [ -156.691703071938576, 20.716554395604057 ], [ -156.693137291013556, 20.716793458122236 ], [ -156.693997822471175, 20.717319333229103 ], [ -156.6957188541883, 20.719948708838704 ], [ -156.696675010671783, 20.720618021478774 ], [ -156.697774573436931, 20.721287334114653 ], [ -156.698491698625475, 20.722195646821653 ], [ -156.698587292432791, 20.723295209594777 ], [ -156.69830044864301, 20.724012334783087 ], [ -156.69810922989484, 20.725350928874551 ], [ -156.698491698751496, 20.726020241531348 ], [ -156.699639074024105, 20.726593929141835 ], [ -156.702555293448825, 20.727502273034677 ], [ -156.704037325026547, 20.72750227299143 ], [ -156.706236450512762, 20.727502272927257 ], [ -156.709917607560868, 20.727024147699861 ], [ -156.711065014067742, 20.727119803940372 ], [ -156.714602733614072, 20.727550053945055 ], [ -156.715606671335991, 20.727550053915749 ], [ -156.716754046578671, 20.727215428798285 ], [ -156.717662390508963, 20.726593928615827 ], [ -156.718475109410264, 20.725733397126191 ], [ -156.718666328159941, 20.724442615546753 ], [ -156.718475109347196, 20.723821115396401 ], [ -156.717757952880277, 20.722052239973532 ], [ -156.717184296464069, 20.720857052190397 ], [ -156.717136515126242, 20.718514520354066 ], [ -156.716801858769202, 20.71751055136194 ], [ -156.716275983629288, 20.716793457447359 ], [ -156.715558858426618, 20.715454832132441 ], [ -156.715032983247369, 20.713542550418016 ], [ -156.714793951887799, 20.711821487493189 ], [ -156.714793951843944, 20.710491174659424 ], [ -156.714793951843689, 20.710482893407345 ], [ -156.714841764302264, 20.708905268010156 ], [ -156.714029014064323, 20.707136392590066 ], [ -156.714076826552827, 20.70646707992076 ], [ -156.714554920348689, 20.704650423201048 ], [ -156.714076826461508, 20.703694266725108 ], [ -156.713264107497196, 20.702642547734953 ], [ -156.711782138364526, 20.70096926610837 ], [ -156.710969356878195, 20.699248203200277 ], [ -156.710634731744392, 20.697431515254276 ], [ -156.710443481621894, 20.694993358398168 ], [ -156.710300075270936, 20.692889826624636 ], [ -156.710204450199456, 20.691360013743633 ], [ -156.710300075176548, 20.690021388405025 ], [ -156.710300075118596, 20.68826082546336 ], [ -156.71030007511834, 20.688252544211284 ], [ -156.710252262577882, 20.687344200234804 ], [ -156.710395668801397, 20.685575324786882 ], [ -156.710347887507794, 20.684571387036428 ], [ -156.71125620015826, 20.68304154287619 ], [ -156.711829919016225, 20.682467855215567 ], [ -156.713359731837016, 20.681941980039081 ], [ -156.715080794715874, 20.681894167476951 ], [ -156.716849670127289, 20.68251566758132 ], [ -156.718188264188825, 20.682993730162234 ], [ -156.719574670772033, 20.683806449075711 ], [ -156.720769858566058, 20.684714793018731 ], [ -156.722060640143837, 20.686005605804908 ], [ -156.723877296853544, 20.687774449945664 ], [ -156.724976890889081, 20.689065262737397 ], [ -156.726267672481043, 20.690786294381486 ], [ -156.727367266524453, 20.692316138483179 ], [ -156.728371204306171, 20.694132826409611 ], [ -156.729088298271364, 20.695853889320414 ], [ -156.729757610968107, 20.697335920922672 ], [ -156.730474704919146, 20.69862670247554 ], [ -156.731239642613417, 20.699391608895102 ], [ -156.732052361566701, 20.700108734051273 ], [ -156.733629986937416, 20.70077801542314 ], [ -156.734920799733771, 20.701112671719411 ], [ -156.735637893664347, 20.701781984366381 ], [ -156.736020362525636, 20.702594703309085 ], [ -156.736115956339319, 20.703885484880079 ], [ -156.736068143882363, 20.705510954039241 ], [ -156.736785269086539, 20.706897360616082 ], [ -156.738028269422784, 20.708761829797506 ], [ -156.739032207202996, 20.710530705211916 ], [ -156.742283082979867, 20.71229958056071 ], [ -156.743812927075908, 20.712538580575973 ], [ -156.744960302337375, 20.712777643102427 ], [ -156.746681365227261, 20.713064486874103 ], [ -156.748258990566484, 20.712777643006056 ], [ -156.750410334777769, 20.712347361585266 ], [ -156.753326554161191, 20.712012736416121 ], [ -156.755860335956953, 20.711582454984143 ], [ -156.75772483636274, 20.711391236131686 ], [ -156.759159055436015, 20.711582454887733 ], [ -156.760545462001886, 20.711869298669161 ], [ -156.76217089987054, 20.712156142443593 ], [ -156.763796337750279, 20.712777642551956 ], [ -156.764895900520088, 20.713590361473656 ], [ -156.765182744384049, 20.715120205598993 ], [ -156.76508715065242, 20.716315362151562 ], [ -156.765039338162381, 20.716936862308859 ], [ -156.764513463073001, 20.717749581278081 ], [ -156.764226619300644, 20.718992581598258 ], [ -156.764895900757011, 20.720761457022366 ], [ -156.765995463537934, 20.721908801028004 ], [ -156.766808213738102, 20.722530301160116 ], [ -156.767907776487448, 20.722721551175926 ], [ -156.769820058166374, 20.722912769917944 ], [ -156.771923558631244, 20.722912769856393 ], [ -156.774027090342969, 20.722817144770858 ], [ -156.77598715327133, 20.722673738427531 ], [ -156.778090716236193, 20.72267373836597 ], [ -156.779907372897156, 20.722960582134739 ], [ -156.781389404480962, 20.723151800889315 ], [ -156.782775811053142, 20.723629863468638 ], [ -156.784353436427068, 20.724394801114297 ], [ -156.785453030439044, 20.724968488725992 ], [ -156.787174062083551, 20.725398738783515 ], [ -156.788751718691657, 20.725685582559251 ], [ -156.78985128145365, 20.726259301420939 ], [ -156.790998656741976, 20.727311020401114 ], [ -156.791428906865548, 20.728171551854338 ], [ -156.791381125630295, 20.728936489547586 ], [ -156.791046469349055, 20.730227271131135 ], [ -156.79085521934951, 20.731518052710477 ], [ -156.79099865690813, 20.73233080291012 ], [ -156.791906969640479, 20.733286928123306 ], [ -156.792671907334864, 20.734051834542747 ], [ -156.793771470088927, 20.734386522094475 ], [ -156.79491884534562, 20.734482115834826 ], [ -156.796353064409374, 20.73438652201882 ], [ -156.797930689740582, 20.733860615590686 ], [ -156.799843002629899, 20.732856677782848 ], [ -156.801755315520751, 20.731900521236987 ], [ -156.803380722107761, 20.731231208521489 ], [ -156.805149597481176, 20.730705302087742 ], [ -156.806966222869903, 20.730322895688584 ], [ -156.809356629641741, 20.730131645570541 ], [ -156.811173286294689, 20.730179458029269 ], [ -156.811842598953689, 20.730514114343574 ], [ -156.812511911615815, 20.730944364431853 ], [ -156.812989974243635, 20.731613677085679 ], [ -156.812846536743592, 20.732569833579674 ], [ -156.812511911687125, 20.733095708721365 ], [ -156.811794786546074, 20.733621615124282 ], [ -156.81064744256949, 20.734434302861743 ], [ -156.809786879896762, 20.734960178018856 ], [ -156.808974160994097, 20.735772896996519 ], [ -156.808543910949737, 20.73730277239282 ], [ -156.808974161089168, 20.738641335215906 ], [ -156.810025911372293, 20.74017117931874 ], [ -156.810790849099959, 20.741940054739931 ], [ -156.811651380586056, 20.743326430062396 ], [ -156.812416287024064, 20.743900148933829 ], [ -156.81561938150881, 20.74471286779367 ], [ -156.818965882275165, 20.745525586649279 ], [ -156.819874226227455, 20.74557339913461 ], [ -156.820734757661285, 20.745382149061385 ], [ -156.821882101640966, 20.744665055097869 ], [ -156.822742633044641, 20.743565492296856 ], [ -156.823842226993207, 20.742226866928878 ], [ -156.824607133397961, 20.741796616798524 ], [ -156.825611071122893, 20.741892241793039 ], [ -156.82766679033503, 20.742131273042634 ], [ -156.830917666057985, 20.742274679233152 ], [ -156.833403666602493, 20.742131272874193 ], [ -156.838566823972513, 20.741509772566697 ], [ -156.84000104303459, 20.741366366238623 ], [ -156.840957199487889, 20.74112730365059 ], [ -156.842630449819467, 20.739979928313737 ], [ -156.844255887637274, 20.738736959204314 ], [ -156.846407231821246, 20.73749395882944 ], [ -156.848749763552235, 20.73639439598491 ], [ -156.8503752326327, 20.735533864471396 ], [ -156.852622170587779, 20.73429086409373 ], [ -156.855490577425343, 20.732904488661834 ], [ -156.857498484085511, 20.731900519601123 ], [ -156.859028328160719, 20.731518050710282 ], [ -156.860366922204747, 20.731470269408973 ], [ -156.861992360038386, 20.73070530041942 ], [ -156.862948516480515, 20.730131643997495 ], [ -156.863761204136182, 20.729414550043828 ], [ -156.864239297964815, 20.72860183107603 ], [ -156.864526141732142, 20.72721542447001 ], [ -156.864573954191911, 20.725685580335071 ], [ -156.864860797973478, 20.724729423836926 ], [ -156.865291079302665, 20.724251361204423 ], [ -156.866629673303862, 20.722912767079517 ], [ -156.86897220501092, 20.721096110305261 ], [ -156.871075736665119, 20.719279422288022 ], [ -156.872940237015001, 20.717414953015844 ], [ -156.874135393486057, 20.716124140157149 ], [ -156.875665237516785, 20.714403077180762 ], [ -156.876525768921937, 20.713351326891836 ], [ -156.877242862806469, 20.712634201690999 ], [ -156.878103394211564, 20.71158245140208 ], [ -156.880063488313453, 20.709144294483316 ], [ -156.881258676036111, 20.707901294136644 ], [ -156.8828363325932, 20.706658325028734 ], [ -156.88446177042988, 20.705989012313207 ], [ -156.885752551955363, 20.705702168453382 ], [ -156.887282396040007, 20.705606574634466 ], [ -156.889146865212751, 20.705941199663556 ], [ -156.892875834805096, 20.706514887197748 ], [ -156.896461366872103, 20.707279793534063 ], [ -156.900333774005617, 20.7081403248859 ], [ -156.903489024721296, 20.708714012436889 ], [ -156.905831587741631, 20.708809637391958 ], [ -156.906978962991758, 20.708714012334244 ], [ -156.909608369822251, 20.708714012256898 ], [ -156.911903120338337, 20.709000856011283 ], [ -156.914245652118211, 20.70938332478821 ], [ -156.917448746583261, 20.709622356003862 ], [ -156.920938684872709, 20.710196043544922 ], [ -156.923137810366114, 20.710435074790094 ], [ -156.92509790454082, 20.710196043422489 ], [ -156.927536061313134, 20.709717980730908 ], [ -156.92968740552368, 20.709287730559744 ], [ -156.931360655886664, 20.709096480462556 ], [ -156.933177312542426, 20.709239886694988 ], [ -156.935041812963476, 20.709526730461956 ], [ -156.937719001075124, 20.710148230538859 ], [ -156.939583501496173, 20.710435074305817 ], [ -156.941065501832838, 20.710721918084026 ], [ -156.94249972090094, 20.710769761803753 ], [ -156.944985690201236, 20.710817542992487 ], [ -156.948380003452002, 20.710865355404451 ], [ -156.950722566468983, 20.710865355335411 ], [ -156.953782223403806, 20.711152199067104 ], [ -156.954977411164407, 20.71105657400792 ], [ -156.956316005209828, 20.711056573968449 ], [ -156.957654630508415, 20.711152198952952 ], [ -156.958610755728984, 20.711439042746637 ], [ -156.959853756014439, 20.711773667793821 ], [ -156.961527006413974, 20.712682011722084 ], [ -156.963869538228749, 20.714116230762347 ], [ -156.966068695008659, 20.715454824782867 ], [ -156.967885351694605, 20.716506606242802 ], [ -156.970897227421432, 20.718371075371088 ], [ -156.972666071604834, 20.719661825642291 ], [ -156.97410029070636, 20.720713638363488 ], [ -156.97505647843812, 20.721335138490975 ], [ -156.9757257286129, 20.722147857424854 ], [ -156.976586228842677, 20.723342982698892 ], [ -156.977399010310307, 20.724490389212377 ], [ -156.978594166860717, 20.725589951952582 ], [ -156.979454698332546, 20.726546108416741 ], [ -156.980410854814266, 20.727167608544214 ], [ -156.981366980044442, 20.727741264909707 ], [ -156.982275324020378, 20.728506171324526 ], [ -156.983040261713143, 20.729223327731606 ], [ -156.983661730624192, 20.729940452892926 ], [ -156.985893543631335, 20.730377452936491 ], [ -156.98589354363159, 20.730385734188562 ], [ -156.98977954463723, 20.734821266435041 ], [ -156.992409451585587, 20.738353985992415 ], [ -156.994607608418988, 20.741297955415025 ], [ -156.996138452609159, 20.744359643636862 ], [ -156.996727234014031, 20.745105425056305 ], [ -156.99998520360765, 20.748834425894227 ], [ -157.001438110233209, 20.750476551262665 ], [ -157.002128360435961, 20.751983770369876 ], [ -157.002997673234432, 20.755171271142789 ], [ -157.004048017311931, 20.75803052182809 ], [ -157.006277549206288, 20.762583147902781 ], [ -157.006534799408911, 20.766940242736883 ], [ -157.00873745634911, 20.77303374419845 ], [ -157.009012081495683, 20.775599869833311 ], [ -157.009410675404411, 20.777710495350362 ], [ -157.009686050611833, 20.782085558938487 ], [ -157.009862894691366, 20.790751529854802 ], [ -157.009509175964155, 20.793758093118711 ], [ -157.009782519920094, 20.798099094198438 ], [ -157.010506020217377, 20.802198938954398 ], [ -157.01111698933974, 20.809273190709121 ], [ -157.011325989653102, 20.817231723947454 ], [ -157.011551083520828, 20.819257536948484 ], [ -157.011824396090361, 20.819530849508872 ], [ -157.011888708684523, 20.821910381353334 ], [ -157.012306740070017, 20.823196600413269 ], [ -157.012802177704316, 20.823938163084406 ], [ -157.013866271742643, 20.825527913451236 ], [ -157.014698646974352, 20.826953538783801 ], [ -157.015949834822322, 20.829087883031555 ], [ -157.017568991543641, 20.832473415081946 ], [ -157.018820179369385, 20.83394538416368 ], [ -157.020292148471555, 20.834754946822819 ], [ -157.021984898887382, 20.836006134586079 ], [ -157.02360405553199, 20.837110103564619 ], [ -157.024781649576624, 20.838140478787839 ], [ -157.026253618691243, 20.839318072789194 ], [ -157.028608744258264, 20.840716448069614 ], [ -157.031626307481446, 20.842409167154074 ], [ -157.032803870261205, 20.842998011016615 ], [ -157.034202245572402, 20.84307157349344 ], [ -157.036115808514666, 20.843660354834043 ], [ -157.037955746443174, 20.844322761195293 ], [ -157.03957493430309, 20.844396354915538 ], [ -157.041046903373086, 20.844249167334837 ], [ -157.043475653911685, 20.84432276103097 ], [ -157.045315591827801, 20.844617136049965 ], [ -157.047523561085029, 20.845205948631779 ], [ -157.051571468270765, 20.846457073824755 ], [ -157.053779406315215, 20.848149886683213 ], [ -157.056134563129746, 20.849474636945022 ], [ -157.058857720055329, 20.851682637417202 ], [ -157.062096033369443, 20.854626544308413 ], [ -157.064230408917552, 20.856908076066539 ], [ -157.065628753043313, 20.858895201522806 ], [ -157.067174347176717, 20.860146420540264 ], [ -157.069455878994916, 20.862059983451751 ], [ -157.071516629524353, 20.86426792144357 ], [ -157.072988598671373, 20.866402296934524 ], [ -157.074313380268507, 20.868021453550746 ], [ -157.076889318429124, 20.870744579156273 ], [ -157.079980412988306, 20.87449811125461 ], [ -157.081820413486497, 20.877221236882072 ], [ -157.083439570181014, 20.879797206229256 ], [ -157.084617133015655, 20.882005144247387 ], [ -157.085205976950419, 20.883624300885558 ], [ -157.086089133487491, 20.886347457791601 ], [ -157.087193102570836, 20.888996989672599 ], [ -157.089327446938995, 20.893339303197003 ], [ -157.090137040964919, 20.896209647642142 ], [ -157.09013704105962, 20.899006367093044 ], [ -157.089474665978202, 20.900919930092417 ], [ -157.088444290818046, 20.902907086871263 ], [ -157.087929103264145, 20.904673462329367 ], [ -157.087855478322695, 20.90688140038494 ], [ -157.087708290872484, 20.909310150998063 ], [ -157.087266697109811, 20.911812526638453 ], [ -157.086089134464515, 20.915198027522223 ], [ -157.085426728165601, 20.918068372011476 ], [ -157.085573947015462, 20.92005552875515 ], [ -157.085794728381586, 20.922042685496631 ], [ -157.085279540842691, 20.92425062356547 ], [ -157.08461713447889, 20.925207405075117 ], [ -157.083071602927561, 20.926384999166562 ], [ -157.08182041516875, 20.926900186833151 ], [ -157.080274821107395, 20.927783374600804 ], [ -157.078950070839824, 20.928519343574937 ], [ -157.077698914368483, 20.93013850026826 ], [ -157.076668539185846, 20.931463281881182 ], [ -157.075490945215762, 20.932640875961638 ], [ -157.073430194833065, 20.934775220308357 ], [ -157.071369444417911, 20.935952783165241 ], [ -157.068793506396446, 20.937351158592907 ], [ -157.06621756835753, 20.938234346391418 ], [ -157.064230411696087, 20.939043909153849 ], [ -157.06209603626462, 20.940221503262958 ], [ -157.05996169211312, 20.942282253843473 ], [ -157.057680129181563, 20.944416598196867 ], [ -157.055325003733742, 20.946550942552459 ], [ -157.052822628260856, 20.948906099467845 ], [ -157.050688284094321, 20.950525287437706 ], [ -157.048406752395266, 20.952144444161959 ], [ -157.046934783360058, 20.953322038251283 ], [ -157.045389189311038, 20.954573194861254 ], [ -157.041562094810416, 20.957369914427058 ], [ -157.039869313238853, 20.958915508615281 ], [ -157.038397344198614, 20.959945883917708 ], [ -157.037293375229666, 20.960681852885298 ], [ -157.035894999958145, 20.961785853203988 ], [ -157.034275843407841, 20.963478603676926 ], [ -157.03228868680867, 20.966128135650823 ], [ -157.030890311547125, 20.967526511043353 ], [ -157.029786342603131, 20.968998480195527 ], [ -157.029050342497953, 20.970691261892078 ], [ -157.028093561081448, 20.972016012252954 ], [ -157.027210404661275, 20.97275201246396 ], [ -157.025959216939725, 20.974371169157482 ], [ -157.024192872839393, 20.975548732005667 ], [ -157.02220571617022, 20.97613754471282 ], [ -157.02051293456114, 20.976579107374221 ], [ -157.018231371574444, 20.977094295071698 ], [ -157.016906621319151, 20.978198295388232 ], [ -157.015949839900145, 20.979449451980667 ], [ -157.015508246107458, 20.981068639900005 ], [ -157.015949840019971, 20.98298214036674 ], [ -157.016906621518899, 20.984086171865012 ], [ -157.016759402778803, 20.985337328433243 ], [ -157.016023433898624, 20.986294109945245 ], [ -157.015213840017168, 20.987692485320228 ], [ -157.015287465150863, 20.991151611185682 ], [ -157.015581840328309, 20.994463549507614 ], [ -157.015729027955814, 20.997260268954726 ], [ -157.01617062188339, 20.999615425782267 ], [ -157.016980215904823, 21.002338582691102 ], [ -157.017863403677524, 21.004620114486958 ], [ -157.018084153786333, 21.006386489923425 ], [ -157.017936997588862, 21.008888834305552 ], [ -157.017421810002475, 21.009698397024064 ], [ -157.016612216148559, 21.011906366352207 ], [ -157.016391434942335, 21.01462949204193 ], [ -157.017421810237636, 21.016616648759552 ], [ -157.01882018557427, 21.017426273920741 ], [ -157.019556154511974, 21.018162242833306 ], [ -157.019629748330829, 21.019707805718813 ], [ -157.019556154644619, 21.022062931311837 ], [ -157.020292154889916, 21.024491681899054 ], [ -157.021101717641471, 21.026626057410216 ], [ -157.0219849053818, 21.027950838966078 ], [ -157.023015311869585, 21.028245214009008 ], [ -157.025223218617668, 21.028539620266645 ], [ -157.027210406576955, 21.02912840160473 ], [ -157.029859938450187, 21.030232370552174 ], [ -157.03169993889199, 21.031262745755434 ], [ -157.033319064302503, 21.03280830859455 ], [ -157.034717439686801, 21.035016277856467 ], [ -157.035085439825849, 21.03670902827006 ], [ -157.035600627555056, 21.040094560353907 ], [ -157.036042252692766, 21.041272123136043 ], [ -157.037146190502, 21.043185686082936 ], [ -157.038691753391333, 21.044584061387319 ], [ -157.040678910118203, 21.045688030354572 ], [ -157.042518879297518, 21.046350405465461 ], [ -157.048333130645517, 21.048190374502305 ], [ -157.050099506068563, 21.049147155939234 ], [ -157.051645037680231, 21.049735937290468 ], [ -157.053411444340782, 21.050324749885064 ], [ -157.055104194737538, 21.050987125000333 ], [ -157.057532945294469, 21.051575906325002 ], [ -157.05944650824506, 21.052385500220531 ], [ -157.060844883579279, 21.053121469113076 ], [ -157.062169633887152, 21.053563031683996 ], [ -157.063420821661168, 21.053489469127907 ], [ -157.064745603181393, 21.052827093921898 ], [ -157.066585541050358, 21.051723093589615 ], [ -157.069971073003387, 21.050398311905457 ], [ -157.071222260777404, 21.050324749349361 ], [ -157.073356604999105, 21.050324749285139 ], [ -157.075270167932047, 21.050619124301399 ], [ -157.077183730867489, 21.050987124336107 ], [ -157.078876481261688, 21.051575905682842 ], [ -157.080937231744826, 21.052385499573866 ], [ -157.083071607251696, 21.053415874768042 ], [ -157.086530733073943, 21.055108625088447 ], [ -157.088370639770829, 21.056286219078398 ], [ -157.090505046527767, 21.057316594272528 ], [ -157.092492203254608, 21.058420563239547 ], [ -157.09455295373769, 21.059230157130525 ], [ -157.096760860503309, 21.060039719767023 ], [ -157.098968861003812, 21.060407719792785 ], [ -157.101250392757976, 21.060407719724019 ], [ -157.103899955838443, 21.06026053210724 ], [ -157.107359081567552, 21.059230156744555 ], [ -157.110744613535388, 21.058346968920986 ], [ -157.113099739035619, 21.057758187452315 ], [ -157.114939708184608, 21.057537374841463 ], [ -157.119502802927713, 21.057095780843095 ], [ -157.123329928755652, 21.056580593098477 ], [ -157.127009867035895, 21.05562381149754 ], [ -157.129585805079813, 21.054887842485272 ], [ -157.131867336801065, 21.053931060926516 ], [ -157.134443306074786, 21.052606279266605 ], [ -157.138344025643647, 21.051355122585182 ], [ -157.140110369776295, 21.051134309976508 ], [ -157.141508745087719, 21.051207903702768 ], [ -157.143201495489365, 21.052017497604663 ], [ -157.145262277232405, 21.053121466569252 ], [ -157.147764621578062, 21.054372654307421 ], [ -157.149604559514728, 21.055255841973292 ], [ -157.151370934937717, 21.056212623409852 ], [ -157.153137279095546, 21.05672777973566 ], [ -157.155345248343338, 21.057022185992786 ], [ -157.159834780584987, 21.057022185857157 ], [ -157.163735468928905, 21.056506998110137 ], [ -157.167194594698003, 21.056654185542506 ], [ -157.169991345328299, 21.057022185550235 ], [ -157.173744846185116, 21.057831779389737 ], [ -157.176173596726585, 21.057978966853202 ], [ -157.179853535044344, 21.058126154278828 ], [ -157.181840691735715, 21.058199779237192 ], [ -157.183533442127214, 21.058714966815149 ], [ -157.186477380305178, 21.059524529429044 ], [ -157.187507755552957, 21.060113310795476 ], [ -157.190010099875792, 21.060702123367367 ], [ -157.191850069042232, 21.060996498385485 ], [ -157.193027631797179, 21.060849310812955 ], [ -157.194205225782014, 21.060113310592829 ], [ -157.194720413365417, 21.059230154105858 ], [ -157.195824382306142, 21.057684591185023 ], [ -157.197958726469295, 21.055991809446105 ], [ -157.199872289348889, 21.054740621574577 ], [ -157.201417852149717, 21.053563027482639 ], [ -157.202816227423114, 21.052532683432059 ], [ -157.204288196442548, 21.050913526731673 ], [ -157.205244946577949, 21.048705557399302 ], [ -157.206790540484747, 21.043332899755939 ], [ -157.208336103240072, 21.040830492831986 ], [ -157.210028884798163, 21.038916992301203 ], [ -157.212236822717387, 21.036929835486383 ], [ -157.214812760738056, 21.035531460057996 ], [ -157.216873511165204, 21.034721866042744 ], [ -157.21849269901, 21.034353865901533 ], [ -157.220111855607371, 21.034059490778759 ], [ -157.221215824596015, 21.033912271958467 ], [ -157.222834981203448, 21.033912271909468 ], [ -157.225484544263026, 21.033176302894841 ], [ -157.226662107000237, 21.032513927693216 ], [ -157.227986888504773, 21.031409927376469 ], [ -157.228943669915395, 21.029937958228651 ], [ -157.230342045186177, 21.028833989159683 ], [ -157.231740389242304, 21.028760395348922 ], [ -157.232329201887438, 21.029201989191751 ], [ -157.234095546075338, 21.030600364488699 ], [ -157.235567515165371, 21.03104195830479 ], [ -157.237628234380338, 21.031336333316165 ], [ -157.242706579248704, 21.031262739393945 ], [ -157.245944892458397, 21.03111555175898 ], [ -157.249330424453035, 21.031041957887997 ], [ -157.25139117489519, 21.030673957733356 ], [ -157.25323114403102, 21.030085176280096 ], [ -157.256322269619631, 21.027362019254149 ], [ -157.257720644900417, 21.026552456508952 ], [ -157.259266207738932, 21.026478831443676 ], [ -157.260590989273709, 21.026258050098217 ], [ -157.261915770805956, 21.025963643734318 ], [ -157.263093302315809, 21.025963643698635 ], [ -157.264344490099461, 21.026184456216036 ], [ -157.26618445929094, 21.027214831418419 ], [ -157.268098022256254, 21.028465987923866 ], [ -157.269717178881251, 21.028981206753866 ], [ -157.270821179122322, 21.028907581701951 ], [ -157.2739123047715, 21.027950831368539 ], [ -157.277371430496828, 21.026846830987068 ], [ -157.281566525131922, 21.02566926806486 ], [ -157.282964900435417, 21.025522049235573 ], [ -157.284068869446685, 21.026037268081154 ], [ -157.285761651082908, 21.026405236871984 ], [ -157.287380807702789, 21.026773236915048 ], [ -157.289147183092496, 21.026773236861462 ], [ -157.290766339704817, 21.026920424349214 ], [ -157.292311933795816, 21.026920424302315 ], [ -157.293857465379233, 21.026699642950117 ], [ -157.295182246891102, 21.025816455188675 ], [ -157.296359840857832, 21.024565298589543 ], [ -157.297095809729655, 21.023387704522243 ], [ -157.297022215905173, 21.021694954100461 ], [ -157.296359840723596, 21.020664578862466 ], [ -157.295623840538411, 21.020002172468875 ], [ -157.295108652894385, 21.019119016013288 ], [ -157.295770996755039, 21.018088609485094 ], [ -157.297537403369375, 21.017352640497158 ], [ -157.299598153821478, 21.017279046666207 ], [ -157.301438122990049, 21.017647046702557 ], [ -157.301879685602643, 21.018088609299763 ], [ -157.30335165470521, 21.018898203207875 ], [ -157.304602842516687, 21.019928578427979 ], [ -157.306074811652223, 21.021694953825737 ], [ -157.307473187003779, 21.022946110346666 ], [ -157.308871562340101, 21.023755704257002 ], [ -157.309828343806288, 21.023902891764816 ], [ -157.311594687930693, 21.023461297850581 ], [ -157.313213844522664, 21.023019703940815 ], [ -157.314980219891993, 21.022430922489711 ], [ -157.316672970240063, 21.021694953503975 ], [ -157.31689375150836, 21.020811765776074 ], [ -157.31674659518788, 21.019707796754037 ], [ -157.316967376443472, 21.018456608933977 ], [ -157.317924157884221, 21.017867827507459 ], [ -157.319322533187631, 21.017720671178147 ], [ -157.321456877410895, 21.017794233631758 ], [ -157.322413658866907, 21.017647046065836 ], [ -157.324916003128237, 21.016469451944925 ], [ -157.326093565887959, 21.01646945190916 ], [ -157.327565534970262, 21.016690264419747 ], [ -157.329699910458743, 21.017205451983937 ], [ -157.332349442257623, 21.016175076645414 ], [ -157.333821411306872, 21.015439076416378 ], [ -157.33558778665585, 21.014261513567824 ], [ -157.337059755697538, 21.013304732033504 ], [ -157.338531724744257, 21.012495106786034 ], [ -157.340003693801094, 21.011979950362306 ], [ -157.342800413122234, 21.010655168695592 ], [ -157.343904382085213, 21.009772012190897 ], [ -157.345081976051802, 21.008520824341819 ], [ -157.344787569698838, 21.007416855324323 ], [ -157.344125194514731, 21.00631288631801 ], [ -157.342432412861001, 21.005429698648289 ], [ -157.339267693418208, 21.005576886281276 ], [ -157.338384505715823, 21.005356105002814 ], [ -157.337942911853247, 21.00491451115564 ], [ -157.338163724371498, 21.004031323427789 ], [ -157.339709287186992, 21.00329535444655 ], [ -157.341696443860002, 21.002853729275618 ], [ -157.342726819064382, 21.002191354078462 ], [ -157.342947662832671, 21.001308166350608 ], [ -157.342874006530934, 21.000277791094845 ], [ -157.342138037567963, 20.99880585324863 ], [ -157.342211631313916, 20.998217040598959 ], [ -157.342432412584685, 20.997407477889556 ], [ -157.343610006546214, 20.996009071253635 ], [ -157.343978006596956, 20.995125914771325 ], [ -157.344051600345438, 20.994610727140099 ], [ -157.343536412709057, 20.9939483519899 ], [ -157.342800412536633, 20.993653945688525 ], [ -157.34177000605942, 20.993653945719807 ], [ -157.339930068168883, 20.994095539636245 ], [ -157.338310911577054, 20.994537133545968 ], [ -157.336912536294051, 20.995273102522699 ], [ -157.336323754916748, 20.995346696309007 ], [ -157.334631004548555, 20.99549391514725 ], [ -157.333600629308677, 20.99512591508638 ], [ -157.331687066363884, 20.9944635399786 ], [ -157.330803878669116, 20.994463540005402 ], [ -157.329920690979435, 20.994610727569061 ], [ -157.328816721983458, 20.994537133834132 ], [ -157.327712721732382, 20.994316321312329 ], [ -157.326093565122761, 20.994242727593047 ], [ -157.324768814823017, 20.994021946327944 ], [ -157.322855251911164, 20.99431632145971 ], [ -157.318807344839314, 20.996377103348575 ], [ -157.316599344390369, 20.997481072442021 ], [ -157.3157898129719, 20.997775447540288 ], [ -157.311594687049222, 20.997849041435959 ], [ -157.310858718139457, 20.997922666476718 ], [ -157.309092374015052, 20.998364260390876 ], [ -157.308061967537753, 20.998364260422122 ], [ -157.30732596737289, 20.998290635426006 ], [ -157.306810779741539, 20.9977754478126 ], [ -157.306810779706126, 20.996745072554553 ], [ -157.307620373594204, 20.9955675097351 ], [ -157.309165936417372, 20.995052322059212 ], [ -157.311373905651834, 20.994978728223831 ], [ -157.313213843552546, 20.994831509381171 ], [ -157.31527462523934, 20.994316321689649 ], [ -157.317556156959625, 20.993359540130868 ], [ -157.319543313614957, 20.992402758580994 ], [ -157.321604064051712, 20.991887570889478 ], [ -157.323223251908786, 20.991887570840362 ], [ -157.325578377430674, 20.991961195787354 ], [ -157.327565534101183, 20.991446008098059 ], [ -157.329773503312765, 20.990710007846772 ], [ -157.3313926599198, 20.990710007797638 ], [ -157.332791035240831, 20.99107800784736 ], [ -157.334704598177979, 20.991519601649856 ], [ -157.336176567262697, 20.991813976678898 ], [ -157.337869317638479, 20.991887570395939 ], [ -157.3391205054144, 20.99188757035796 ], [ -157.34073966200873, 20.991519601466678 ], [ -157.342358818605646, 20.991225195093811 ], [ -157.343830787682748, 20.991298788817538 ], [ -157.344934787918532, 20.991078007478752 ], [ -157.346333131961671, 20.990636413575725 ], [ -157.347437132182307, 20.98997403837636 ], [ -157.34846747615947, 20.989974038345078 ], [ -157.349203476336953, 20.990415600933282 ], [ -157.349645070209647, 20.991151601104153 ], [ -157.350013070331329, 20.992329163887799 ], [ -157.349792257833343, 20.993801133013058 ], [ -157.349792257871371, 20.994905133289475 ], [ -157.350086664224307, 20.996009071056935 ], [ -157.350013070523971, 20.997922665288296 ], [ -157.349865883039712, 20.999321009392897 ], [ -157.349939476851574, 21.000645822222371 ], [ -157.350013070678642, 21.002412166412402 ], [ -157.350086664548883, 21.005429698415728 ], [ -157.350307445918588, 21.007490448925012 ], [ -157.350013070929776, 21.009698386986816 ], [ -157.349865883463281, 21.011611949970451 ], [ -157.350822633699636, 21.012347950125655 ], [ -157.35214741525445, 21.012715950177537 ], [ -157.353177790476593, 21.012568731359348 ], [ -157.354428978257573, 21.01271595010817 ], [ -157.357078510071489, 21.012127137380176 ], [ -157.358256104083722, 21.012200762362799 ], [ -157.359507260609604, 21.012200762324756 ], [ -157.360832010891528, 21.011906355960758 ], [ -157.362377604964536, 21.011391168284757 ], [ -157.363260792636453, 21.010728793092053 ], [ -157.363481573902135, 21.009772011595778 ], [ -157.362304011086621, 21.008152792476171 ], [ -157.361641604655091, 21.007122448488335 ], [ -157.361936010929384, 21.005944885684553 ], [ -157.362524792271159, 21.004840916640244 ], [ -157.362598417254361, 21.003884135148454 ], [ -157.362598417208687, 21.002559353566767 ], [ -157.363039979773077, 21.001602572063799 ], [ -157.364070354974871, 21.000866603098206 ], [ -157.365395136516952, 21.000866603057929 ], [ -157.366425511766977, 21.001528978192443 ], [ -157.366057480478958, 21.002780134766876 ], [ -157.365468730402483, 21.004325728921749 ], [ -157.365615917965357, 21.005208885388388 ], [ -157.366499105665184, 21.00535610414839 ], [ -157.36738229334469, 21.004914510260964 ], [ -157.368412668574393, 21.00498813524807 ], [ -157.37047341906171, 21.005944885424935 ], [ -157.372607794565283, 21.006901666849554 ], [ -157.373858951101283, 21.007196073135194 ], [ -157.375551701484653, 21.007490448157409 ], [ -157.378201264576404, 21.007711229382068 ], [ -157.381218796496768, 21.007858448077101 ], [ -157.384457140965765, 21.008005635515396 ], [ -157.38703307901838, 21.00756404157644 ], [ -157.389388204537596, 21.007564041504747 ], [ -157.391816955078042, 21.007711228967654 ], [ -157.39402492433004, 21.00815279151097 ], [ -157.395644080957283, 21.008741604109066 ], [ -157.396453706166284, 21.009624791805507 ], [ -157.396674456258154, 21.010875979611992 ], [ -157.397557643993537, 21.012053542379878 ], [ -157.398882425543178, 21.012274354894807 ], [ -157.399912769512667, 21.012053542308145 ], [ -157.400648769624041, 21.010581573167244 ], [ -157.401458363468606, 21.008152791284601 ], [ -157.40285673870315, 21.006018478207746 ], [ -157.404475895264284, 21.00469372782683 ], [ -157.406315864396959, 21.004031321354976 ], [ -157.408891833694383, 21.003442539879135 ], [ -157.411246959193164, 21.002853727160005 ], [ -157.413970084762809, 21.001970570605998 ], [ -157.415957241422802, 21.001160976592807 ], [ -157.417650022989932, 20.99954181988597 ], [ -157.419489960834426, 20.997775444387813 ], [ -157.421845117557694, 20.996450693984492 ], [ -157.424715461879202, 20.994684318454947 ], [ -157.427070618597384, 20.993212349264798 ], [ -157.429057775242057, 20.991961192641121 ], [ -157.431044931881587, 20.990562817230614 ], [ -157.433252869799475, 20.988575660416025 ], [ -157.434651245054198, 20.987030097486631 ], [ -157.435755245251755, 20.98570531587146 ], [ -157.436270401577076, 20.984601346829503 ], [ -157.437300776771053, 20.983644565308676 ], [ -157.438036776897633, 20.982614190028407 ], [ -157.43914074582986, 20.980847814552742 ], [ -157.439287933296185, 20.97893422031941 ], [ -157.438846370632831, 20.977020688604032 ], [ -157.437374401492434, 20.975107125670032 ], [ -157.436049619902292, 20.973708781610462 ], [ -157.434356838225938, 20.972163218775268 ], [ -157.433032087906128, 20.971353624863013 ], [ -157.431486525047831, 20.970838437281156 ], [ -157.429720149648489, 20.970544031011258 ], [ -157.427291399128592, 20.970985624945698 ], [ -157.425893023838256, 20.97150081261719 ], [ -157.424126679732041, 20.972457594160385 ], [ -157.423317085806246, 20.97253118795344 ], [ -157.421035522798405, 20.972384000486052 ], [ -157.418165209653267, 20.972016000481304 ], [ -157.41595724039388, 20.971353625382712 ], [ -157.413896489891556, 20.96995525009546 ], [ -157.412203739483061, 20.968924874889087 ], [ -157.410216582774865, 20.968336093552178 ], [ -157.408450207388142, 20.968409687374322 ], [ -157.406389456954344, 20.968998468834339 ], [ -157.404843925381499, 20.969513656510273 ], [ -157.403739925135682, 20.969440062775426 ], [ -157.4020471435025, 20.969145656503219 ], [ -157.399471205437408, 20.969219281599962 ], [ -157.397852048850865, 20.969808063046543 ], [ -157.396527267326661, 20.970323250715762 ], [ -157.395570454651278, 20.971353626002728 ], [ -157.394392923157, 20.971795219899061 ], [ -157.392479360265725, 20.97267840767827 ], [ -157.391007391219148, 20.973487970425651 ], [ -157.38850504697092, 20.975033533388562 ], [ -157.386076296458441, 20.975695939878189 ], [ -157.383205952111268, 20.976726315223335 ], [ -157.379894013929487, 20.978124659424001 ], [ -157.376655700766378, 20.979596659890881 ], [ -157.374742106609744, 20.980038222559557 ], [ -157.373270168790384, 20.980185441391132 ], [ -157.372092574773177, 20.979964628871638 ], [ -157.369811042977148, 20.978713472377738 ], [ -157.368191886352491, 20.978198284797962 ], [ -157.366499104729371, 20.978198284849373 ], [ -157.365247948213664, 20.978492659961059 ], [ -157.36259841640242, 20.979155066457352 ], [ -157.361347228629114, 20.979228660263772 ], [ -157.360905634761508, 20.97863987887979 ], [ -157.360758447201192, 20.977830284931578 ], [ -157.361347228535379, 20.976505503332049 ], [ -157.363039978840135, 20.974518346533191 ], [ -157.364585541652986, 20.973708783783604 ], [ -157.366057479459698, 20.973193596109954 ], [ -157.367455886030626, 20.973561564909595 ], [ -157.37017904292145, 20.974739158871689 ], [ -157.37238698093347, 20.975475158988868 ], [ -157.374374137611369, 20.975180752604807 ], [ -157.376287700543287, 20.975475158870378 ], [ -157.378422044781473, 20.975990315184475 ], [ -157.380188420160664, 20.975695940057115 ], [ -157.383647545867348, 20.974076783296706 ], [ -157.387621859182445, 20.972310407733808 ], [ -157.39152254747367, 20.970323250867885 ], [ -157.396821673552751, 20.967747312562096 ], [ -157.399397611595077, 20.967011312299586 ], [ -157.401531955807798, 20.966790530929448 ], [ -157.40373992505198, 20.967011312167575 ], [ -157.405800675503571, 20.966937718336503 ], [ -157.408818207408359, 20.966643311921072 ], [ -157.411762145557077, 20.96664331183154 ], [ -157.413749302257628, 20.967011311863185 ], [ -157.415000458796015, 20.967379280667217 ], [ -157.416766834223296, 20.968483280889767 ], [ -157.41831239708921, 20.969219281026934 ], [ -157.420446772567146, 20.969440062267235 ], [ -157.422728304314774, 20.969292874660972 ], [ -157.42486264851982, 20.968851280735514 ], [ -157.427144211497136, 20.9681152804819 ], [ -157.429057774398444, 20.967526499026327 ], [ -157.430750524730769, 20.966348936180133 ], [ -157.432664087593992, 20.964656154448306 ], [ -157.434209650424322, 20.964361779327604 ], [ -157.436638369706856, 20.964288185485259 ], [ -157.439140745273363, 20.964729748019558 ], [ -157.441569527068623, 20.965024154269265 ], [ -157.443703840048954, 20.965318560527944 ], [ -157.445690996741831, 20.965465748004249 ], [ -157.447751778458496, 20.965833748033564 ], [ -157.449812528927708, 20.966275341831285 ], [ -157.453418811005179, 20.967232123210803 ], [ -157.455479592721844, 20.967600091990075 ], [ -157.458055562041807, 20.967673685679994 ], [ -157.460337093781675, 20.967305716768397 ], [ -157.462765844301401, 20.96686412283389 ], [ -157.465194594828773, 20.966643310204617 ], [ -157.467476126573672, 20.966422528829824 ], [ -157.468948095630111, 20.965907341156068 ], [ -157.472039252532994, 20.965097747109283 ], [ -157.476749534779742, 20.963920184171069 ], [ -157.479693472912828, 20.963478590220824 ], [ -157.483005411132069, 20.963184183796166 ], [ -157.486390943120028, 20.962963402387668 ], [ -157.489482068803312, 20.963036964811771 ], [ -157.493750788503604, 20.963331371005168 ], [ -157.498166695733687, 20.963552183425637 ], [ -157.500227446192554, 20.963699370899551 ], [ -157.502876978013262, 20.963331370726625 ], [ -157.505600134827262, 20.962301026635785 ], [ -157.506556916247177, 20.961123432562026 ], [ -157.507366478861798, 20.959283463327111 ], [ -157.508249666472238, 20.956854743942689 ], [ -157.509280041648168, 20.955382774793083 ], [ -157.510531229403284, 20.954793962107622 ], [ -157.511782385938972, 20.955088368393067 ], [ -157.513107167493388, 20.955456368444665 ], [ -157.514358324041751, 20.956118743572127 ], [ -157.515388699281374, 20.956486743632706 ], [ -157.516713480823057, 20.956486743592254 ], [ -157.518406262458484, 20.956854743632597 ], [ -157.520467012937672, 20.957590712503738 ], [ -157.522159763320502, 20.957885118775657 ], [ -157.523410951085793, 20.957590712413815 ], [ -157.524809326355467, 20.95648674334501 ], [ -157.526502076700098, 20.955677149340833 ], [ -157.528415639616242, 20.955529992995576 ], [ -157.529446014860952, 20.956045149342923 ], [ -157.53047639012857, 20.957222712105938 ], [ -157.531727577916769, 20.957590712159746 ], [ -157.533641109588018, 20.957590712101272 ], [ -157.535922672554591, 20.956560336773872 ], [ -157.537541829117714, 20.95530914891151 ], [ -157.538793016806494, 20.952806804497516 ], [ -157.539676204475398, 20.952070835536492 ], [ -157.542325736303553, 20.951923647918711 ], [ -157.546005643371217, 20.952144429111442 ], [ -157.548802394012284, 20.952880397959984 ], [ -157.551378332104804, 20.953616398065272 ], [ -157.553880676403082, 20.953542804220351 ], [ -157.555279051685346, 20.952806803993564 ], [ -157.556162239354251, 20.952070835032529 ], [ -157.556235833097503, 20.951408459864663 ], [ -157.555573457944035, 20.951187678579704 ], [ -157.554101520102222, 20.950672459745896 ], [ -157.553659894987163, 20.950157272130571 ], [ -157.554175082567411, 20.949200490625589 ], [ -157.555867832904255, 20.948170115316206 ], [ -157.55940055241399, 20.947654927579368 ], [ -157.561608490374425, 20.946918927327836 ], [ -157.562418115499042, 20.945373364416657 ], [ -157.562344490391013, 20.942723832506459 ], [ -157.561829302726665, 20.94125186340419 ], [ -157.559989364783462, 20.940147894434425 ], [ -157.557266176653542, 20.939264706796848 ], [ -157.555279051188222, 20.93845514415516 ], [ -157.554248675930893, 20.937571956465838 ], [ -157.552776706833981, 20.936909550095198 ], [ -157.550715956367668, 20.936541550066142 ], [ -157.549243987286076, 20.936320768805913 ], [ -157.546373642896697, 20.936099987588388 ], [ -157.542325735753252, 20.936026362693607 ], [ -157.539455391381637, 20.936320769104878 ], [ -157.536953047098677, 20.936835956810103 ], [ -157.534082702749942, 20.937792738386982 ], [ -157.531653952220438, 20.937939925997938 ], [ -157.528268451485417, 20.938234332424905 ], [ -157.52591329471187, 20.938087144959987 ], [ -157.52377891923436, 20.937866301219902 ], [ -157.521865387570813, 20.938087145083522 ], [ -157.519510230802325, 20.938087145155393 ], [ -157.517596667878536, 20.938013520195359 ], [ -157.515609511183442, 20.937792738950769 ], [ -157.513548760722131, 20.937571957708428 ], [ -157.512076791663361, 20.93801352036375 ], [ -157.510972822675399, 20.938160707934241 ], [ -157.510236822498115, 20.937719145346247 ], [ -157.510016041166409, 20.936762363863714 ], [ -157.510678416263943, 20.935363988493801 ], [ -157.512591979114006, 20.933303237920093 ], [ -157.515167917145448, 20.932272862583865 ], [ -157.518332636576844, 20.931831268626897 ], [ -157.521423793484416, 20.931168893366976 ], [ -157.524514919141978, 20.930506486857023 ], [ -157.526354888291905, 20.930359330514097 ], [ -157.529151607639676, 20.929844111549922 ], [ -157.53400910868595, 20.929181736236075 ], [ -157.537247453113082, 20.928151329629596 ], [ -157.540191391210158, 20.926679360421698 ], [ -157.542031329041293, 20.924545016081883 ], [ -157.54446007955039, 20.923809047073746 ], [ -157.547183236371666, 20.922999453038202 ], [ -157.550789549632213, 20.922042671438902 ], [ -157.553586300222264, 20.921306702419507 ], [ -157.555499863110242, 20.920349920871878 ], [ -157.557854988605584, 20.919687514384371 ], [ -157.561019739281619, 20.919098732890525 ], [ -157.564110864923578, 20.917994763770139 ], [ -157.565141240112126, 20.916890794712696 ], [ -157.567422803045446, 20.914903637896259 ], [ -157.569336365948629, 20.914388450209039 ], [ -157.573310679274698, 20.912990074738079 ], [ -157.576843398700078, 20.910046136394289 ], [ -157.579345742914001, 20.907543791942373 ], [ -157.581700899587929, 20.904820634939785 ], [ -157.584203243806968, 20.902465478024695 ], [ -157.587147181911291, 20.901214321372052 ], [ -157.589649526193909, 20.900699133666851 ], [ -157.592004651696698, 20.900257539734525 ], [ -157.594359808424031, 20.899079976868268 ], [ -157.597745340383057, 20.89804960150731 ], [ -157.600542090980412, 20.897534413793096 ], [ -157.603338810312408, 20.896577632218509 ], [ -157.605767592053269, 20.895326444331598 ], [ -157.607239529838836, 20.89422247526074 ], [ -157.608637905120901, 20.893486475034077 ], [ -157.610625061792661, 20.893044881112989 ], [ -157.612612218459304, 20.892456130905114 ], [ -157.614231375024644, 20.891278536811356 ], [ -157.617101719349819, 20.889659380069016 ], [ -157.619898469898658, 20.887745817005367 ], [ -157.62173843902778, 20.887009816765207 ], [ -157.624314377089121, 20.886862629149679 ], [ -157.626301533776115, 20.886862629088917 ], [ -157.627847065353194, 20.886494628949706 ], [ -157.629613471930469, 20.884728284704355 ], [ -157.63064384711879, 20.883624284397012 ], [ -157.632557410016631, 20.882961909173009 ], [ -157.636458098346282, 20.882152315101433 ], [ -157.63829806751869, 20.882667502673868 ], [ -157.641389193183045, 20.882225939968997 ], [ -157.644553943845693, 20.881269158383137 ], [ -157.646761881775035, 20.87964997041108 ], [ -157.650662601318857, 20.877810032332086 ], [ -157.652723383004087, 20.877294844640318 ], [ -157.6548577272182, 20.877147625788229 ], [ -157.656697665086966, 20.87611725047454 ], [ -157.658979227996724, 20.873467718492858 ], [ -157.660671978343316, 20.87273171825721 ], [ -157.662879947571042, 20.872510968134488 ], [ -157.665455916877079, 20.872216530482095 ], [ -157.667737448585257, 20.870965373849739 ], [ -157.671196574269061, 20.868757404442359 ], [ -157.672668543283919, 20.867064653974495 ], [ -157.673846137249399, 20.865813466125942 ], [ -157.675244481278696, 20.865003903380934 ], [ -157.67730520045609, 20.864267903134017 ], [ -157.679513200946502, 20.864415090603202 ], [ -157.681868326458954, 20.864267902994321 ], [ -157.683561108075878, 20.864120746655743 ], [ -157.685989827349488, 20.863826340257837 ], [ -157.687682608979117, 20.864047121511138 ], [ -157.689007390540667, 20.864635902867619 ], [ -157.690405765878609, 20.865519090545362 ], [ -157.691730516177387, 20.865739871809911 ], [ -157.693276079006836, 20.865445496689045 ], [ -157.69474804806498, 20.865003902783673 ], [ -157.696367235892751, 20.864194308781883 ], [ -157.697544798623426, 20.863384714793614 ], [ -157.698575173819222, 20.862501558291505 ], [ -157.699384767719039, 20.861691964314524 ], [ -157.70026795537737, 20.860661589030148 ], [ -157.701666299373414, 20.858895182296198 ], [ -157.702770268317522, 20.857496838163193 ], [ -157.70343267468499, 20.856687275440734 ], [ -157.703874268493763, 20.855583306401524 ], [ -157.70402145598527, 20.85440571235296 ], [ -157.703800674635715, 20.852933743242161 ], [ -157.703874268355975, 20.851608992909096 ], [ -157.704831049785582, 20.850725805159257 ], [ -157.706523831381986, 20.849989804923631 ], [ -157.708363769278634, 20.849769023562139 ], [ -157.710056519663283, 20.850137023602176 ], [ -157.712117301373695, 20.850357804844176 ], [ -157.71382620797516, 20.849665023368821 ], [ -157.718317458945506, 20.849194491863731 ], [ -157.724990210420373, 20.849451179223315 ], [ -157.730336930373142, 20.850263866762305 ], [ -157.735255931468544, 20.850691616718269 ], [ -157.736795744324638, 20.851204898049186 ], [ -157.738848932321673, 20.852530898317259 ], [ -157.739618870038328, 20.853899648635362 ], [ -157.739490526304678, 20.855182867709676 ], [ -157.738463963648968, 20.857193243243085 ], [ -157.736838557138441, 20.859973525237113 ], [ -157.735213150647269, 20.863309901120001 ], [ -157.734571556895958, 20.8673306521436 ], [ -157.735341463481546, 20.872121309566133 ], [ -157.736667463854616, 20.874473872612839 ], [ -157.739233901975012, 20.876099310439894 ], [ -157.74167199628593, 20.876826435546565 ], [ -157.748216403996025, 20.877468060505748 ], [ -157.752023279888846, 20.879093467044612 ], [ -157.756642843509354, 20.882130405160876 ], [ -157.760877469612325, 20.887092156269507 ], [ -157.762631188974041, 20.893593782838867 ] ], [ [ -157.062373378419892, 20.891316115995323 ], [ -157.062412472172895, 20.891150803452724 ], [ -157.062217034627309, 20.891077303440138 ], [ -157.061904284545193, 20.890691553352784 ], [ -157.061865190759846, 20.88990170940599 ], [ -157.061689284459845, 20.889571084328374 ], [ -157.061415628146932, 20.889497615568132 ], [ -157.060575127966359, 20.889644553130047 ], [ -157.060027846586792, 20.889387396831939 ], [ -157.060066940336725, 20.889130209266305 ], [ -157.059930096554041, 20.889056740501974 ], [ -157.059832377775024, 20.888836334199656 ], [ -157.059851940261922, 20.888321990320147 ], [ -157.059109158828107, 20.887734177694991 ], [ -157.05885506500087, 20.88710961504604 ], [ -157.058698689934687, 20.886172802315894 ], [ -157.058034127272435, 20.885713520970619 ], [ -157.057877752216172, 20.885070645814157 ], [ -157.057897283457464, 20.884684864466884 ], [ -157.058034127230826, 20.884482801912146 ], [ -157.057760470911148, 20.884207270601255 ], [ -157.057310908303805, 20.883968458054817 ], [ -157.057310908296984, 20.883766395504175 ], [ -157.056900439450146, 20.88358270797038 ], [ -157.05674406440815, 20.883362270419795 ], [ -157.05678315815311, 20.882958145317335 ], [ -157.057174064486929, 20.882884676537262 ], [ -157.057369533275136, 20.882737707744592 ], [ -157.05717406447701, 20.882590738963589 ], [ -157.057174064467091, 20.882296801389913 ], [ -157.05754547077737, 20.881653894967695 ], [ -157.057506377013169, 20.881488551177426 ], [ -157.057095908155134, 20.880974207310757 ], [ -157.056998158110616, 20.880294519643318 ], [ -157.056704970542768, 20.880202644629033 ], [ -157.05598178289182, 20.880459832215077 ], [ -157.055610376544877, 20.880018957115659 ], [ -157.054926282633318, 20.8797066758078 ], [ -157.054124876183437, 20.879026956911343 ], [ -157.053597094813796, 20.878935113154068 ], [ -157.053284375984816, 20.878641206839735 ], [ -157.053284375964324, 20.878034956687781 ], [ -157.05279571958846, 20.877502237818838 ], [ -157.052795719573567, 20.877061331458332 ], [ -157.053538469722042, 20.876602081321078 ], [ -157.053499375955965, 20.876381643766987 ], [ -157.053694844741074, 20.876142799951289 ], [ -157.053030282086894, 20.875922362415867 ], [ -157.052639344488171, 20.875554956085441 ], [ -157.052639344477626, 20.875242674757171 ], [ -157.052404813156613, 20.874673174621428 ], [ -157.05220934436224, 20.87463642461805 ], [ -157.052522063144664, 20.87355254933706 ], [ -157.052443906848254, 20.872689111622986 ], [ -157.051896594210689, 20.872193111514992 ], [ -157.051407937862109, 20.872468674098631 ], [ -157.050919312749897, 20.872340049080961 ], [ -157.05088018773381, 20.87211961152688 ], [ -157.050313375096863, 20.871770548956295 ], [ -157.05002018749741, 20.870741798707197 ], [ -157.050059249997986, 20.870502954896168 ], [ -157.050215625023213, 20.870227392322445 ], [ -157.049981062467708, 20.870117173551812 ], [ -157.049551062388872, 20.870594798684341 ], [ -157.048925562250787, 20.870594798702996 ], [ -157.048495562152766, 20.87050295494279 ], [ -157.04763553069489, 20.869970204834903 ], [ -157.047049124316686, 20.870006923611587 ], [ -157.04693184303639, 20.869878329832858 ], [ -157.046208655376148, 20.869859954849808 ], [ -157.04564181148487, 20.869382298496994 ], [ -157.045114092625823, 20.869602767317982 ], [ -157.044195404904997, 20.869069985961826 ], [ -157.043823998559333, 20.868665829621598 ], [ -157.042866217042729, 20.867030766740335 ], [ -157.042690310752022, 20.866975641731759 ], [ -157.042690310742728, 20.866700047912683 ], [ -157.042416654430468, 20.866644954157035 ], [ -157.042299404399614, 20.866497985373687 ], [ -157.040755247821693, 20.866883766766399 ], [ -157.039758372613363, 20.867232829383596 ], [ -157.039289310008598, 20.867196110638361 ], [ -157.038390184797038, 20.866810298068462 ], [ -157.037706028376761, 20.866240766696091 ], [ -157.037178278228652, 20.865303828976973 ], [ -157.037256465720503, 20.864550578785853 ], [ -157.037823309580801, 20.864109641158439 ], [ -157.038018778364659, 20.863834047333548 ], [ -157.037686497011549, 20.862952203372416 ], [ -157.037510559467734, 20.862805203340816 ], [ -157.037354184433241, 20.862805203345474 ], [ -157.036865528096428, 20.86342985976659 ], [ -157.036259621718187, 20.863595172326082 ], [ -157.036083684165106, 20.863172640975414 ], [ -157.035301840236883, 20.863007265957251 ], [ -157.035204121449851, 20.862548015845054 ], [ -157.035555934018248, 20.862272453265504 ], [ -157.035555934013274, 20.862125484478675 ], [ -157.035243215183073, 20.861794734405091 ], [ -157.034656808792477, 20.861464046839668 ], [ -157.034285433707993, 20.861390546832304 ], [ -157.033992246146994, 20.861500765618665 ], [ -157.033738152359462, 20.862051953264388 ], [ -157.033210402265837, 20.862731734700489 ], [ -157.033190839780133, 20.863282891089209 ], [ -157.032956308490725, 20.863650328688301 ], [ -157.031236214350997, 20.863356391165851 ], [ -157.030552120442536, 20.86313592238097 ], [ -157.027385619691984, 20.861611015843046 ], [ -157.026838307058767, 20.861243547017235 ], [ -157.026056463107608, 20.860398421828677 ], [ -157.025782838040413, 20.860196328036164 ], [ -157.025118244137474, 20.860012609259904 ], [ -157.023437275008888, 20.859792140504673 ], [ -157.021795399628388, 20.859259327919997 ], [ -157.01944983657458, 20.858193733972705 ], [ -157.015833773211767, 20.856282952351354 ], [ -157.01475874170211, 20.855621514717537 ], [ -157.014172366549104, 20.854923327059968 ], [ -157.01409417901823, 20.854519108210972 ], [ -157.014446022823648, 20.853857701784722 ], [ -157.014504647825504, 20.853526951700065 ], [ -157.014406897797699, 20.853343232906923 ], [ -157.014133272736075, 20.853306482905843 ], [ -157.013921928942125, 20.853387764182511 ], [ -157.013903772690156, 20.853448295448217 ], [ -157.013813272661167, 20.853180920383892 ], [ -157.013598491358778, 20.853034107853485 ], [ -157.012797991191292, 20.853309389196301 ], [ -157.011743647215297, 20.853511295528271 ], [ -157.00986927176433, 20.852410107807984 ], [ -157.007955865036848, 20.85077663870543 ], [ -157.006472020902976, 20.849106482080899 ], [ -157.006237708330275, 20.848482481931452 ], [ -157.006315802091365, 20.848298950633119 ], [ -157.006198677062969, 20.848225513118187 ], [ -157.006198677058649, 20.848097044335994 ], [ -157.006315802083918, 20.848078700577911 ], [ -157.006276770800611, 20.847344544145049 ], [ -157.006179145772876, 20.847161044101949 ], [ -157.005476239367653, 20.847161044122849 ], [ -157.005202895552372, 20.847014169094155 ], [ -157.004500020391589, 20.84684898157364 ], [ -157.003914270248657, 20.846445200239842 ], [ -157.003445707628543, 20.845949637629548 ], [ -157.002977113744834, 20.845050293668045 ], [ -157.002977113726899, 20.844518043534631 ], [ -157.002840426180683, 20.844040824669065 ], [ -157.00213755099216, 20.843049699441512 ], [ -157.001844675905886, 20.842407293039184 ], [ -156.999169800214645, 20.839415479868723 ], [ -156.998349768732993, 20.837910385765809 ], [ -156.997139237158905, 20.836221760378489 ], [ -156.997158768408895, 20.836093260345695 ], [ -156.99749067472851, 20.835983104058222 ], [ -156.997490674719245, 20.835707791489209 ], [ -156.996123955622437, 20.834367853693937 ], [ -156.995479642944986, 20.833321603450813 ], [ -156.995147705343356, 20.832477228249019 ], [ -156.994854861515137, 20.832073415656495 ], [ -156.995186767840863, 20.832146821915035 ], [ -156.995460111645031, 20.831963290610915 ], [ -156.995440580383956, 20.831761353060877 ], [ -156.99518676781986, 20.831522728008604 ], [ -156.995186767806956, 20.831137259161981 ], [ -156.995011049015687, 20.831063852898801 ], [ -156.994405798882667, 20.831082196671368 ], [ -156.994093361309353, 20.830953727898439 ], [ -156.993390517381329, 20.830274571499064 ], [ -156.991809016967409, 20.828347164812893 ], [ -156.990813266659984, 20.825740570439081 ], [ -156.989954172690091, 20.82484107023911 ], [ -156.989524610084146, 20.824510695169042 ], [ -156.989758922626663, 20.824235320093077 ], [ -156.99018845397211, 20.824253695084931 ], [ -156.990247078975784, 20.823978382514181 ], [ -156.989641766332284, 20.823684632458509 ], [ -156.98891935992711, 20.82381313251215 ], [ -156.98870460987041, 20.823537788699515 ], [ -156.988704609849435, 20.822913663543073 ], [ -156.989036516145063, 20.822087600826155 ], [ -156.989016984875917, 20.821647038216305 ], [ -156.988821734823574, 20.821371663153077 ], [ -156.988138390909768, 20.820986163076729 ], [ -156.987767422065531, 20.820619037995709 ], [ -156.987415953219426, 20.8200683503681 ], [ -156.987142640630111, 20.819205537659947 ], [ -156.9872792968863, 20.818489599976427 ], [ -156.987865015753897, 20.818140849871646 ], [ -156.988353140863552, 20.818195912370964 ], [ -156.988431265872777, 20.817957224808811 ], [ -156.988275047082738, 20.817792006022039 ], [ -156.988196953305646, 20.817498287200742 ], [ -156.987825984468799, 20.817351443424929 ], [ -156.987025484290797, 20.817314724689474 ], [ -156.986810671737231, 20.817131162149838 ], [ -156.987259765552494, 20.816121474383433 ], [ -156.987884578173833, 20.815625817990664 ], [ -156.987689328127004, 20.815515692968855 ], [ -156.987415953040795, 20.814744661533705 ], [ -156.987650265578338, 20.814322411420907 ], [ -156.987513609287134, 20.813991973842146 ], [ -156.987533109285266, 20.813808411295557 ], [ -156.988001703138082, 20.813790036277055 ], [ -156.987943140622718, 20.813716598760383 ], [ -156.988021234387475, 20.813643192489671 ], [ -156.987767421830199, 20.813606473737988 ], [ -156.987923609359797, 20.813459598696543 ], [ -156.98770882805681, 20.813294379911504 ], [ -156.987786953067882, 20.813110786113164 ], [ -156.987513609257547, 20.813110786121268 ], [ -156.987396452988492, 20.813312723675363 ], [ -156.986791202860985, 20.813496317489335 ], [ -156.986283546492729, 20.813312723708368 ], [ -156.985893046390515, 20.812835442350327 ], [ -156.985736858835082, 20.812211254698504 ], [ -156.985873515109091, 20.812027660898426 ], [ -156.986088296402812, 20.811917535864467 ], [ -156.986205421430498, 20.811972598374791 ], [ -156.986127358907737, 20.811807379585701 ], [ -156.986478796485358, 20.811807379575274 ], [ -156.986595952757511, 20.811697192044175 ], [ -156.986615452755018, 20.811495285742986 ], [ -156.986810671553712, 20.811660504528614 ], [ -156.986830234054281, 20.811550348250421 ], [ -156.986634984001967, 20.811274973187185 ], [ -156.986771671527208, 20.811128129396323 ], [ -156.987415952915171, 20.810999598095005 ], [ -156.987767421737232, 20.810834379293169 ], [ -156.987708827962592, 20.810485566707488 ], [ -156.987298827865914, 20.810302004173629 ], [ -156.987201202832011, 20.809934816584494 ], [ -156.987415952870805, 20.809677785263702 ], [ -156.987454984120234, 20.809402441443531 ], [ -156.9876502654121, 20.809365722678542 ], [ -156.987533109135626, 20.809347347677413 ], [ -156.987611202898535, 20.809218847642882 ], [ -156.987415952856679, 20.809255566407877 ], [ -156.98731835907833, 20.809053628860156 ], [ -156.986986452748283, 20.808851691319386 ], [ -156.986478796381903, 20.808723191302235 ], [ -156.98647879637636, 20.808557941260805 ], [ -156.986205421306749, 20.808282566199896 ], [ -156.986303077566021, 20.807915378604967 ], [ -156.986713077649767, 20.8077134410422 ], [ -156.988001702937339, 20.807805222276997 ], [ -156.988138390454594, 20.807419722176313 ], [ -156.98794314038625, 20.806667003243444 ], [ -156.988196952923829, 20.806116221847876 ], [ -156.988118859119623, 20.805014721574103 ], [ -156.987962671567914, 20.804500658949898 ], [ -156.987435483949071, 20.804427221447114 ], [ -156.987220733895498, 20.804243627657478 ], [ -156.987123108858526, 20.803784627545323 ], [ -156.987298827619639, 20.802958471083052 ], [ -156.987337858882569, 20.803086971114105 ], [ -156.987611202681194, 20.802738158518576 ], [ -156.988489827861031, 20.802315908386696 ], [ -156.989212234268706, 20.802260814601468 ], [ -156.989173171753293, 20.802058877052016 ], [ -156.989290328026073, 20.801967064525524 ], [ -156.989602703071057, 20.801251064336814 ], [ -156.989583203049506, 20.800736970458555 ], [ -156.98944654675887, 20.800424876634377 ], [ -156.989563703029802, 20.800278001594098 ], [ -156.989290327963914, 20.800112751560782 ], [ -156.989329390462075, 20.799800657731403 ], [ -156.989563703008884, 20.799653782687653 ], [ -156.989407484221942, 20.799580345173879 ], [ -156.989407484202872, 20.799011188781233 ], [ -156.988938890349402, 20.799011188795124 ], [ -156.988685077789029, 20.798882657520437 ], [ -156.988021233859257, 20.797891219791619 ], [ -156.987884577565524, 20.797487313444442 ], [ -156.987454983705334, 20.797028313342139 ], [ -156.98745498368811, 20.796514219463294 ], [ -156.987533108705975, 20.796532594465578 ], [ -156.987689327483054, 20.796312281905731 ], [ -156.988548390171474, 20.796275563121068 ], [ -156.988899827741676, 20.796055219305433 ], [ -156.989114609039092, 20.796055219299067 ], [ -156.98942701534699, 20.795724750456987 ], [ -156.99011035923985, 20.795486062876911 ], [ -156.989739390402406, 20.795320844096501 ], [ -156.989505109092704, 20.795082156543621 ], [ -156.98952460906807, 20.794219187576765 ], [ -156.989661296595187, 20.794127406299708 ], [ -156.990188452959075, 20.794053968765681 ], [ -156.990325140475733, 20.7936500311604 ], [ -156.990188452940004, 20.793484781123038 ], [ -156.989895609125369, 20.79348478113171 ], [ -156.989446546518849, 20.793264468589804 ], [ -156.989212233967152, 20.793264468596753 ], [ -156.989134140188185, 20.792915624761637 ], [ -156.988685077586581, 20.792842187256536 ], [ -156.988528890044137, 20.792603499701347 ], [ -156.988548390034254, 20.792181218344933 ], [ -156.988411733750439, 20.792071062071376 ], [ -156.988411733741827, 20.791813968256935 ], [ -156.988587452523802, 20.791612030701128 ], [ -156.989270796416065, 20.791354968116451 ], [ -156.98968082774428, 20.790987749262275 ], [ -156.989544140206732, 20.790767436711111 ], [ -156.989329390161174, 20.790822499231275 ], [ -156.989016983837871, 20.790693967958319 ], [ -156.988860796294802, 20.790436936648526 ], [ -156.988841265026309, 20.790014624043273 ], [ -156.989192702592845, 20.789684155200032 ], [ -156.989056046300988, 20.789335280116646 ], [ -156.989485577641517, 20.789206748821716 ], [ -156.989700358933391, 20.78904153002394 ], [ -156.989895608966037, 20.788729373689936 ], [ -156.990105890254711, 20.788497561125595 ], [ -156.990103452753658, 20.788482623621931 ], [ -156.990111984004983, 20.788466529867645 ], [ -156.990115671504924, 20.788438967360623 ], [ -156.990110765253206, 20.788420592356172 ], [ -156.990059452740525, 20.788381529847893 ], [ -156.990030140232449, 20.788333248586667 ], [ -156.989958077715926, 20.788314904834195 ], [ -156.989931202709442, 20.788298811080963 ], [ -156.98991407770481, 20.788272373574845 ], [ -156.989889671447457, 20.788213748560878 ], [ -156.989928765205462, 20.788194248554838 ], [ -156.989945858959203, 20.788194248554326 ], [ -156.989965358962536, 20.788165561046554 ], [ -156.989945858958066, 20.788160936045987 ], [ -156.989937296455821, 20.788149467293358 ], [ -156.989848108935888, 20.788142561044264 ], [ -156.989809015176775, 20.788128779791972 ], [ -156.98977604641891, 20.788110404788352 ], [ -156.989760140164719, 20.788090873533921 ], [ -156.989757733913052, 20.788056404775354 ], [ -156.98976504641422, 20.788043779771982 ], [ -156.989780921417406, 20.788033436018917 ], [ -156.989828577677628, 20.788024248515196 ], [ -156.989881108939215, 20.78802424851364 ], [ -156.989885983940553, 20.788032279765506 ], [ -156.9899116401958, 20.78801962351158 ], [ -156.989937296451416, 20.788018498510535 ], [ -156.989997171463983, 20.787998967253863 ], [ -156.990050952725767, 20.787996654751694 ], [ -156.990075358981784, 20.788015029755577 ], [ -156.99010710899006, 20.788052967264139 ], [ -156.990142546498049, 20.788058686014526 ], [ -156.990185296506723, 20.788035717257504 ], [ -156.990202390260009, 20.788020779753253 ], [ -156.990234171517045, 20.788020779752312 ], [ -156.990287921529699, 20.788046061007055 ], [ -156.990325796539253, 20.788079373514279 ], [ -156.990378327801608, 20.788102342268484 ], [ -156.990388077803601, 20.788097717267036 ], [ -156.990406421556088, 20.788051811004983 ], [ -156.990417421558021, 20.788036873500907 ], [ -156.990439390312645, 20.78802996724853 ], [ -156.99047604657153, 20.788052967253208 ], [ -156.990529796583814, 20.788066748505067 ], [ -156.99063976535794, 20.788062154750659 ], [ -156.990655640361666, 20.788067904751632 ], [ -156.990671515366046, 20.788094311007782 ], [ -156.990709390375429, 20.788125342264433 ], [ -156.99075457788544, 20.788126467263382 ], [ -156.990768015387971, 20.788113842259818 ], [ -156.990768015387403, 20.788096623505499 ], [ -156.99074970288288, 20.788081686002297 ], [ -156.990728890378023, 20.788073654750907 ], [ -156.990710609123397, 20.788056404747124 ], [ -156.990694734118421, 20.788011592236359 ], [ -156.990699609118366, 20.787979467228169 ], [ -156.990741140376628, 20.787951842220014 ], [ -156.990793671637732, 20.787936935964723 ], [ -156.990871859154794, 20.787931185960957 ], [ -156.990908515413821, 20.787958748466789 ], [ -156.990946390422778, 20.787977123470281 ], [ -156.991097859207287, 20.788009310973841 ], [ -156.991105202958636, 20.788001248471605 ], [ -156.991102734207743, 20.787989779718806 ], [ -156.991080765452125, 20.787966779713692 ], [ -156.991085640452326, 20.787940373456927 ], [ -156.99115648421693, 20.787910498447353 ], [ -156.991213921726796, 20.787826623424625 ], [ -156.99124689048341, 20.787807092168752 ], [ -156.991433796772981, 20.787756560900544 ], [ -156.99146192177912, 20.787754248399132 ], [ -156.991490015534765, 20.78773818589428 ], [ -156.991510765538493, 20.787711748387043 ], [ -156.991525421791465, 20.78770371713459 ], [ -156.99153642179391, 20.787704842134548 ], [ -156.991546203046397, 20.787714060886572 ], [ -156.991557203049865, 20.787746217144303 ], [ -156.9915767343048, 20.787763435898043 ], [ -156.991607296811537, 20.787764592147425 ], [ -156.99164148431862, 20.787749623392664 ], [ -156.991685484326638, 20.787700248378979 ], [ -156.991719671833295, 20.787672685871069 ], [ -156.991755109340716, 20.787660060866841 ], [ -156.991821078105289, 20.787661185865176 ], [ -156.991945640633674, 20.787687623368107 ], [ -156.991984765641945, 20.787676123364061 ], [ -156.991992109392783, 20.787653154608101 ], [ -156.991983546889884, 20.787623279600862 ], [ -156.991940796878765, 20.787572748339464 ], [ -156.991920015622526, 20.787523342077694 ], [ -156.991922484372083, 20.787494623320427 ], [ -156.991938359374501, 20.787461310811608 ], [ -156.991935890622273, 20.787411904549295 ], [ -156.991945640623896, 20.787395810794976 ], [ -156.991983546882011, 20.787387779541842 ], [ -156.991999421885083, 20.787373998287915 ], [ -156.991999421883662, 20.787331498277265 ], [ -156.992102046898509, 20.787100560716354 ], [ -156.992194890660897, 20.78685815440285 ], [ -156.992205890661154, 20.786792685636122 ], [ -156.992235203165535, 20.786730623119695 ], [ -156.992296296926497, 20.786654810598883 ], [ -156.992350046934206, 20.78653187306649 ], [ -156.992376921939098, 20.786499716807636 ], [ -156.992442890701597, 20.786438841790417 ], [ -156.992469765706346, 20.786403248030695 ], [ -156.992501515710757, 20.786325091760183 ], [ -156.992518640711978, 20.786249279240671 ], [ -156.992522296960232, 20.786173466721557 ], [ -156.992508859454716, 20.786097622952951 ], [ -156.992492984449996, 20.786060841694205 ], [ -156.992448984438568, 20.786009154182562 ], [ -156.992425796930746, 20.785928747913097 ], [ -156.992395203172578, 20.785886216653335 ], [ -156.992354921912749, 20.785858654147624 ], [ -156.992298734400464, 20.785862091650152 ], [ -156.992282859397733, 20.785884654156273 ], [ -156.992032859267141, 20.783634684849822 ], [ -156.992059296772794, 20.783629872347834 ], [ -156.992076390525767, 20.783605747341284 ], [ -156.992061734270919, 20.783557466079621 ], [ -156.992078828024518, 20.783551747327682 ], [ -156.992119140533532, 20.783554028577054 ], [ -156.99212648428491, 20.783548278575399 ], [ -156.992124046783971, 20.783535684822315 ], [ -156.992108171779705, 20.783512684817023 ], [ -156.992111828029607, 20.783486247310286 ], [ -156.992179015543684, 20.783463278552556 ], [ -156.992183890543942, 20.783439153546354 ], [ -156.992174109291312, 20.783425341043181 ], [ -156.992135046782863, 20.783429966045496 ], [ -156.99211548427823, 20.783420778543782 ], [ -156.992100796774196, 20.78339780978845 ], [ -156.992092265521251, 20.783364466030353 ], [ -156.992056828012323, 20.783332309773339 ], [ -156.99204464050959, 20.783331153523406 ], [ -156.992029984256817, 20.783344934777308 ], [ -156.992017765504073, 20.783343809777378 ], [ -156.991885827972027, 20.783256466009398 ], [ -156.991861390465857, 20.783233497254365 ], [ -156.991856452964385, 20.783220872251349 ], [ -156.991861390464891, 20.783204778497176 ], [ -156.991880921718831, 20.783193309743719 ], [ -156.991944452983461, 20.78321165349643 ], [ -156.991956671736091, 20.783209372245508 ], [ -156.991967671737257, 20.783172622235963 ], [ -156.991995765492334, 20.783138153476489 ], [ -156.992025077998051, 20.783115153469858 ], [ -156.992114265516705, 20.78308530970974 ], [ -156.99213992177144, 20.783057715952065 ], [ -156.992138703020231, 20.783028997194904 ], [ -156.992092265509427, 20.783011778441963 ], [ -156.992043421748463, 20.783007184692259 ], [ -156.992003109239079, 20.782992247189707 ], [ -156.99198354673419, 20.782974997185971 ], [ -156.99196767172856, 20.782912965920893 ], [ -156.991932234219888, 20.782885403415037 ], [ -156.991913921714058, 20.782832528402327 ], [ -156.991878484206183, 20.782831403403097 ], [ -156.991865046702941, 20.782823340901473 ], [ -156.991861390451589, 20.782807278397552 ], [ -156.991865046702031, 20.782795809644568 ], [ -156.991899265458983, 20.78277855963924 ], [ -156.991918796712724, 20.782761309634342 ], [ -156.991921265462793, 20.78274752838081 ], [ -156.991915140461202, 20.782740622129261 ], [ -156.991900484207861, 20.782736028378544 ], [ -156.991895577956512, 20.782729153376962 ], [ -156.991800296686165, 20.782748684634683 ], [ -156.991780765431372, 20.782734872131797 ], [ -156.991757546676041, 20.782729153381059 ], [ -156.991736765421933, 20.782742934635127 ], [ -156.991718452918747, 20.782768215891998 ], [ -156.991696452914198, 20.782777403394959 ], [ -156.991691577914025, 20.782804965901999 ], [ -156.991683015412292, 20.782809559653405 ], [ -156.991656140405837, 20.78279346590017 ], [ -156.991613390396395, 20.782793465901442 ], [ -156.991575515387552, 20.78277968464911 ], [ -156.991557202882632, 20.782753278393031 ], [ -156.991608515392272, 20.782702715878841 ], [ -156.991610952891733, 20.782670559620716 ], [ -156.991604827889944, 20.782657934617728 ], [ -156.991546202876407, 20.782639528364857 ], [ -156.991480234110441, 20.782598184606442 ], [ -156.991389827840237, 20.782591278357394 ], [ -156.991349515331024, 20.782580934605996 ], [ -156.991251796557407, 20.782520059593633 ], [ -156.991220015299945, 20.782506247091117 ], [ -156.991150390283991, 20.782489028338862 ], [ -156.99109176526963, 20.782446528329949 ], [ -156.991069765263063, 20.782395965817926 ], [ -156.991066077759456, 20.782312122047021 ], [ -156.991049296502666, 20.782219590774336 ], [ -156.990930390227305, 20.782246528284606 ], [ -156.990930390210139, 20.781733653156081 ], [ -156.9913404215242, 20.780944090446066 ], [ -156.99106707770585, 20.780705371644338 ], [ -156.990891390146174, 20.780081121493104 ], [ -156.990735171365372, 20.78019127777533 ], [ -156.990559452574729, 20.780136184016737 ], [ -156.990598483837658, 20.78026471529779 ], [ -156.990422765052585, 20.780374871580598 ], [ -156.990129889987912, 20.780374871589274 ], [ -156.989817483654804, 20.77995255899269 ], [ -156.989680827362974, 20.779603683909311 ], [ -156.988782702142572, 20.778942652520254 ], [ -156.988509358294124, 20.777804183493043 ], [ -156.988431264476503, 20.776298495618025 ], [ -156.988040764341093, 20.774829464011443 ], [ -156.987943139285164, 20.773801120006635 ], [ -156.987728357967455, 20.773195151111135 ], [ -156.987454982891137, 20.772717713499585 ], [ -156.986966888983602, 20.771230306891297 ], [ -156.986752138927613, 20.770973213083231 ], [ -156.986010201215919, 20.769540900246255 ], [ -156.985932107437634, 20.769210337665733 ], [ -156.985424451047322, 20.768365618719077 ], [ -156.985404951013493, 20.767484180998764 ], [ -156.985502544766604, 20.766933274607819 ], [ -156.985268263445249, 20.766345618217496 ], [ -156.985307263428069, 20.765574336773067 ], [ -156.98509254462266, 20.765335617969605 ], [ -156.984897325808078, 20.764692867814315 ], [ -156.984838700776095, 20.764123586423391 ], [ -156.9843701381389, 20.763113586184154 ], [ -156.984174888061403, 20.762085179682224 ], [ -156.983940575496803, 20.761699523342518 ], [ -156.98386248169578, 20.760689460591713 ], [ -156.983608700354154, 20.759624335332312 ], [ -156.983354856530298, 20.759091772706373 ], [ -156.982964387651151, 20.757806241145794 ], [ -156.982066199885992, 20.755804459420734 ], [ -156.981870981043187, 20.754316865303743 ], [ -156.981714793497048, 20.753967958970929 ], [ -156.98167569971875, 20.753380240074815 ], [ -156.979742792986883, 20.751727364717794 ], [ -156.978200355088774, 20.750000989330786 ], [ -156.97710694856309, 20.748972489105387 ], [ -156.976365042110103, 20.747797082582782 ], [ -156.975994073269618, 20.747539957529316 ], [ -156.975388791878032, 20.747301207487375 ], [ -156.975388791873115, 20.747154269950556 ], [ -156.975310698108956, 20.747246082475876 ], [ -156.974920198017855, 20.747099176200603 ], [ -156.974002572795712, 20.746511457330442 ], [ -156.973280135113555, 20.745831894681508 ], [ -156.972674884970786, 20.745556394630359 ], [ -156.971542447187716, 20.744564613165291 ], [ -156.970898134522201, 20.743866706759448 ], [ -156.970468603149158, 20.743021831560416 ], [ -156.97042954062951, 20.742691206478728 ], [ -156.970234290582738, 20.74258101895688 ], [ -156.969804759211542, 20.741791268771674 ], [ -156.969414259112511, 20.741405549936555 ], [ -156.969062821530684, 20.741276987414718 ], [ -156.968106102542521, 20.740468799740466 ], [ -156.967305602284938, 20.738044392906588 ], [ -156.966993195946344, 20.737456642768532 ], [ -156.966563664587454, 20.737034205175366 ], [ -156.96566553937393, 20.736574986336805 ], [ -156.965372664297007, 20.736207642503409 ], [ -156.965470289298935, 20.735619892353242 ], [ -156.965646008083439, 20.735491329815844 ], [ -156.96588032061797, 20.73497701718005 ], [ -156.965977945595426, 20.733654548095782 ], [ -156.96539219548086, 20.734095391973543 ], [ -156.964806445351542, 20.734095391990838 ], [ -156.964572164029022, 20.733470860591257 ], [ -156.964650257785848, 20.733158610510703 ], [ -156.96453310149775, 20.732791266672113 ], [ -156.964259757675762, 20.732442266592734 ], [ -156.963986413861761, 20.732332079073188 ], [ -156.964064507626574, 20.73225857905247 ], [ -156.963244476198014, 20.732332079095084 ], [ -156.962209694741688, 20.732993298041329 ], [ -156.96096010071463, 20.732956579319012 ], [ -156.959691006710869, 20.733746392054375 ], [ -156.958148537606945, 20.73334229824864 ], [ -156.956000849672705, 20.7345361736112 ], [ -156.955512724559441, 20.734370892334184 ], [ -156.954848880643908, 20.733801485961092 ], [ -156.954848880637797, 20.733617829665061 ], [ -156.9542631617567, 20.733562704668525 ], [ -156.953462630346507, 20.734058642316441 ], [ -156.95307216152807, 20.734591298711443 ], [ -156.952857380234946, 20.734719892499999 ], [ -156.951412567411154, 20.73457295500581 ], [ -156.951217317380298, 20.734940298853633 ], [ -156.950748723540954, 20.735362736473316 ], [ -156.949967723364267, 20.735234173964134 ], [ -156.949479598262656, 20.735417830274564 ], [ -156.949225785704186, 20.735344392763658 ], [ -156.949069598172144, 20.735417830286657 ], [ -156.948854816887575, 20.735803580389675 ], [ -156.948210504251477, 20.735987236704712 ], [ -156.9479371916795, 20.735638236625309 ], [ -156.9481910042484, 20.736023955464482 ], [ -156.947507629095725, 20.735968861720842 ], [ -156.947195254014503, 20.735601517888 ], [ -156.947000003968952, 20.735528049125335 ], [ -156.946765660169063, 20.735583142896068 ], [ -156.946629035146884, 20.735821955459944 ], [ -156.946179941306326, 20.736079080537635 ], [ -156.945535628662839, 20.736042299297416 ], [ -156.944578940943103, 20.73578520551121 ], [ -156.94407128458289, 20.73584026803999 ], [ -156.943095065599636, 20.735307642935304 ], [ -156.942821721803966, 20.735748455553839 ], [ -156.942626471763305, 20.735821955578015 ], [ -156.942118846650658, 20.735803580588385 ], [ -156.941611190283055, 20.735638236811919 ], [ -156.940947346391425, 20.735785205618328 ], [ -156.940322565002305, 20.735748455627547 ], [ -156.939541596073724, 20.735564799354549 ], [ -156.939170627234517, 20.735344393060259 ], [ -156.938174845769566, 20.735491330626449 ], [ -156.937667220667947, 20.735803580719672 ], [ -156.93669100169754, 20.735656643211637 ], [ -156.934777594996348, 20.734793361801696 ], [ -156.934426126166926, 20.734738205548233 ], [ -156.934191844876239, 20.735068861888017 ], [ -156.933137500910618, 20.735583143297998 ], [ -156.932844594609378, 20.735987237157907 ], [ -156.932395563263924, 20.736097455948769 ], [ -156.931536500592614, 20.736648456112196 ], [ -156.931028844234874, 20.736777049909389 ], [ -156.930560250380779, 20.736758674918594 ], [ -156.929974500242281, 20.736483174866812 ], [ -156.92964262515676, 20.736115831034535 ], [ -156.928998312502301, 20.735748455961456 ], [ -156.928627312405723, 20.735307643361907 ], [ -156.928295406078178, 20.735179080839469 ], [ -156.927631562195018, 20.735583143460314 ], [ -156.92704581207002, 20.735711737259802 ], [ -156.926323405659303, 20.735674987271885 ], [ -156.925698624252391, 20.735105612147599 ], [ -156.925522905463623, 20.735105612152779 ], [ -156.925366686685265, 20.7352892372034 ], [ -156.924546686516436, 20.735656643569659 ], [ -156.923062811185758, 20.735564799840365 ], [ -156.922555154837141, 20.735968862456602 ], [ -156.922281811030473, 20.736079081242284 ], [ -156.922106092248384, 20.736281112548099 ], [ -156.921813217186184, 20.736354581325148 ], [ -156.921774185932492, 20.736501518863118 ], [ -156.921481310867819, 20.736501518871755 ], [ -156.921422717092014, 20.73611583127682 ], [ -156.921539873365418, 20.736042300004929 ], [ -156.921852279685027, 20.736060706250335 ], [ -156.922242748504715, 20.735564799864534 ], [ -156.92239896727699, 20.735197456017861 ], [ -156.922359936010423, 20.734958674709159 ], [ -156.922184185961811, 20.73466479964069 ], [ -156.921852279634237, 20.734536174618235 ], [ -156.921305592036788, 20.735234174809275 ], [ -156.921246998300774, 20.736042300013558 ], [ -156.921364154584012, 20.736262768815365 ], [ -156.920583185667056, 20.73642805012981 ], [ -156.919938841791321, 20.7369239877731 ], [ -156.919392185455479, 20.737970925551625 ], [ -156.918884529098307, 20.738117863103408 ], [ -156.918728372811358, 20.738044394339596 ], [ -156.917791153857507, 20.738136206890232 ], [ -156.917049216191231, 20.738062769393682 ], [ -156.91613155974045, 20.738117863184531 ], [ -156.915526278351308, 20.737952550660935 ], [ -156.915487247085963, 20.737750519361438 ], [ -156.915409153330955, 20.738117863205819 ], [ -156.915135809521217, 20.73813620696847 ], [ -156.914862434457149, 20.73802601944891 ], [ -156.914628153158503, 20.738117863228833 ], [ -156.914198621813654, 20.738117863241484 ], [ -156.913261434073689, 20.737126019270484 ], [ -156.912050902566222, 20.737419894379808 ], [ -156.91173849624235, 20.737272956852184 ], [ -156.911367558648209, 20.736905613021026 ], [ -156.909317464485866, 20.738117863385281 ], [ -156.909278433232799, 20.738283175927872 ], [ -156.908887933147184, 20.738301550943984 ], [ -156.90853646431222, 20.738081113399076 ], [ -156.908360745506911, 20.737585207029948 ], [ -156.908048370424495, 20.737181113187859 ], [ -156.907618807817443, 20.736813769358424 ], [ -156.907404057746163, 20.736097456685204 ], [ -156.907052588913672, 20.73595051915872 ], [ -156.906701182602575, 20.736446425543374 ], [ -156.906681620104365, 20.736630113089994 ], [ -156.906154463764267, 20.737419894553494 ], [ -156.905939682469892, 20.737511738332842 ], [ -156.905373494845492, 20.737530113354111 ], [ -156.904709650940333, 20.737272957059208 ], [ -156.90424105708442, 20.737199488304586 ], [ -156.903870088268405, 20.737677050935229 ], [ -156.903206244382204, 20.737989301033053 ], [ -156.902971963071309, 20.73771376972088 ], [ -156.902171431642074, 20.737640300976036 ], [ -156.901859056579809, 20.737842363535886 ], [ -156.901702869063683, 20.738393394928615 ], [ -156.901507619024244, 20.738503582461977 ], [ -156.901273306471296, 20.738466832459675 ], [ -156.90094136888942, 20.738209707404987 ], [ -156.900492306294524, 20.738338269950439 ], [ -156.900004212445907, 20.738613770033876 ], [ -156.899730868647168, 20.738962738879394 ], [ -156.899672337411147, 20.739770895333709 ], [ -156.899437962371024, 20.740119864178084 ], [ -156.899047493542128, 20.740340270494841 ], [ -156.898696055965729, 20.740377020514394 ], [ -156.897797930761271, 20.740193332994792 ], [ -156.897700305736095, 20.740083145470052 ], [ -156.897797930755758, 20.740028051703362 ], [ -156.89725124312713, 20.739789270409609 ], [ -156.896860743041515, 20.73980764542571 ], [ -156.896645961749584, 20.739972957973475 ], [ -156.895845461574623, 20.740028051760849 ], [ -156.894713055072714, 20.739972958030378 ], [ -156.894263961218655, 20.739825989256762 ], [ -156.893268210960258, 20.738668863995994 ], [ -156.89256533576048, 20.737328051180572 ], [ -156.892409148209481, 20.736832144810851 ], [ -156.89246771070043, 20.736170925893376 ], [ -156.892721523227777, 20.735307644419503 ], [ -156.893209648306225, 20.734425987934117 ], [ -156.892662960680042, 20.734260706658773 ], [ -156.891842929275185, 20.735050488130891 ], [ -156.890788585297258, 20.735197456948764 ], [ -156.890456710222736, 20.735160706949323 ], [ -156.890105241398174, 20.735252550732689 ], [ -156.89010524142688, 20.736115832199097 ], [ -156.890261428963186, 20.736170925958309 ], [ -156.890261428968699, 20.736336207249739 ], [ -156.889870928903235, 20.736960707417786 ], [ -156.889480428820661, 20.737070926206911 ], [ -156.88940233505096, 20.736997457440793 ], [ -156.889285178779375, 20.737126019976468 ], [ -156.888484678610553, 20.737364801309887 ], [ -156.887371772115984, 20.737401520101841 ], [ -156.887117959564819, 20.737548488896156 ], [ -156.886805584509915, 20.737970926511252 ], [ -156.886805584527877, 20.738511239146689 ], [ -156.886811959530348, 20.738543364154562 ], [ -156.886765584520845, 20.738566332911688 ], [ -156.886775365775918, 20.738653582933274 ], [ -156.886848584544964, 20.738740801702981 ], [ -156.886880303305361, 20.738841832977378 ], [ -156.886858365804784, 20.73897039551025 ], [ -156.88681195954652, 20.73903008302657 ], [ -156.886770459537956, 20.739048458032407 ], [ -156.886680178268023, 20.739048458035064 ], [ -156.886677740766856, 20.739030083030528 ], [ -156.886580115745318, 20.739030083033398 ], [ -156.886538615737379, 20.739066833043843 ], [ -156.886582553250349, 20.739165551817294 ], [ -156.886606959505656, 20.739163270566007 ], [ -156.886645990768443, 20.739287239345934 ], [ -156.886641115771766, 20.739420395629462 ], [ -156.886604522017819, 20.739544364411618 ], [ -156.886563053261028, 20.739615551930676 ], [ -156.886548365757847, 20.739617833181679 ], [ -156.886465396994083, 20.739755583218656 ], [ -156.886450740745175, 20.739884177001322 ], [ -156.886462959497948, 20.739886458251547 ], [ -156.886382428231741, 20.739934677015999 ], [ -156.886375115730885, 20.739957645771966 ], [ -156.886443428246281, 20.739966802022249 ], [ -156.886475147005115, 20.740021927035137 ], [ -156.886619147039966, 20.74011373955393 ], [ -156.886736303319253, 20.740217052076375 ], [ -156.886853459594306, 20.740191802066594 ], [ -156.88686564709775, 20.740214770822 ], [ -156.886877865853819, 20.740315802096962 ], [ -156.886951084621444, 20.740359395855741 ], [ -156.887077990900025, 20.740375489606031 ], [ -156.887129240912003, 20.740396145859705 ], [ -156.887209772181706, 20.740453552121728 ], [ -156.887231740937722, 20.740487958379703 ], [ -156.887241490942102, 20.740554552146104 ], [ -156.887207365934671, 20.740559145898267 ], [ -156.887209772185827, 20.740577520902807 ], [ -156.887295209706309, 20.740625739662374 ], [ -156.887304959709013, 20.740641802166124 ], [ -156.88732449096284, 20.740628020912091 ], [ -156.887356209720906, 20.740660177169218 ], [ -156.887361084724745, 20.740742833439786 ], [ -156.887405022237658, 20.740839239712667 ], [ -156.887405022239648, 20.740898927227633 ], [ -156.887348897234858, 20.741128521036838 ], [ -156.887322053479949, 20.741158364795105 ], [ -156.887324490984696, 20.7412846460767 ], [ -156.887302522230158, 20.74129383357965 ], [ -156.887361084746885, 20.741408614856702 ], [ -156.8874220847608, 20.741422396108362 ], [ -156.887553897289081, 20.741397146098151 ], [ -156.887656397317301, 20.741564739887153 ], [ -156.887631991063103, 20.741601458647065 ], [ -156.887558772298803, 20.741656583663048 ], [ -156.887002334694529, 20.742216771319857 ], [ -156.886970584688157, 20.742235115075399 ], [ -156.886924240929687, 20.742287927589992 ], [ -156.88675827214783, 20.742432552631147 ], [ -156.886746053396223, 20.742464708889557 ], [ -156.886760709649593, 20.742469302640281 ], [ -156.886780240905125, 20.742506021398913 ], [ -156.886921740937908, 20.742551302656103 ], [ -156.887255053529969, 20.743106865285561 ], [ -156.887453834827255, 20.743208552805207 ], [ -156.887456272328222, 20.74322233405859 ], [ -156.887356209810406, 20.743350896593768 ], [ -156.887336678555954, 20.743346302843182 ], [ -156.887329366054729, 20.743357802846283 ], [ -156.887317178551712, 20.743348615344338 ], [ -156.887295209797799, 20.743376146601889 ], [ -156.887226866033103, 20.743387646606784 ], [ -156.887095053502605, 20.743346302850298 ], [ -156.887036490991051, 20.743387646612391 ], [ -156.887041365992587, 20.743401396615699 ], [ -156.886929115969934, 20.743465677885112 ], [ -156.886904709714059, 20.743451927882383 ], [ -156.886748490933542, 20.743571302916909 ], [ -156.886711897175076, 20.743559834165112 ], [ -156.886728990929583, 20.743580490419788 ], [ -156.886631365912109, 20.743704459203745 ], [ -156.886616740908494, 20.74369295920128 ], [ -156.886567897149092, 20.743734302963091 ], [ -156.886465397127722, 20.743773334225882 ], [ -156.886228647080259, 20.743917959269119 ], [ -156.886167647067339, 20.743934021774937 ], [ -156.886155459565316, 20.743954709280487 ], [ -156.886143240812288, 20.743945521778539 ], [ -156.886109084555528, 20.743968459285291 ], [ -156.886038303290462, 20.743984553041418 ], [ -156.886035865790262, 20.743996021794363 ], [ -156.885911397014354, 20.744041928059538 ], [ -156.885913834515179, 20.744051115561764 ], [ -156.885738115727833, 20.744094740577872 ], [ -156.885674646964873, 20.744126896837798 ], [ -156.885450115667624, 20.74419805311225 ], [ -156.885318334390547, 20.744257740631092 ], [ -156.885284146882384, 20.744239365627489 ], [ -156.885176771859818, 20.744273803139286 ], [ -156.88506449058508, 20.744276115643167 ], [ -156.88497905306491, 20.744237084385901 ], [ -156.884879021793438, 20.744255459393457 ], [ -156.884778959273262, 20.744312834410781 ], [ -156.884786271775369, 20.744328928164602 ], [ -156.884764334270301, 20.744322021913515 ], [ -156.884705740508679, 20.744361053175027 ], [ -156.884730146764355, 20.744370240676613 ], [ -156.884620334242044, 20.744427646944235 ], [ -156.884573959232171, 20.744439115698476 ], [ -156.884490959213537, 20.74442992819861 ], [ -156.884515365468843, 20.744427646947322 ], [ -156.884220052900645, 20.744338084433558 ], [ -156.884210302898964, 20.744351865687303 ], [ -156.884151740385022, 20.744322021931541 ], [ -156.884078521616715, 20.744257740667589 ], [ -156.884007740347784, 20.744159021894919 ], [ -156.883934521579079, 20.744083271878086 ], [ -156.883883271564486, 20.743984553104848 ], [ -156.883766115284743, 20.743867459328936 ], [ -156.88359770899487, 20.743787115563755 ], [ -156.883436646457483, 20.743731990554672 ], [ -156.883446396459476, 20.743727396803223 ], [ -156.883412240201153, 20.743704459298488 ], [ -156.883373177690373, 20.74364017803352 ], [ -156.883356115182579, 20.743518490503522 ], [ -156.883321927671517, 20.743412865478042 ], [ -156.883268240156696, 20.743323334207179 ], [ -156.883234083896326, 20.743238396686884 ], [ -156.883192583885005, 20.74317411542199 ], [ -156.88316817762967, 20.743176427923295 ], [ -156.883158427629837, 20.743245302940846 ], [ -156.883136458874986, 20.743245302941499 ], [ -156.883136458881097, 20.74342895923753 ], [ -156.883107177626528, 20.743486365502783 ], [ -156.883012021357047, 20.743532271767094 ], [ -156.882907021333608, 20.743525365518448 ], [ -156.882814302562167, 20.743495521763705 ], [ -156.882728865041656, 20.743447334254135 ], [ -156.882711802538523, 20.743465678009237 ], [ -156.882292021189699, 20.743282021725552 ], [ -156.882218802422017, 20.7432361154662 ], [ -156.882145583653397, 20.743162646699925 ], [ -156.881855146084035, 20.743006521669336 ], [ -156.881823427326054, 20.742976677912782 ], [ -156.881764833559259, 20.742859584135154 ], [ -156.881728239800623, 20.742843521632203 ], [ -156.881652583533736, 20.74283892788328 ], [ -156.881574489765057, 20.742795302874644 ], [ -156.88154030225499, 20.742719521606656 ], [ -156.881469520986769, 20.742641490339171 ], [ -156.881454927233762, 20.742648365341324 ], [ -156.881457333484889, 20.742666740345857 ], [ -156.881430489729752, 20.742689709102404 ], [ -156.881349958462664, 20.742710365359954 ], [ -156.881303583451768, 20.742691990356715 ], [ -156.881179114673586, 20.742671334105193 ], [ -156.881164458419676, 20.742650646600438 ], [ -156.881113208407498, 20.742625427845628 ], [ -156.880820333342314, 20.742609334100209 ], [ -156.880783770833375, 20.742584084094961 ], [ -156.88076908333062, 20.742597865348841 ], [ -156.880722708320036, 20.742588677847909 ], [ -156.880583614537215, 20.742524396585878 ], [ -156.880393239490758, 20.742391240308102 ], [ -156.880246833205632, 20.742308584041687 ], [ -156.879980770640685, 20.742122615252889 ], [ -156.879756239337979, 20.742028490235899 ], [ -156.879563458044174, 20.741991771482368 ], [ -156.87946583302255, 20.741989458984662 ], [ -156.879353551748352, 20.742007833992577 ], [ -156.879229082974121, 20.742106552770988 ], [ -156.87919736421631, 20.742081302765587 ], [ -156.879216895471444, 20.74210655277134 ], [ -156.879124145453176, 20.742173146540761 ], [ -156.879124145452494, 20.742152459035584 ], [ -156.878977707922616, 20.74222592780831 ], [ -156.878928895413054, 20.742262677818953 ], [ -156.878928895414447, 20.742303990329315 ], [ -156.878721457873951, 20.742464709125709 ], [ -156.878628707858269, 20.742609334164698 ], [ -156.87854570784171, 20.742662146680381 ], [ -156.878504239082844, 20.742671334183896 ], [ -156.878460301572147, 20.742641490427715 ], [ -156.878421270313538, 20.742641490428866 ], [ -156.878396832809102, 20.742671334187062 ], [ -156.878313832792628, 20.742726427953322 ], [ -156.878030770233465, 20.742827459236974 ], [ -156.877820863938723, 20.742875646755238 ], [ -156.877767176427625, 20.742898615512573 ], [ -156.877742770172034, 20.742894021762147 ], [ -156.877742770172375, 20.742903240514451 ], [ -156.877540207628726, 20.74293536552846 ], [ -156.877408426349746, 20.742939959283493 ], [ -156.877394676328692, 20.742397365397874 ], [ -156.876867519973217, 20.74272795924626 ], [ -156.876477051136987, 20.742727959257749 ], [ -156.876398926124011, 20.742856521792277 ], [ -156.875969394785869, 20.743058553105566 ], [ -156.875891332282094, 20.74346261570917 ], [ -156.875578925983831, 20.744087084624919 ], [ -156.875383675943169, 20.74416055339908 ], [ -156.875266519664223, 20.744068709629502 ], [ -156.874876019589578, 20.744417678478484 ], [ -156.874739332057572, 20.744362584718694 ], [ -156.874758863313701, 20.744417678481934 ], [ -156.874583144525531, 20.744436053491707 ], [ -156.874329331996336, 20.745244178701775 ], [ -156.873977894435171, 20.745740053836453 ], [ -156.872864987955239, 20.746217585238913 ], [ -156.872435425360351, 20.746217585251557 ], [ -156.871830175220566, 20.746033928973315 ], [ -156.871556831411397, 20.746070616490552 ], [ -156.871127300106821, 20.747282804307119 ], [ -156.871010143829722, 20.747246085551364 ], [ -156.870912518815516, 20.747466491859488 ], [ -156.869994862387244, 20.748201117070682 ], [ -156.870248674949408, 20.748384773359252 ], [ -156.870190112454793, 20.748935773499127 ], [ -156.86995579991833, 20.749394898621141 ], [ -156.869721518623891, 20.749615273683279 ], [ -156.867105236840558, 20.750955992846414 ], [ -156.865933736606223, 20.751690618065084 ], [ -156.865797080332158, 20.751874274365154 ], [ -156.865191798950889, 20.751947743151376 ], [ -156.864410798767977, 20.751635524346071 ], [ -156.864039861186654, 20.751653899361589 ], [ -156.863746986128064, 20.751837555666246 ], [ -156.863395548575454, 20.752590524615385 ], [ -156.862965985988524, 20.75282927468788 ], [ -156.86185307949637, 20.752939462248257 ], [ -156.861735923217395, 20.752847649728679 ], [ -156.860740173009049, 20.753196587345464 ], [ -156.860095860364282, 20.753123118595997 ], [ -156.860095860368517, 20.753251712378237 ], [ -156.859568704002101, 20.753251712393741 ], [ -156.858572953796795, 20.753692462533554 ], [ -156.858201984976404, 20.75404140013196 ], [ -156.857928641167291, 20.754078118899205 ], [ -156.85722576602177, 20.754371962743566 ], [ -156.856718109669401, 20.754665806582171 ], [ -156.856249515819542, 20.754776025373591 ], [ -156.855449015640886, 20.754720900383312 ], [ -156.855156140596932, 20.755345338048503 ], [ -156.854746140517932, 20.755694275648064 ], [ -156.85363323403368, 20.756043213268285 ], [ -156.853242733957785, 20.756355400858052 ], [ -156.852813171367188, 20.756483963402935 ], [ -156.851563608614924, 20.757200213619285 ], [ -156.851056014751578, 20.757163463625002 ], [ -156.849943076987415, 20.75661252601957 ], [ -156.849240170586938, 20.756759432327083 ], [ -156.847971076556632, 20.756759432364397 ], [ -156.847795357774515, 20.756961463670223 ], [ -156.847151045135206, 20.757053276212194 ], [ -156.84695579509696, 20.757200213754782 ], [ -156.84654579501003, 20.757310370044461 ], [ -156.846018607391755, 20.757255276296146 ], [ -156.845823388595534, 20.757163463778859 ], [ -156.843597575605031, 20.757200213853512 ], [ -156.84346088806322, 20.756851276270034 ], [ -156.843441356816811, 20.757090026330484 ], [ -156.841977012762811, 20.757677682770897 ], [ -156.841371762643803, 20.758118432899213 ], [ -156.840551699972337, 20.75841227674702 ], [ -156.840395512443934, 20.758595933047662 ], [ -156.839926918594074, 20.758706120589068 ], [ -156.83926310595902, 20.759055026946083 ], [ -156.838774980848683, 20.758981589442016 ], [ -156.838482105787648, 20.759091776978249 ], [ -156.838091605711753, 20.759403964568023 ], [ -156.837857324422174, 20.759771245917012 ], [ -156.837076355500869, 20.759807964699185 ], [ -156.836802980446521, 20.759991621003277 ], [ -156.836705355434759, 20.760285464829835 ], [ -156.836490636642168, 20.760432371122992 ], [ -156.835787730235666, 20.760395652384453 ], [ -156.834948167572122, 20.761056777574918 ], [ -156.835201948885526, 20.761277183872739 ], [ -156.83496769884232, 20.7615342776941 ], [ -156.834928636346518, 20.761919902791966 ], [ -156.835241011433823, 20.762470840420949 ], [ -156.83524101144053, 20.762672840471609 ], [ -156.834538136312659, 20.763499215699511 ], [ -156.834108604992167, 20.76423377839637 ], [ -156.833015229751794, 20.764270497187717 ], [ -156.833366667336776, 20.764490872232656 ], [ -156.833366667344706, 20.764729622292531 ], [ -156.833503323627951, 20.764821434811541 ], [ -156.833464292377897, 20.765078528627161 ], [ -156.833151886065565, 20.765280528687015 ], [ -156.833073792303821, 20.765445809980758 ], [ -156.831902323308981, 20.765868185121121 ], [ -156.831668010762712, 20.766033466419469 ], [ -156.830906573140794, 20.767429091791875 ], [ -156.830906573146905, 20.767612716837927 ], [ -156.830750354367268, 20.767759623129372 ], [ -156.830223197992296, 20.767502529330375 ], [ -156.830106041717613, 20.767539279343044 ], [ -156.830047479200999, 20.767429091817128 ], [ -156.830008416696018, 20.767539279345915 ], [ -156.829930322929386, 20.767557623102814 ], [ -156.830106041730403, 20.767924904439756 ], [ -156.829559354138297, 20.768787967172294 ], [ -156.828602666459204, 20.769761248694515 ], [ -156.82838788518248, 20.770385592607429 ], [ -156.828036416352404, 20.77031212384933 ], [ -156.828075478869579, 20.770569217662665 ], [ -156.827977853851678, 20.770679405193174 ], [ -156.827977853861427, 20.770973217766858 ], [ -156.828173103905812, 20.771009967770333 ], [ -156.828231666424244, 20.771175217810068 ], [ -156.827938822616829, 20.771395592873944 ], [ -156.827958353879694, 20.771652686687847 ], [ -156.828134041425272, 20.771854655483345 ], [ -156.82813404143198, 20.772056655534005 ], [ -156.827977853899881, 20.772130093057015 ], [ -156.828134041446646, 20.772497374394547 ], [ -156.82789976016619, 20.77314006206263 ], [ -156.826747822443366, 20.774094937335992 ], [ -156.826728291197611, 20.774351999901036 ], [ -156.826513509903805, 20.774462187434999 ], [ -156.826650197436436, 20.774535656199401 ], [ -156.826357322403481, 20.775490500197506 ], [ -156.826142541110897, 20.77563740649067 ], [ -156.826103509860189, 20.775876125301693 ], [ -156.825654416012782, 20.775931219078711 ], [ -156.825869197311448, 20.775967937831609 ], [ -156.825849666065096, 20.77620665664206 ], [ -156.82561538477367, 20.776518812977233 ], [ -156.825693478548288, 20.776739156780206 ], [ -156.825205353454436, 20.777161500650497 ], [ -156.824775822152219, 20.778446844735523 ], [ -156.824541540857211, 20.778648844793075 ], [ -156.824639165878125, 20.7786305010356 ], [ -156.824229134557697, 20.779236438699648 ], [ -156.824268134574851, 20.779493501262976 ], [ -156.823604353195236, 20.780007657661464 ], [ -156.823370040644676, 20.780044376427554 ], [ -156.823467665667522, 20.780081126433902 ], [ -156.823155290613073, 20.780521782803621 ], [ -156.822999071845658, 20.781035907937177 ], [ -156.823213884401667, 20.781292970495336 ], [ -156.823057665634877, 20.781825470633496 ], [ -156.822628103057639, 20.782357970779699 ], [ -156.822589071796529, 20.78228453326242 ], [ -156.822218102973125, 20.782541595837806 ], [ -156.822432884271791, 20.782578314590715 ], [ -156.822022852941586, 20.782890470931058 ], [ -156.82192525916696, 20.782798658410901 ], [ -156.821671415374254, 20.783202627269699 ], [ -156.821593321618025, 20.783533127354897 ], [ -156.821398071580376, 20.783698377402079 ], [ -156.821046602772185, 20.784285940059803 ], [ -156.820831852725348, 20.78430431507072 ], [ -156.821066165278353, 20.784341033823051 ], [ -156.820734227720294, 20.784800065197949 ], [ -156.820812321489967, 20.784873502714078 ], [ -156.82124188406658, 20.784322658813274 ], [ -156.821261415327001, 20.784506283858761 ], [ -156.820870915256592, 20.784983690239994 ], [ -156.820675665209762, 20.784873502718092 ], [ -156.820441352658577, 20.784891877729592 ], [ -156.819914196315267, 20.785589596670111 ], [ -156.819894665070763, 20.785883409244388 ], [ -156.819777540048506, 20.785993565525459 ], [ -156.819582321255353, 20.7859935655312 ], [ -156.819504164998477, 20.786305721861808 ], [ -156.818859852384776, 20.787168690847217 ], [ -156.818469383550905, 20.787242128377127 ], [ -156.817961727206381, 20.787774597275618 ], [ -156.817903164700198, 20.787976566077997 ], [ -156.817629820895888, 20.788160191132107 ], [ -156.817473602109516, 20.788105097372874 ], [ -156.817512664621205, 20.788196909894758 ], [ -156.816848820740347, 20.788674285034027 ], [ -156.815716383032822, 20.789959566639745 ], [ -156.815560195497085, 20.78992287913513 ], [ -156.815599258011815, 20.790106441680027 ], [ -156.81516969543091, 20.790528723048588 ], [ -156.814505882798215, 20.790951035674063 ], [ -156.813842038929579, 20.791795629655446 ], [ -156.813998195218971, 20.791942504687697 ], [ -156.81399819522386, 20.792089410974548 ], [ -156.813724882667117, 20.792199567260223 ], [ -156.813471070157419, 20.793594973867734 ], [ -156.812943913803736, 20.793980536479957 ], [ -156.812455788715965, 20.794586442896307 ], [ -156.811381913551287, 20.796771287225997 ], [ -156.810991444722902, 20.797009974797362 ], [ -156.810249507105908, 20.79842363142382 ], [ -156.810269038365732, 20.79858891271471 ], [ -156.809331850703188, 20.799929163078506 ], [ -156.809468507001071, 20.800461600708054 ], [ -156.809702819563853, 20.800792038284065 ], [ -156.809702819585851, 20.801453007199882 ], [ -156.809546632056794, 20.801618225995927 ], [ -156.809683288343734, 20.801820226042576 ], [ -156.809624725837523, 20.802022163594973 ], [ -156.809078006984379, 20.802554569994609 ], [ -156.808785163174548, 20.802701445040086 ], [ -156.808297038087431, 20.803325632711029 ], [ -156.808043225533737, 20.803399101486924 ], [ -156.807281756654504, 20.804574101804114 ], [ -156.807086506614979, 20.80468422683748 ], [ -156.807320819176539, 20.804977976904283 ], [ -156.806520287768535, 20.805547102070616 ], [ -156.806364100234617, 20.805565477079821 ], [ -156.806090756418712, 20.805400227046405 ], [ -156.806090756429086, 20.805712352124722 ], [ -156.806500787784984, 20.8061713209778 ], [ -156.806461725302626, 20.806960727427004 ], [ -156.806559350322971, 20.806924039914925 ], [ -156.806559350329081, 20.80710760246097 ], [ -156.806461725309958, 20.807181039982268 ], [ -156.8064812253387, 20.807915383915933 ], [ -156.806383631574477, 20.808135696474086 ], [ -156.806090756513385, 20.808245821510326 ], [ -156.806012662762612, 20.808741540386986 ], [ -156.80599313150401, 20.808613071605336 ], [ -156.805778350235869, 20.809494228082727 ], [ -156.805875975266616, 20.809769603148943 ], [ -156.805739318991897, 20.809934821944413 ], [ -156.805875975279434, 20.810155103245666 ], [ -156.806110287871519, 20.811366791042769 ], [ -156.806110287916766, 20.812725291383604 ], [ -156.805270725371685, 20.816947573717666 ], [ -156.805797913084859, 20.819848043179881 ], [ -156.806325038235627, 20.820876043422295 ], [ -156.806578882086939, 20.822234450005642 ], [ -156.806871757178612, 20.823042168949687 ], [ -156.807281757283931, 20.823482731548154 ], [ -156.809234226561586, 20.826364700963762 ], [ -156.809898070519523, 20.828200326404787 ], [ -156.810561914435254, 20.828769357778008 ], [ -156.811245258344286, 20.829007982817757 ], [ -156.811440508392963, 20.829173201603457 ], [ -156.811733383476678, 20.829742232987606 ], [ -156.811987196038899, 20.82992579552619 ], [ -156.812358164891123, 20.830531545667256 ], [ -156.81286579001619, 20.830916983248997 ], [ -156.812963446299392, 20.831265764583634 ], [ -156.813178196354215, 20.831486045882585 ], [ -156.81319772761529, 20.831687952182669 ], [ -156.813529665213139, 20.832422171107101 ], [ -156.81401775909427, 20.833119702517742 ], [ -156.81423254039484, 20.833211483784439 ], [ -156.814349665426846, 20.833395015077048 ], [ -156.814876853053846, 20.833707077639808 ], [ -156.815521165719474, 20.834404577795834 ], [ -156.81602879086293, 20.835340703015753 ], [ -156.816341134710768, 20.836203390723011 ], [ -156.816595009776108, 20.836478734534605 ], [ -156.816770728581474, 20.836974297153759 ], [ -156.817512666288309, 20.838259141204283 ], [ -156.818391260299904, 20.840278172934973 ], [ -156.818625572856035, 20.840406672960317 ], [ -156.819504166857854, 20.842131985867312 ], [ -156.819445604360794, 20.842609204738782 ], [ -156.819855635724139, 20.843288329897096 ], [ -156.819914198245641, 20.843545267459838 ], [ -156.820324198354058, 20.844077548831304 ], [ -156.820578042187122, 20.844885111526441 ], [ -156.820831854750566, 20.84510539282423 ], [ -156.820773292244411, 20.845307267876613 ], [ -156.82149566745494, 20.846830643237546 ], [ -156.821417604938887, 20.846867330749056 ], [ -156.821925261315243, 20.847289487090009 ], [ -156.822393823923107, 20.847417987108429 ], [ -156.822725730259975, 20.847821705949944 ], [ -156.823897230542258, 20.848519174840394 ], [ -156.824853918284418, 20.849436862542429 ], [ -156.826025387339996, 20.850831737857863 ], [ -156.826240168651594, 20.851253862957442 ], [ -156.826689231267409, 20.851749394318535 ], [ -156.827626419022437, 20.853180925900066 ], [ -156.828563638008461, 20.854043519838857 ], [ -156.828856481861806, 20.855199738870322 ], [ -156.830828451123182, 20.857457145628548 ], [ -156.831375170010659, 20.857952645736731 ], [ -156.832234232719003, 20.858503239599525 ], [ -156.833308076738291, 20.859457552307269 ], [ -156.835123889665539, 20.860228333697066 ], [ -156.836412515008703, 20.861971802846469 ], [ -156.83875545311443, 20.864596115935758 ], [ -156.839926922149857, 20.865385241099144 ], [ -156.839848828386266, 20.865495334879078 ], [ -156.840356484756484, 20.865733897423944 ], [ -156.84117651621051, 20.86641289757009 ], [ -156.842504172770617, 20.866908397655187 ], [ -156.843558548052812, 20.868376491742396 ], [ -156.845022860922029, 20.869734492039864 ], [ -156.847424392746547, 20.871037398545806 ], [ -156.850138330968178, 20.87467083687724 ], [ -156.850821674894433, 20.87542318079581 ], [ -156.850782643638865, 20.875514930819989 ], [ -156.851602675072655, 20.875588337064162 ], [ -156.852227456474907, 20.87601039965158 ], [ -156.852735081579766, 20.875790180831313 ], [ -156.853574675538738, 20.876487493481456 ], [ -156.853398894251143, 20.876524212245865 ], [ -156.853652738065222, 20.876762712298202 ], [ -156.854960925874707, 20.877368306161458 ], [ -156.855429488499198, 20.877992243804151 ], [ -156.855741894823211, 20.87813899383173 ], [ -156.856093332411945, 20.87846930640422 ], [ -156.856464301248906, 20.878616118930083 ], [ -156.856835301343807, 20.879001431515775 ], [ -156.857010988876539, 20.87881796271456 ], [ -156.858826770607237, 20.881185088254764 ], [ -156.858729176836874, 20.881221775766857 ], [ -156.858826770612751, 20.881350244546208 ], [ -156.859041551942823, 20.88232274478386 ], [ -156.859881114657952, 20.883203494980005 ], [ -156.861052583695852, 20.884065932661738 ], [ -156.861579740067299, 20.884212745182968 ], [ -156.862653615331169, 20.885001745349154 ], [ -156.863415053029684, 20.885900839302202 ], [ -156.863649365598064, 20.88639627691958 ], [ -156.864078896954709, 20.886744901994337 ], [ -156.865074678461156, 20.887827495986485 ], [ -156.865367522290683, 20.888267839838313 ], [ -156.866519491332866, 20.889387121335041 ], [ -156.867729991630654, 20.890286184024777 ], [ -156.868042397952792, 20.89037793403855 ], [ -156.868471929309464, 20.890726590363311 ], [ -156.869409117031438, 20.891166934196047 ], [ -156.86995580466521, 20.891552246776531 ], [ -156.871283492509207, 20.893056809614723 ], [ -156.871459211312839, 20.893497153469998 ], [ -156.871849711414569, 20.893955841073524 ], [ -156.872318305272444, 20.894084278591862 ], [ -156.873138336701288, 20.894010903549159 ], [ -156.873587399307922, 20.894231059841101 ], [ -156.873977899406611, 20.894598028671602 ], [ -156.87401693067136, 20.894781497466489 ], [ -156.874348868249086, 20.894909934988871 ], [ -156.875305555997528, 20.896010810236749 ], [ -156.875852243644829, 20.8967997479185 ], [ -156.876867525148242, 20.897662091854773 ], [ -156.878312369274965, 20.899368404740081 ], [ -156.879347182037606, 20.900377498712604 ], [ -156.879347182047439, 20.900671061286257 ], [ -156.879600994624525, 20.90129487393525 ], [ -156.879600994631886, 20.901515030240489 ], [ -156.880245307291574, 20.902028749100289 ], [ -156.880577213629749, 20.902469092950938 ], [ -156.880655307395159, 20.902414061684809 ], [ -156.880948182468529, 20.90267090549057 ], [ -156.881143432508622, 20.902579186711769 ], [ -156.881631557635018, 20.903129593085399 ], [ -156.882139182760199, 20.903514874417031 ], [ -156.882920182942115, 20.903790061962916 ], [ -156.884150214462181, 20.903735030662627 ], [ -156.88428690200044, 20.903973530718428 ], [ -156.88461880832503, 20.904010249467799 ], [ -156.884696933337352, 20.903863468178656 ], [ -156.884872589626781, 20.903881843178059 ], [ -156.885145964679225, 20.903643280610101 ], [ -156.886434590015256, 20.905166062203953 ], [ -156.886278402481963, 20.905202780967798 ], [ -156.886903183895356, 20.905954968637992 ], [ -156.886942246415089, 20.906285218719695 ], [ -156.888152777974, 20.907514406492197 ], [ -156.888289434249913, 20.907386000205932 ], [ -156.890515247307349, 20.909330688127824 ], [ -156.890105247212972, 20.90922062561237 ], [ -156.890456716053023, 20.909587531944005 ], [ -156.890808122388108, 20.909807688238814 ], [ -156.890847184901673, 20.909954469524486 ], [ -156.891569591322479, 20.910284688335913 ], [ -156.892174841471729, 20.910743344683027 ], [ -156.892721529092569, 20.910743344666805 ], [ -156.892780091610433, 20.910890157201905 ], [ -156.89313156044247, 20.911018532223682 ], [ -156.893600154310263, 20.911440501065655 ], [ -156.894146841937868, 20.911642313600062 ], [ -156.894263966969305, 20.911807407388018 ], [ -156.895240217201206, 20.912284407478726 ], [ -156.896079779886179, 20.912266063699207 ], [ -156.897680780249999, 20.912559594975342 ], [ -156.899067030581136, 20.913293407618301 ], [ -156.899359905655729, 20.913586938933257 ], [ -156.89971134323531, 20.913641970186625 ], [ -156.9002580308765, 20.914247376572295 ], [ -156.901917625012516, 20.91481612666573 ], [ -156.901956687531623, 20.915127970492804 ], [ -156.902034781301353, 20.915201345508898 ], [ -156.902093343811856, 20.915127970488751 ], [ -156.902171437582808, 20.915238033014038 ], [ -156.902522906412969, 20.915311408022024 ], [ -156.902561937675955, 20.915439845553081 ], [ -156.903499125388663, 20.91560493931668 ], [ -156.906271626032435, 20.916522189464484 ], [ -156.907091657487172, 20.917219314615039 ], [ -156.908770782881817, 20.917916439740072 ], [ -156.909629845568048, 20.917806377186942 ], [ -156.910567033278312, 20.91789809593212 ], [ -156.914198627871201, 20.919090502373393 ], [ -156.914452440426118, 20.91905381485665 ], [ -156.91466722172666, 20.919145533623279 ], [ -156.915213909343805, 20.919035502329436 ], [ -156.916073003299147, 20.919494096168957 ], [ -156.916365878365127, 20.919530783669462 ], [ -156.916795378455134, 20.919384033619885 ], [ -156.917361597334008, 20.91949409613067 ], [ -156.917459222364243, 20.919750939942205 ], [ -156.919470285312514, 20.919861002410059 ], [ -156.91991934791605, 20.91998940867893 ], [ -156.920583191810977, 20.919934377395407 ], [ -156.921325098229914, 20.920081127410171 ], [ -156.921539879532304, 20.920227908690599 ], [ -156.921891317112511, 20.920301252448567 ], [ -156.923062817366514, 20.920154502376935 ], [ -156.923960942566879, 20.920209564864052 ], [ -156.924253817634707, 20.920301252378355 ], [ -156.925327661646776, 20.921035065030516 ], [ -156.925718161735574, 20.921108440037319 ], [ -156.925796255505304, 20.921181815053401 ], [ -156.926030536805257, 20.921126783782636 ], [ -156.927202037068525, 20.921255190030021 ], [ -156.927475380877695, 20.921218502512691 ], [ -156.928920193710667, 20.921622096320988 ], [ -156.929310693798215, 20.921658752568579 ], [ -156.929974506454812, 20.921952283872475 ], [ -156.931321725498918, 20.921842221304807 ], [ -156.932571288276961, 20.921897252531451 ], [ -156.932668913295458, 20.921805533755538 ], [ -156.933528007240284, 20.92195228376681 ], [ -156.933859944820426, 20.922154096307565 ], [ -156.93442613244747, 20.922209127554535 ], [ -156.934933788815243, 20.922374221330845 ], [ -156.935870945274218, 20.922429252566779 ], [ -156.936359070388932, 20.922631033852884 ], [ -156.936612882938817, 20.922447596299325 ], [ -156.936964351774549, 20.922686065098699 ], [ -156.937042445549224, 20.92290622140159 ], [ -156.937393883121331, 20.922741096349721 ], [ -156.937803883223722, 20.923089658924965 ], [ -156.938135820799573, 20.923163033933498 ], [ -156.938331070834067, 20.922906221363263 ], [ -156.93856535213709, 20.922942908865497 ], [ -156.938623945906215, 20.923126346409774 ], [ -156.938916789722157, 20.923163033910271 ], [ -156.939580633607761, 20.922832815057685 ], [ -156.940732602611149, 20.922796127514211 ], [ -156.941357383994301, 20.922649346208804 ], [ -156.941415977753536, 20.922539314929459 ], [ -156.941630696551584, 20.922557658677679 ], [ -156.942196915415622, 20.922227471078006 ], [ -156.943856540785532, 20.922319189801641 ], [ -156.944559415947708, 20.922520971081351 ], [ -156.94485232226242, 20.92252097107264 ], [ -156.946140916285458, 20.922172439696869 ], [ -156.946492353856939, 20.921989002140396 ], [ -156.947702885380693, 20.922172439650392 ], [ -156.948483885552662, 20.92215409587255 ], [ -156.948893885639592, 20.922044002082732 ], [ -156.949655354558473, 20.92206234581468 ], [ -156.950241073445994, 20.92230084585707 ], [ -156.950651104788449, 20.922355845858664 ], [ -156.95205688634482, 20.92222747078463 ], [ -156.952544948959485, 20.922429252070714 ], [ -156.953325980405594, 20.923126345972321 ], [ -156.954302230627576, 20.92330978348927 ], [ -156.955317480849459, 20.923236408440651 ], [ -156.956196074776898, 20.922741095790265 ], [ -156.957523762567831, 20.922667720732335 ], [ -156.958539044055215, 20.923053002048754 ], [ -156.959476231767894, 20.923218064562242 ], [ -156.960081513149191, 20.923144689525827 ], [ -156.960940575827919, 20.922814501917426 ], [ -156.961545857209813, 20.922759439385594 ], [ -156.9620534823257, 20.922869501898088 ], [ -156.962814951256348, 20.923236408217445 ], [ -156.964064514042406, 20.92352990825384 ], [ -156.966583202088515, 20.923218064350621 ], [ -156.96697370217538, 20.923236408093601 ], [ -156.968028014919554, 20.923566595645006 ], [ -156.969609515262817, 20.923383158051905 ], [ -156.970351452928639, 20.923438189293599 ], [ -156.97171817198992, 20.923713345571905 ], [ -156.972772515984644, 20.924061908127914 ], [ -156.973514453647397, 20.924025220596619 ], [ -156.974744485172891, 20.924135283087573 ], [ -156.975857391683064, 20.92455718941023 ], [ -156.976423610560062, 20.924612251907178 ], [ -156.977263173261036, 20.925070845747172 ], [ -156.978161298470013, 20.925382689548627 ], [ -156.978610361077301, 20.925621158345049 ], [ -156.979059454942046, 20.926079752196674 ], [ -156.980133298952865, 20.926776846089513 ], [ -156.981246205459314, 20.927088689884549 ], [ -156.982808174585415, 20.928005877568022 ], [ -156.983432955980902, 20.928226002604603 ], [ -156.98440917494662, 20.928226002575503 ], [ -156.984916831312489, 20.928336065087976 ], [ -156.985190175120408, 20.928262690061416 ], [ -156.985346362664842, 20.928556190130376 ], [ -156.986107831588072, 20.928702940144479 ], [ -156.988353144575541, 20.928446127513123 ], [ -156.988548394619869, 20.928482815016505 ], [ -156.989095082230136, 20.928170971172005 ], [ -156.989407488547357, 20.928115939898884 ], [ -156.990481332514747, 20.92752893971964 ], [ -156.99100852012819, 20.92743722093093 ], [ -156.990969457621418, 20.927492252195886 ], [ -156.991633301516799, 20.927455564666896 ], [ -156.991867582811153, 20.927235439604701 ], [ -156.992277614154233, 20.927308845860889 ], [ -156.993000020559492, 20.92718040830713 ], [ -156.993976239538199, 20.927565627124629 ], [ -156.99399577079501, 20.927639002142449 ], [ -156.994171489583238, 20.927620658382601 ], [ -156.994249583357288, 20.927822439680885 ], [ -156.99442530214489, 20.927785752166439 ], [ -156.995225833584158, 20.928152627234567 ], [ -156.995772521208636, 20.928262689745868 ], [ -156.996260646315278, 20.928226002222107 ], [ -156.996436365111549, 20.928446127272075 ], [ -156.996865896456427, 20.92844612725926 ], [ -156.996943990219364, 20.928317720974725 ], [ -156.998818396878534, 20.928170970882022 ], [ -156.99893549065871, 20.928299377160723 ], [ -157.000516959739571, 20.927749064475545 ], [ -157.001044178587449, 20.927198751821816 ], [ -157.001942303766668, 20.926630095402416 ], [ -157.002410897622042, 20.926685126652242 ], [ -157.003035679020002, 20.9269786267072 ], [ -157.00379714794073, 20.92705200170289 ], [ -157.003972866732624, 20.927143720470635 ], [ -157.004265710537425, 20.9268501891383 ], [ -157.005417679536322, 20.926685126562539 ], [ -157.006628211053766, 20.926685126526426 ], [ -157.007018711143132, 20.926776845287772 ], [ -157.008326836424715, 20.926556688943528 ], [ -157.008619711485068, 20.926428282652584 ], [ -157.008775930263397, 20.926244845101923 ], [ -157.009303055376137, 20.926134782558599 ], [ -157.009283555369336, 20.926061438790782 ], [ -157.010045024278241, 20.92578625119906 ], [ -157.012348931031653, 20.925621157338913 ], [ -157.013715650083611, 20.925621157298128 ], [ -157.013841868868383, 20.925826094845743 ], [ -157.015462400480743, 20.925955344829791 ], [ -157.015696963028262, 20.925826782290553 ], [ -157.016322431920116, 20.925937001049522 ], [ -157.017553869707712, 20.92639609487788 ], [ -157.018159807333461, 20.926157376049932 ], [ -157.019293463837641, 20.926267563543711 ], [ -157.019997151484404, 20.926010438458238 ], [ -157.020876714178712, 20.926010438431984 ], [ -157.021502214313159, 20.925900282135682 ], [ -157.022362245753754, 20.925918625864607 ], [ -157.023104995923404, 20.926083875883869 ], [ -157.023808652322003, 20.925881907062212 ], [ -157.025782840223343, 20.924853531745413 ], [ -157.027209746773622, 20.92441275034227 ], [ -157.029320684726883, 20.924027093932551 ], [ -157.029652966058961, 20.92428418773709 ], [ -157.02957480978796, 20.924174000211799 ], [ -157.030962591339517, 20.924027093883517 ], [ -157.032233091607111, 20.92364143749888 ], [ -157.033542685624013, 20.922980312294012 ], [ -157.035966404894452, 20.922539562111112 ], [ -157.036689623792398, 20.922190624502022 ], [ -157.037725561496984, 20.921474374291499 ], [ -157.039621561859178, 20.919803155065882 ], [ -157.040325218257777, 20.919601123744208 ], [ -157.040325218252178, 20.919435873702781 ], [ -157.04093115587483, 20.919105311101795 ], [ -157.041204812177796, 20.918884904788367 ], [ -157.04140028097342, 20.91895837355095 ], [ -157.041888937317708, 20.918554310935058 ], [ -157.041888937310262, 20.918333935879808 ], [ -157.042279843636663, 20.918040092044453 ], [ -157.042553499948951, 20.918095185800095 ], [ -157.043218062586391, 20.917819748211191 ], [ -157.043394000117786, 20.917599341900679 ], [ -157.044078094026958, 20.917838091940098 ], [ -157.044820875405605, 20.916791247905458 ], [ -157.045641813068272, 20.916240341492827 ], [ -157.046071813168197, 20.916387216516803 ], [ -157.046306375719382, 20.916368841505186 ], [ -157.047381407166398, 20.915175059923794 ], [ -157.047557344707741, 20.915248559936963 ], [ -157.048300094849424, 20.91458737224902 ], [ -157.048651938660328, 20.914091497114196 ], [ -157.048730094915754, 20.913742559524387 ], [ -157.049081938733565, 20.913448684440205 ], [ -157.049590188843325, 20.913375246906607 ], [ -157.050352439016621, 20.913522153170671 ], [ -157.050977907922771, 20.914054747035493 ], [ -157.051232032981375, 20.914128247046325 ], [ -157.051720689326231, 20.913742559435043 ], [ -157.052209345681661, 20.913669090652018 ], [ -157.052385251965546, 20.913522153109938 ], [ -157.052600283227576, 20.912475309091082 ], [ -157.053069377064389, 20.911979402702745 ], [ -157.05357753342102, 20.91181412139613 ], [ -157.054945846228179, 20.911961058892089 ], [ -157.05510219000837, 20.911832465105178 ], [ -157.055239002527372, 20.911501902518225 ], [ -157.055629940104978, 20.911244777442093 ], [ -157.056118565206049, 20.911042746126839 ], [ -157.05674406534294, 20.91100599609894 ], [ -157.057545471686012, 20.908526557953465 ], [ -157.058034127977379, 20.906561307446236 ], [ -157.0586595968376, 20.905734807220369 ], [ -157.059050534418958, 20.905587869671855 ], [ -157.059304628211379, 20.905183807062986 ], [ -157.059245971939703, 20.904926650750276 ], [ -157.059050534390337, 20.904742994460079 ], [ -157.058503190520696, 20.90477971323563 ], [ -157.058131846679998, 20.904522588182271 ], [ -157.058053627902808, 20.90422871311095 ], [ -157.058444596722978, 20.903751181729579 ], [ -157.059089628112929, 20.903677712941882 ], [ -157.059245971893716, 20.903567494159585 ], [ -157.05934372190535, 20.903273619082992 ], [ -157.059461003183742, 20.903347087847919 ], [ -157.059226440620108, 20.902998119017447 ], [ -157.059676003188343, 20.902079743773818 ], [ -157.060360128325101, 20.901657306147492 ], [ -157.06036012831828, 20.901455274846846 ], [ -157.059461003111664, 20.901216493563862 ], [ -157.059109159258526, 20.900463430885598 ], [ -157.058581409122695, 20.899894024508644 ], [ -157.058620502874476, 20.899691993206826 ], [ -157.058776877904677, 20.899563399419929 ], [ -157.059441440556384, 20.899710336936906 ], [ -157.059851940635212, 20.899361368087174 ], [ -157.059793284362343, 20.899067493015263 ], [ -157.059128721683919, 20.898130711550294 ], [ -157.059089627909145, 20.897653148931763 ], [ -157.059167784168949, 20.897432711374186 ], [ -157.059773721796546, 20.897249055060048 ], [ -157.059773721776054, 20.896642929908118 ], [ -157.060047378075893, 20.896330679821681 ], [ -157.060066940566543, 20.895926554719807 ], [ -157.060360128106424, 20.895191835776888 ], [ -157.060360128075359, 20.894273429296689 ], [ -157.060184190512928, 20.89357542912699 ], [ -157.060418753049817, 20.893134585259482 ], [ -157.060164659220703, 20.892454960096732 ], [ -157.060340565497768, 20.892105960003992 ], [ -157.060809690587064, 20.891683459884089 ], [ -157.061826065802762, 20.891426303539287 ], [ -157.062021534600262, 20.891554897315682 ], [ -157.062373378419892, 20.891316115995323 ] ], [ [ -156.498968714041609, 20.632008786216389 ], [ -156.498971870291513, 20.631983629959983 ], [ -156.498970901539934, 20.631941786199501 ], [ -156.498969651538658, 20.631911192441862 ], [ -156.498966182787484, 20.631898754938838 ], [ -156.498959245285164, 20.631874786183012 ], [ -156.498955745283951, 20.631861317429728 ], [ -156.498951557782362, 20.63184081742471 ], [ -156.498945339030513, 20.631825411171018 ], [ -156.498906307769431, 20.631750192403249 ], [ -156.498898964017172, 20.631731786148848 ], [ -156.498894464015876, 20.631721817396478 ], [ -156.498886651513629, 20.63170594239271 ], [ -156.498842432751587, 20.631637129876705 ], [ -156.498833026499028, 20.63162225487325 ], [ -156.498828026497648, 20.631612817371021 ], [ -156.498818307744557, 20.631584411114169 ], [ -156.498799838989214, 20.631545911105036 ], [ -156.498789870236465, 20.631529567351219 ], [ -156.498757995228061, 20.631487567341594 ], [ -156.498734932721987, 20.631457411084678 ], [ -156.498650963950695, 20.631374348566244 ], [ -156.498634120196471, 20.6313598798131 ], [ -156.498612432691203, 20.6313442860598 ], [ -156.498573495181773, 20.631318973554571 ], [ -156.498532463921919, 20.631295223549785 ], [ -156.498443401400607, 20.631246348540081 ], [ -156.498403432641027, 20.631223098535397 ], [ -156.49835627637944, 20.631188192277989 ], [ -156.498339495125293, 20.631175473525278 ], [ -156.498325432621954, 20.631167723523738 ], [ -156.498253713854922, 20.631131536016717 ], [ -156.498196901341117, 20.63109359850883 ], [ -156.498162182582547, 20.631066692253071 ], [ -156.498150713829631, 20.63105487975043 ], [ -156.498144557577888, 20.631042473497505 ], [ -156.498141057576646, 20.631030004744467 ], [ -156.498137682574907, 20.630997723486463 ], [ -156.49813787007443, 20.630982660982674 ], [ -156.498139057574122, 20.630964598478101 ], [ -156.498140401324065, 20.630953504725277 ], [ -156.498140120073572, 20.630941473472269 ], [ -156.498138213822727, 20.630927973468935 ], [ -156.498122776317814, 20.630881629707737 ], [ -156.4981186825664, 20.630865660953845 ], [ -156.498116838815633, 20.630854660951137 ], [ -156.498111745062602, 20.630796317186629 ], [ -156.498101213807388, 20.630708223414825 ], [ -156.498093182554868, 20.630683848408928 ], [ -156.498083620052, 20.630660942153455 ], [ -156.498075213799581, 20.630643535899328 ], [ -156.498041776290819, 20.630602317139939 ], [ -156.498017745034673, 20.630576723384209 ], [ -156.497976682524779, 20.630552473379296 ], [ -156.49790193250729, 20.630522379623894 ], [ -156.497882651252866, 20.630517254623172 ], [ -156.497867182499391, 20.630516067123313 ], [ -156.497763838726627, 20.630519410877124 ], [ -156.497750494973616, 20.630518692127332 ], [ -156.497738276220986, 20.630519942127997 ], [ -156.497642057450037, 20.630530410883402 ], [ -156.497499776168581, 20.630531035887646 ], [ -156.497452276157986, 20.630528004638254 ], [ -156.49740683864772, 20.630522379638144 ], [ -156.497329713630108, 20.630505629636161 ], [ -156.497296026122484, 20.630500317135795 ], [ -156.49727033861663, 20.630495317135281 ], [ -156.497254776113067, 20.630491098384674 ], [ -156.497223057355626, 20.630478192132347 ], [ -156.497206932351872, 20.630473004631508 ], [ -156.497150776089143, 20.630463160880652 ], [ -156.497083932324017, 20.630453192130076 ], [ -156.497039682314238, 20.630453067131313 ], [ -156.496971026049181, 20.63045647338415 ], [ -156.496933307291016, 20.630462254636686 ], [ -156.496886182280974, 20.630474754641174 ], [ -156.496851151023435, 20.630481473393875 ], [ -156.496825619767833, 20.630483254645053 ], [ -156.496817119766007, 20.630483942145471 ], [ -156.49680490101332, 20.630485692146262 ], [ -156.496796432261561, 20.630488848397302 ], [ -156.496752526002325, 20.630503285902179 ], [ -156.496731307247785, 20.63050775465392 ], [ -156.496711119743424, 20.630510160905107 ], [ -156.496554182209053, 20.630521629662507 ], [ -156.496537744705478, 20.63052497341382 ], [ -156.496521900952189, 20.630531285915858 ], [ -156.496478119693165, 20.630551754672254 ], [ -156.496435963434521, 20.630572660928717 ], [ -156.496423307181914, 20.630577442180286 ], [ -156.496349900916641, 20.630607535939951 ], [ -156.496328275912077, 20.630615004692448 ], [ -156.496317088409683, 20.630617723443454 ], [ -156.496296932155303, 20.630620629694768 ], [ -156.496281557152059, 20.630625223446362 ], [ -156.496248275895084, 20.630637942200512 ], [ -156.496229775891209, 20.630643817202522 ], [ -156.496211182137188, 20.630646223453663 ], [ -156.49619571338377, 20.630646535954185 ], [ -156.496149838373526, 20.630643442204732 ], [ -156.496097994611887, 20.630638973455095 ], [ -156.49606377585414, 20.630633160954627 ], [ -156.496026275845537, 20.630623629703308 ], [ -156.495979744584986, 20.630616535952864 ], [ -156.495963150831216, 20.630613879702679 ], [ -156.495943994577033, 20.630614754703455 ], [ -156.495924369572805, 20.630618160954867 ], [ -156.495842119555107, 20.630634379711314 ], [ -156.495814494549109, 20.630637442212876 ], [ -156.495786807043032, 20.630639504714193 ], [ -156.495733025781192, 20.630641098466132 ], [ -156.495697932023518, 20.630644067217894 ], [ -156.495653369513946, 20.630652504721297 ], [ -156.495606775754084, 20.63066597347602 ], [ -156.4955602444943, 20.630682473481503 ], [ -156.495539556989854, 20.630686910983208 ], [ -156.495511431983772, 20.630691004735048 ], [ -156.495489619479059, 20.630693692236353 ], [ -156.495448338220257, 20.630705067240399 ], [ -156.495427088215735, 20.630709004741995 ], [ -156.495386681956887, 20.630712348493997 ], [ -156.495364931952196, 20.630716785995734 ], [ -156.495345369448131, 20.630724223498166 ], [ -156.495325338193993, 20.630733661001113 ], [ -156.495291213187187, 20.630755911007679 ], [ -156.495277025684345, 20.630765223510434 ], [ -156.495269650682786, 20.630768379761435 ], [ -156.495256931930072, 20.630771661012623 ], [ -156.495247900678152, 20.630772848513185 ], [ -156.495234713175421, 20.630779129765138 ], [ -156.495222681923025, 20.630788161017755 ], [ -156.495115463152956, 20.63090069229909 ], [ -156.495087244397496, 20.630924348555844 ], [ -156.495065650643113, 20.630936317309473 ], [ -156.495027619385212, 20.630951348564341 ], [ -156.49499105687741, 20.630960661067729 ], [ -156.494952838119133, 20.630966942320406 ], [ -156.494908150609348, 20.630969348572297 ], [ -156.494887838104745, 20.630966754822229 ], [ -156.494854650597176, 20.630960411071595 ], [ -156.494826400590938, 20.630960973572552 ], [ -156.494806275586683, 20.630965911074362 ], [ -156.4947867443326, 20.630973817326922 ], [ -156.494748838074969, 20.630996442333689 ], [ -156.494740431823232, 20.631000098584849 ], [ -156.494726744320417, 20.631006911086946 ], [ -156.494697338064526, 20.631026067342603 ], [ -156.494672119309456, 20.631041629847235 ], [ -156.494654650555759, 20.631047504849221 ], [ -156.49463502555156, 20.63105091110064 ], [ -156.494620119298276, 20.63105219235139 ], [ -156.494600369293835, 20.631050098601431 ], [ -156.494480963017395, 20.631048723604522 ], [ -156.494469775514887, 20.631048973604916 ], [ -156.494454338011536, 20.631049786105557 ], [ -156.494437369257867, 20.631053161106895 ], [ -156.494386744247407, 20.631076754864274 ], [ -156.494369806743919, 20.631083098616354 ], [ -156.494352369240232, 20.631088473618206 ], [ -156.494340181737641, 20.631091723619377 ], [ -156.494326462984759, 20.631097536121221 ], [ -156.494284244226037, 20.631115942377068 ], [ -156.494242400467186, 20.631128817381502 ], [ -156.494227056713868, 20.631131411132596 ], [ -156.494163306700074, 20.631140723636761 ], [ -156.494136744194293, 20.631144286138426 ], [ -156.49411977544068, 20.631148129889887 ], [ -156.494086150433901, 20.631168848646048 ], [ -156.494031087922991, 20.631207629907369 ], [ -156.494009556668715, 20.631222348661684 ], [ -156.493963337909406, 20.631250879920184 ], [ -156.493948119156414, 20.63126222367347 ], [ -156.493921462901227, 20.631284848679918 ], [ -156.493895462896432, 20.631313473687847 ], [ -156.493884619144467, 20.631327723691733 ], [ -156.493874212892507, 20.63133847369474 ], [ -156.493865900391, 20.631348661197542 ], [ -156.493859650389822, 20.631354317449141 ], [ -156.493851775388265, 20.631360004950793 ], [ -156.493842869136529, 20.63136669245273 ], [ -156.493832462884484, 20.631375942455346 ], [ -156.493821025382402, 20.631390223709264 ], [ -156.493793650377626, 20.631428661219697 ], [ -156.493753525370778, 20.631491161236553 ], [ -156.493714462864148, 20.631553661253363 ], [ -156.493691712860112, 20.631584223761703 ], [ -156.493682869108511, 20.631594942514639 ], [ -156.493645837851403, 20.631629067524276 ], [ -156.493601119093086, 20.631678130037884 ], [ -156.49355405658477, 20.631741317555097 ], [ -156.493535244081897, 20.631780786315552 ], [ -156.493518119079454, 20.631823786326837 ], [ -156.493513087828774, 20.631836692580229 ], [ -156.493496806576303, 20.631870130089094 ], [ -156.49347740032394, 20.631930723854868 ], [ -156.493469150323278, 20.631966973864202 ], [ -156.493465931573297, 20.631988630119732 ], [ -156.493464306573713, 20.632012005125656 ], [ -156.493465025325577, 20.632065161388983 ], [ -156.493463994076137, 20.632090255145307 ], [ -156.493460244076061, 20.632112911401098 ], [ -156.493454619075152, 20.632123036403804 ], [ -156.493448369074002, 20.632130223905797 ], [ -156.493443244073148, 20.632138848908106 ], [ -156.493439275322658, 20.632150973911266 ], [ -156.493435494072543, 20.63217238016675 ], [ -156.49343211907231, 20.632187973920761 ], [ -156.493420619070832, 20.632222848929853 ], [ -156.493408775319523, 20.632262223940085 ], [ -156.49339546281891, 20.632333223958284 ], [ -156.493391931569136, 20.632365880216589 ], [ -156.493391212819489, 20.632380473970265 ], [ -156.493392587821745, 20.632440380235273 ], [ -156.493392462823067, 20.632482036495741 ], [ -156.493382025323342, 20.63256175526605 ], [ -156.493381306573667, 20.632576317769725 ], [ -156.493375962823222, 20.632599505275699 ], [ -156.493337681570182, 20.632766567818756 ], [ -156.49333436907304, 20.632877474096691 ], [ -156.493337806575738, 20.632936911611527 ], [ -156.493345931579938, 20.633010474129762 ], [ -156.493361619087523, 20.633137349161178 ], [ -156.493373494092651, 20.633214349180157 ], [ -156.49339127535066, 20.633339661711108 ], [ -156.493400181604613, 20.633400692976174 ], [ -156.493412431611148, 20.633519068005548 ], [ -156.493418025363553, 20.633553599264054 ], [ -156.493425150366136, 20.633585568021875 ], [ -156.493434369120649, 20.633662130540831 ], [ -156.493445150374725, 20.633714599303698 ], [ -156.493460431630155, 20.633776224318733 ], [ -156.493485275387599, 20.633837443083394 ], [ -156.493521556648005, 20.633909693100488 ], [ -156.493543712904085, 20.633946880609187 ], [ -156.49358049416378, 20.633993786869901 ], [ -156.493624056674719, 20.634034536878882 ], [ -156.493657056682707, 20.634055943133308 ], [ -156.493682431688825, 20.634069974386097 ], [ -156.493704962944008, 20.634076068136984 ], [ -156.49372952544951, 20.634079068137019 ], [ -156.493769494208294, 20.634078255635668 ], [ -156.493804056715902, 20.634075036883875 ], [ -156.493828431721084, 20.634069536881785 ], [ -156.493844806724496, 20.634062693129597 ], [ -156.493860056727613, 20.634053849376933 ], [ -156.493912494237946, 20.634015661865845 ], [ -156.493982181751704, 20.633964068100877 ], [ -156.494044306763612, 20.633907130584792 ], [ -156.49409118177249, 20.633862036822116 ], [ -156.494139869280929, 20.633789693052556 ], [ -156.494178431787446, 20.633727099285728 ], [ -156.494199119290499, 20.633681130523598 ], [ -156.494214900542602, 20.633637599262212 ], [ -156.494224088043666, 20.633607411754362 ], [ -156.494244775543251, 20.633454317965327 ], [ -156.494247525542818, 20.6334226617073 ], [ -156.494251494293053, 20.633402630452164 ], [ -156.494265275544677, 20.633357692940471 ], [ -156.494271181795199, 20.633335286684687 ], [ -156.494274213045259, 20.633316630429903 ], [ -156.494274244294672, 20.633297317925059 ], [ -156.494270838041814, 20.633232786658962 ], [ -156.494268713040441, 20.633205411652142 ], [ -156.49424608803065, 20.6330580678658 ], [ -156.494242775528761, 20.633021411606688 ], [ -156.494242744277955, 20.632997224100613 ], [ -156.494245619277081, 20.632950692838847 ], [ -156.494257650524361, 20.632785692797075 ], [ -156.494260400523984, 20.63275494278928 ], [ -156.494275088024949, 20.632684942771277 ], [ -156.494290463026374, 20.63262350525541 ], [ -156.494349869283411, 20.632435692706544 ], [ -156.494356650533973, 20.632406723949074 ], [ -156.494376400537021, 20.63236541143813 ], [ -156.49442696304564, 20.632287255167061 ], [ -156.494471181803704, 20.632234286402483 ], [ -156.494503119309229, 20.632186223889494 ], [ -156.494538806815171, 20.632126005123339 ], [ -156.49458111932293, 20.632076817609775 ], [ -156.494592181824942, 20.63206313010603 ], [ -156.494613744328745, 20.632033911348071 ], [ -156.494706306845416, 20.631916005065797 ], [ -156.494730681849603, 20.631878817555762 ], [ -156.494817681865584, 20.631777130027718 ], [ -156.494865963124653, 20.631728505014117 ], [ -156.494913806883801, 20.631684317501648 ], [ -156.494996931900289, 20.631626379984713 ], [ -156.49510596317225, 20.631558411214506 ], [ -156.495262650703665, 20.631458536184923 ], [ -156.495299244461108, 20.631438286178781 ], [ -156.495318338215128, 20.631431379926493 ], [ -156.495342806970228, 20.631421817423394 ], [ -156.495396338231018, 20.631390067413879 ], [ -156.495412463234288, 20.631380442411007 ], [ -156.495427119487289, 20.631374567409111 ], [ -156.495439369489873, 20.631369692407528 ], [ -156.495455588243345, 20.631366098656159 ], [ -156.495472213246813, 20.631359723654086 ], [ -156.495534213259504, 20.631328254894388 ], [ -156.495594213271801, 20.631297504884941 ], [ -156.495650182033017, 20.631261536124303 ], [ -156.49567746328853, 20.631245161119409 ], [ -156.495706275794475, 20.631232036115282 ], [ -156.495776150808837, 20.631199004854977 ], [ -156.495836900821644, 20.631178723598133 ], [ -156.495888369582559, 20.631163286092772 ], [ -156.495920369589442, 20.631157973590526 ], [ -156.495981963352932, 20.6311530048375 ], [ -156.496013463359731, 20.631148661085504 ], [ -156.496053307118331, 20.631141817332637 ], [ -156.496180463396172, 20.631133192326811 ], [ -156.496238650908936, 20.631128754824026 ], [ -156.496285994669137, 20.631121286070783 ], [ -156.496292869670611, 20.631119629820169 ], [ -156.496320432176503, 20.631112567317604 ], [ -156.496399025943532, 20.631101442312548 ], [ -156.496458588456477, 20.631095223559278 ], [ -156.496522525970704, 20.63109694230787 ], [ -156.496539150974513, 20.631100098558179 ], [ -156.49654883847677, 20.631103911058865 ], [ -156.496566182231021, 20.631116879811614 ], [ -156.4965840259853, 20.631127536063772 ], [ -156.496603932239992, 20.631136161065367 ], [ -156.496616307242874, 20.631140442316095 ], [ -156.496626463495176, 20.631141723566117 ], [ -156.496638650997795, 20.631138973565083 ], [ -156.49668155725692, 20.63112756731098 ], [ -156.496712276013454, 20.631119911058164 ], [ -156.496732463517787, 20.63111650480673 ], [ -156.496767119775512, 20.631117317305939 ], [ -156.496804588534019, 20.631124317306622 ], [ -156.496830338539979, 20.631132817308018 ], [ -156.496845401043515, 20.631139036059139 ], [ -156.496861463547191, 20.631141723559352 ], [ -156.496872651049642, 20.631141504808973 ], [ -156.496914682308812, 20.631138129806924 ], [ -156.496931182312494, 20.631138317306494 ], [ -156.49694671356599, 20.631141004806715 ], [ -156.496960182319185, 20.631147754808019 ], [ -156.496989338576185, 20.631164223561317 ], [ -156.497020057333458, 20.631178661064062 ], [ -156.497040432338167, 20.631184754815006 ], [ -156.497056526091853, 20.631189192315656 ], [ -156.497199151123937, 20.631204348565358 ], [ -156.497239276133001, 20.631210567315762 ], [ -156.497254807386554, 20.631214786066366 ], [ -156.497272588640755, 20.631222942317912 ], [ -156.497292088645509, 20.631236098570653 ], [ -156.497312119900386, 20.631249723573493 ], [ -156.497319682402207, 20.631254098574381 ], [ -156.497417244925373, 20.631303036083853 ], [ -156.497458244935189, 20.631325286088259 ], [ -156.497496651194467, 20.63134909859313 ], [ -156.497524713701154, 20.631364567346214 ], [ -156.497557494958841, 20.631376942348375 ], [ -156.497588807466315, 20.631394098601778 ], [ -156.497615807472783, 20.631410129855027 ], [ -156.497644463729728, 20.631428129858719 ], [ -156.497672619986645, 20.631448129862925 ], [ -156.497689338740571, 20.631456317364506 ], [ -156.497704901244191, 20.631461504865371 ], [ -156.497723651248464, 20.631464661115615 ], [ -156.497746588753586, 20.631466692365457 ], [ -156.497774401259846, 20.631470629865646 ], [ -156.497793182514243, 20.631476286116534 ], [ -156.497803995016824, 20.631483567368051 ], [ -156.497830151273433, 20.63150862987359 ], [ -156.497854213779647, 20.631535473629629 ], [ -156.497870838784195, 20.631562254885882 ], [ -156.497878057536241, 20.631577129889411 ], [ -156.497887151289007, 20.631600536145026 ], [ -156.497894401291092, 20.631614942398432 ], [ -156.497905432544087, 20.631631286152217 ], [ -156.497921370048317, 20.631652504907095 ], [ -156.4979333700513, 20.631663817409581 ], [ -156.497947963804819, 20.631672536161354 ], [ -156.497962495058232, 20.631678786162503 ], [ -156.497985526313528, 20.631683817413101 ], [ -156.498004776317885, 20.631687442413462 ], [ -156.498017213820873, 20.631694723664936 ], [ -156.498035120075315, 20.631709411168099 ], [ -156.498048276328717, 20.631723942421374 ], [ -156.498067495083774, 20.631749629927267 ], [ -156.49808293258792, 20.631771911182415 ], [ -156.498102338843267, 20.631804629940074 ], [ -156.498113338846196, 20.631819942443599 ], [ -156.498123151348693, 20.631829286195657 ], [ -156.498136682602023, 20.631839036197725 ], [ -156.498151276355486, 20.631847286199367 ], [ -156.498181932612681, 20.631860192451736 ], [ -156.498201870117413, 20.631869317453447 ], [ -156.498213807620346, 20.631879129955568 ], [ -156.498225338873397, 20.631893442458832 ], [ -156.498238651377079, 20.631916754964298 ], [ -156.498248213879918, 20.631938879969578 ], [ -156.498252776381349, 20.631951817472697 ], [ -156.498256838882725, 20.631966786226339 ], [ -156.498259870133921, 20.631982786230267 ], [ -156.498265151385766, 20.632003254985257 ], [ -156.498273588888253, 20.63202262998988 ], [ -156.498283745141293, 20.632047004995702 ], [ -156.498303182646708, 20.63208122375374 ], [ -156.49832365140233, 20.632115192511677 ], [ -156.498374370165976, 20.632188911278721 ], [ -156.498384401418775, 20.632207755033171 ], [ -156.498390682670788, 20.632225692537492 ], [ -156.49839483892228, 20.632244192542018 ], [ -156.498403745174812, 20.632261067545997 ], [ -156.498430338932138, 20.632305411306366 ], [ -156.498443745185966, 20.63233222381271 ], [ -156.498460338940504, 20.632358473818826 ], [ -156.498468057692605, 20.632370380071592 ], [ -156.498525338957933, 20.632451973840428 ], [ -156.498555307716231, 20.632503786352569 ], [ -156.498601307728904, 20.632580630120543 ], [ -156.498609651481246, 20.632596005124164 ], [ -156.498616932733341, 20.63261141137783 ], [ -156.498645682741227, 20.63265797388868 ], [ -156.498653557743552, 20.632675380142821 ], [ -156.498657557744764, 20.632685848895342 ], [ -156.49865887024535, 20.632695192647656 ], [ -156.498660745246184, 20.632707598900712 ], [ -156.498666776498737, 20.6327460676602 ], [ -156.498675026502298, 20.632798630173149 ], [ -156.498682432756112, 20.632865192689657 ], [ -156.498686401507314, 20.632875630192167 ], [ -156.498692401508862, 20.632882536443724 ], [ -156.498705339011877, 20.63288678644442 ], [ -156.498716495264347, 20.632887036444163 ], [ -156.498728714016977, 20.632885317693379 ], [ -156.49873662026863, 20.63288166144223 ], [ -156.49874765152083, 20.632874911440222 ], [ -156.498768401524643, 20.63284991143334 ], [ -156.49878177652684, 20.632827067677219 ], [ -156.498790307778023, 20.632805317671519 ], [ -156.498800339029373, 20.632778505164502 ], [ -156.498805276529879, 20.632760848909914 ], [ -156.498811714030666, 20.632741317654826 ], [ -156.498830339033248, 20.632693442642271 ], [ -156.498841026534876, 20.632669817636042 ], [ -156.498845339035114, 20.6326486613806 ], [ -156.498846932783948, 20.632601473868707 ], [ -156.498848214033075, 20.632565380109611 ], [ -156.498843589030713, 20.632525036349609 ], [ -156.498842526529018, 20.632479911338308 ], [ -156.498840526527943, 20.632461380083715 ], [ -156.498836464026596, 20.632447442580332 ], [ -156.49882168277199, 20.632406067570368 ], [ -156.498818714020899, 20.6323930988172 ], [ -156.49881846402053, 20.632382567564559 ], [ -156.498821370270662, 20.632367973810808 ], [ -156.498825370271277, 20.632358348808282 ], [ -156.498834120272733, 20.632344380054523 ], [ -156.498843214024021, 20.632321130048428 ], [ -156.498850870275277, 20.632307911294888 ], [ -156.498863901527699, 20.6322951300413 ], [ -156.498873839029699, 20.632287880039193 ], [ -156.498891745283288, 20.632277505036075 ], [ -156.498902651535388, 20.632266223782931 ], [ -156.49891408903747, 20.63225247377914 ], [ -156.498923245288893, 20.632234723774427 ], [ -156.498927214039355, 20.632221598771018 ], [ -156.498929995289387, 20.632203473766381 ], [ -156.498931276537661, 20.632142005000915 ], [ -156.498932932787369, 20.632121879995811 ], [ -156.498935807787518, 20.632107286242071 ], [ -156.498948964039471, 20.632076911234066 ], [ -156.49896087029083, 20.63203803622396 ], [ -156.498968714041609, 20.632008786216389 ] ] ] } },
{ "type": "Feature", "properties": { "sanctuary": "HIHWNMS", "datum": "NAD 83", "area_name": "KAUAI", "poly_id": 2, "area_km": 104.356, "area_nm": 30.4302, "area_sm": 40.2919, "area_acres": 25787.7679, "shape_leng": 0.66056887111200002, "shape_le_1": 0.66056887111200002, "shape_area": 0.0091488871577000003 }, "geometry": { "type": "Polygon", "coordinates": [ [ [ -159.518484093901662, 22.255706283369399 ], [ -159.517964125036826, 22.255679845881026 ], [ -159.517488218688044, 22.255812033430594 ], [ -159.516941781094488, 22.256455408609799 ], [ -159.516457062266227, 22.257142846297807 ], [ -159.516139780982087, 22.258015377775994 ], [ -159.516069280976268, 22.258253315337658 ], [ -159.516122156015285, 22.258931940504649 ], [ -159.515998749802094, 22.260509534651462 ], [ -159.515813687289011, 22.261188159826773 ], [ -159.515514031025504, 22.262474878907412 ], [ -159.515337749757606, 22.262986066540766 ], [ -159.514941155950424, 22.263717566736659 ], [ -159.513839499495731, 22.264616504498917 ], [ -159.513134436854585, 22.26494259835475 ], [ -159.511847717841931, 22.265409723516061 ], [ -159.508481029626239, 22.265929692513392 ], [ -159.506304154165889, 22.266326286438339 ], [ -159.505211310181721, 22.266449692757334 ], [ -159.504083184936661, 22.266493755307817 ], [ -159.502276465790175, 22.266467317864528 ], [ -159.501024996762737, 22.266379161636422 ], [ -159.499579621435373, 22.266105974119075 ], [ -159.497711183507903, 22.265647661570469 ], [ -159.496274620673603, 22.265154130247971 ], [ -159.494829245319522, 22.264219911316136 ], [ -159.493912682597539, 22.263691129966649 ], [ -159.493339807452202, 22.263197567363893 ], [ -159.491832744566125, 22.261805067070153 ], [ -159.49119818190303, 22.261205785693249 ], [ -159.490352087922275, 22.260077691692167 ], [ -159.489135868836655, 22.258359097557101 ], [ -159.488589431188984, 22.257662847402965 ], [ -159.487928462263341, 22.256896065985305 ], [ -159.486914930781211, 22.256640503457181 ], [ -159.486130524360249, 22.256658128489011 ], [ -159.485381399209103, 22.256975409844173 ], [ -159.484526524054047, 22.257768597571463 ], [ -159.483786211439337, 22.258940754139051 ], [ -159.4831780863326, 22.259592941822618 ], [ -159.482111679877306, 22.260289192033181 ], [ -159.481318492217611, 22.260632910896469 ], [ -159.479978866937216, 22.260950192272304 ], [ -159.479282616789078, 22.261055942322976 ], [ -159.477625710174976, 22.261020692372171 ], [ -159.476691522463057, 22.260835629858811 ], [ -159.475279865886563, 22.260402598550435 ], [ -159.47452342820074, 22.259901410952171 ], [ -159.473959396811296, 22.259504817123215 ], [ -159.472743146502381, 22.258447223152565 ], [ -159.471641489973905, 22.257521816710803 ], [ -159.471024583568948, 22.257028285359564 ], [ -159.469288364400882, 22.256085253935598 ], [ -159.467922301573736, 22.255389003810102 ], [ -159.465441832246796, 22.254546222437096 ], [ -159.463938675647739, 22.254049378615996 ], [ -159.462845831645694, 22.253732097325244 ], [ -159.461285893788613, 22.253344316033257 ], [ -159.459681862178599, 22.253124003534499 ], [ -159.458033799310016, 22.252930097293838 ], [ -159.456482642713354, 22.252753847304191 ], [ -159.455883361331132, 22.252727409818554 ], [ -159.450560110165441, 22.252718597502362 ], [ -159.44837442219017, 22.252797910098458 ], [ -159.44773104704862, 22.252780285116554 ], [ -159.444712296381226, 22.252617878931581 ], [ -159.442443077132765, 22.252577566500815 ], [ -159.440927201799866, 22.252551129047177 ], [ -159.43908523264659, 22.252551129111509 ], [ -159.436494107079653, 22.252559941704181 ], [ -159.435284919305019, 22.252314347935275 ], [ -159.434361294097783, 22.252189785436521 ], [ -159.43326732509675, 22.25190369165351 ], [ -159.431856793525725, 22.251600160377205 ], [ -159.430941762061479, 22.251255566573374 ], [ -159.429637386743934, 22.250462378921476 ], [ -159.428923511562772, 22.249845441292841 ], [ -159.428139136370817, 22.249343097445184 ], [ -159.427583886241109, 22.249140378664098 ], [ -159.426711386050783, 22.249158003698934 ], [ -159.426226635952446, 22.249351910014116 ], [ -159.425662604603815, 22.249968847687366 ], [ -159.42483413569613, 22.250559316613259 ], [ -159.424428729368032, 22.250823722943224 ], [ -159.423150822854211, 22.251220316836534 ], [ -159.422454572709569, 22.251414223159106 ], [ -159.420982728640467, 22.251493535730212 ], [ -159.41911432198566, 22.25159928582173 ], [ -159.416822883989198, 22.251731504684606 ], [ -159.414910383577876, 22.251916567297403 ], [ -159.413491445773928, 22.252084036138598 ], [ -159.412363351781181, 22.252189786204276 ], [ -159.411446757835392, 22.252313161266958 ], [ -159.410010195035341, 22.252674505157032 ], [ -159.409031913579639, 22.252886036493816 ], [ -159.407066569406396, 22.253062317856251 ], [ -159.403585318646122, 22.253115192990837 ], [ -159.402421974637804, 22.253027036759466 ], [ -159.401699880722532, 22.252850005490576 ], [ -159.39993663031234, 22.252251474153052 ], [ -159.398852567559288, 22.25186369284431 ], [ -159.397125192156153, 22.251246755250943 ], [ -159.396323160722744, 22.251052880230649 ], [ -159.394860160399475, 22.250982380264094 ], [ -159.39395241020955, 22.251202692850587 ], [ -159.393220878817402, 22.251652192987997 ], [ -159.392471753671089, 22.252092849373827 ], [ -159.39200465982907, 22.252348443203736 ], [ -159.390462347030962, 22.253335506003246 ], [ -159.390004034439812, 22.253564662326276 ], [ -159.388417659106238, 22.253908381217155 ], [ -159.387316002621304, 22.254067006295045 ], [ -159.38635534615878, 22.254014131315362 ], [ -159.385244877157049, 22.253802631301411 ], [ -159.383446970493424, 22.253309068741181 ], [ -159.382301220222956, 22.252824349910423 ], [ -159.38164906381769, 22.252515881106355 ], [ -159.378943375683576, 22.251484724693867 ], [ -159.377321719050059, 22.250779662074827 ], [ -159.375426874854924, 22.250030536954306 ], [ -159.374237093325519, 22.249563443129446 ], [ -159.372782874234645, 22.249008193041846 ], [ -159.372030655308095, 22.248715036745057 ], [ -159.382167656574438, 22.224970030480293 ], [ -159.382186156579451, 22.224994467985734 ], [ -159.382304406608313, 22.225067874249895 ], [ -159.382467031646144, 22.225122936757948 ], [ -159.382683844193764, 22.225127530501535 ], [ -159.382816875471605, 22.225095436738918 ], [ -159.382846437977179, 22.225072467982166 ], [ -159.38286615672763, 22.224976124207494 ], [ -159.382807031712815, 22.224930249198138 ], [ -159.382683844185124, 22.224911905447858 ], [ -159.382644406673364, 22.224833905429815 ], [ -159.382693687932687, 22.224797217918965 ], [ -159.382935156737574, 22.224847655423112 ], [ -159.383058344263077, 22.224810967909693 ], [ -159.383058344260121, 22.224737561641415 ], [ -159.382969656736663, 22.224636624119377 ], [ -159.382949937979021, 22.224554061599513 ], [ -159.383028781745935, 22.224544874094477 ], [ -159.38318153178048, 22.224572405346017 ], [ -159.383329344310084, 22.224503592823737 ], [ -159.383378625564603, 22.224347592783189 ], [ -159.383447625576224, 22.224260405259088 ], [ -159.383516594333571, 22.224067717708717 ], [ -159.383723563116746, 22.223764936376135 ], [ -159.383703844359303, 22.223686936357403 ], [ -159.383772844370924, 22.223599748833294 ], [ -159.383999500666107, 22.223489655047999 ], [ -159.384132563187165, 22.223287779993107 ], [ -159.384329656977741, 22.223223561220273 ], [ -159.384531688265326, 22.223058373672107 ], [ -159.38463518828766, 22.223049217416222 ], [ -159.384704157050152, 22.222984967397831 ], [ -159.384802719571411, 22.222975811142121 ], [ -159.384950532101158, 22.222911561120988 ], [ -159.385674907240997, 22.222443592229272 ], [ -159.385803032267404, 22.222402310964537 ], [ -159.38603956356809, 22.22237477969945 ], [ -159.38621693860307, 22.222278435919296 ], [ -159.386295782363305, 22.22210409212315 ], [ -159.386389407380506, 22.222021498349328 ], [ -159.386404188631559, 22.2219664358351 ], [ -159.386468251144464, 22.221938904576014 ], [ -159.386561876165729, 22.221957279577332 ], [ -159.386788563722149, 22.222127029611705 ], [ -159.386951157508321, 22.222140779609472 ], [ -159.38708912628357, 22.222016904573824 ], [ -159.387212345059993, 22.222003154566117 ], [ -159.387320720086478, 22.222071967079476 ], [ -159.387404501359811, 22.222195842107396 ], [ -159.387503063883599, 22.222250904617667 ], [ -159.38762625141149, 22.222273842119087 ], [ -159.387724813931385, 22.222232560855389 ], [ -159.387872626464514, 22.22225090460481 ], [ -159.388040157754688, 22.222338092120687 ], [ -159.388291470308815, 22.222315123356214 ], [ -159.388572345370477, 22.22231971709758 ], [ -159.388744814155132, 22.222241717072166 ], [ -159.389015845462239, 22.222186654549017 ], [ -159.38915381424269, 22.22219124829536 ], [ -159.389291783024532, 22.222232560800844 ], [ -159.389375564295989, 22.222310560817345 ], [ -159.389429751812656, 22.222429842095142 ], [ -159.38953815809009, 22.222521592114209 ], [ -159.389612095605372, 22.222498654605936 ], [ -159.389676126869546, 22.222503248354837 ], [ -159.389784564396251, 22.222576654619349 ], [ -159.389838751912009, 22.222672998391442 ], [ -159.390075283217271, 22.222760185904907 ], [ -159.390228033252043, 22.222792279657579 ], [ -159.390306877022226, 22.222865685923111 ], [ -159.39042022080352, 22.223026279709142 ], [ -159.390839064650947, 22.223168498479957 ], [ -159.391065720956817, 22.223324498510905 ], [ -159.391474721055602, 22.223553873553769 ], [ -159.391533877318892, 22.223563061053994 ], [ -159.392031564939685, 22.223856686109759 ], [ -159.392297658749442, 22.223893373609627 ], [ -159.392529252554027, 22.223989748625549 ], [ -159.392667221334221, 22.223989748620749 ], [ -159.393041721411436, 22.223870436078016 ], [ -159.393554190264268, 22.223636467251925 ], [ -159.393736502802909, 22.223604342237586 ], [ -159.393869565332921, 22.223627279738661 ], [ -159.394002596614655, 22.223691529750027 ], [ -159.394465815486711, 22.224205373611802 ], [ -159.395086690644945, 22.224760498728358 ], [ -159.395273940690174, 22.224866029998122 ], [ -159.395382346965079, 22.2248935612512 ], [ -159.395441471980178, 22.224948623762842 ], [ -159.395609003277741, 22.225219280074388 ], [ -159.395707565812273, 22.225540436400898 ], [ -159.395875097111116, 22.225843248970438 ], [ -159.395958878383652, 22.225948748993787 ], [ -159.39632350347145, 22.226146030280198 ], [ -159.396535409770252, 22.226205686537668 ], [ -159.39663887854806, 22.226334124066035 ], [ -159.396722659825258, 22.226554342867935 ], [ -159.396845847358293, 22.226705749151336 ], [ -159.396998597403922, 22.227008561721398 ], [ -159.397008441166008, 22.227256280532714 ], [ -159.397092222447469, 22.227582030610886 ], [ -159.3970281599467, 22.227912343195353 ], [ -159.397028159965885, 22.228389468314116 ], [ -159.397151378772918, 22.229137280995982 ], [ -159.397254847552745, 22.229316187286909 ], [ -159.397481503857534, 22.229444656060995 ], [ -159.397693410162589, 22.229660281107289 ], [ -159.398018628991764, 22.229857562395075 ], [ -159.398122097765707, 22.22988965614946 ], [ -159.398191097779886, 22.229866718641347 ], [ -159.398299504046236, 22.229683218591884 ], [ -159.398393129063237, 22.229596062316929 ], [ -159.398856316664109, 22.229582281047364 ], [ -159.399344160526283, 22.229715343563498 ], [ -159.39957081682536, 22.229701562302175 ], [ -159.399753160613074, 22.229646499782117 ], [ -159.399965035652116, 22.229462999729055 ], [ -159.400093160677017, 22.229384999705175 ], [ -159.400393723238608, 22.22927949966844 ], [ -159.400610567028167, 22.229082218361775 ], [ -159.400694317046487, 22.229082218358855 ], [ -159.40082244207602, 22.229118937113537 ], [ -159.400861879590195, 22.229256562146418 ], [ -159.400891442097191, 22.229270312148813 ], [ -159.400935785856376, 22.229256562143838 ], [ -159.400989973363437, 22.229137280862272 ], [ -159.401073754631966, 22.229141874610484 ], [ -159.401127942142722, 22.229114343351753 ], [ -159.40115259839294, 22.228985874568917 ], [ -159.401256067157505, 22.228784030765063 ], [ -159.401349692174847, 22.228706030742394 ], [ -159.401448254697925, 22.228742718248089 ], [ -159.401502442212944, 22.22882071826562 ], [ -159.401546817229445, 22.228990468306325 ], [ -159.401650286011005, 22.229210687107535 ], [ -159.401620723524417, 22.229706155981898 ], [ -159.401581286021667, 22.229852968519822 ], [ -159.401458098503355, 22.230068593577787 ], [ -159.401379254748093, 22.230366781154764 ], [ -159.401413754767049, 22.230651218724358 ], [ -159.401398973517729, 22.230747562498856 ], [ -159.401132879728834, 22.231229281378042 ], [ -159.401068817225848, 22.231504531448802 ], [ -159.401073754732664, 22.231646750234027 ], [ -159.4011969422655, 22.231793562766278 ], [ -159.401359567306287, 22.231922000292588 ], [ -159.40165522362102, 22.231922000282289 ], [ -159.401724192384648, 22.231885312770753 ], [ -159.401955786188324, 22.231958719030953 ], [ -159.402231755001338, 22.23202293778732 ], [ -159.402310598770953, 22.232082594049423 ], [ -159.402419005051712, 22.232256906589033 ], [ -159.402468286317486, 22.232380781618158 ], [ -159.402527411332471, 22.232431250378657 ], [ -159.402591473845945, 22.232417469123 ], [ -159.402625942599428, 22.232316562846687 ], [ -159.402818130137092, 22.232206437812568 ], [ -159.40280334887666, 22.232027531518547 ], [ -159.402694942597748, 22.231899062740339 ], [ -159.402704786341616, 22.231692625188614 ], [ -159.402778723858006, 22.231697218937182 ], [ -159.40281813011589, 22.231678875181242 ], [ -159.402892036377096, 22.231555000147832 ], [ -159.40287725512033, 22.231467843876647 ], [ -159.402808286349881, 22.231334781345932 ], [ -159.402808286344168, 22.23119256256053 ], [ -159.402675223806028, 22.23096778125921 ], [ -159.402709723806197, 22.230784281212337 ], [ -159.402783630071241, 22.230756749952906 ], [ -159.403044817628285, 22.230752156192661 ], [ -159.403212348912746, 22.230697093673118 ], [ -159.403286255176539, 22.230637468655701 ], [ -159.403325661432405, 22.230568656137201 ], [ -159.403370036433444, 22.230353031081975 ], [ -159.403483380203255, 22.230229156047198 ], [ -159.403729755255569, 22.230187874778331 ], [ -159.403749442755441, 22.230077749750237 ], [ -159.403798724013285, 22.23000437473025 ], [ -159.403921911539499, 22.229985999721386 ], [ -159.403990911555184, 22.229999780972417 ], [ -159.404217599110325, 22.230137405998768 ], [ -159.404311192879163, 22.230096124735233 ], [ -159.404360474134819, 22.22996765595154 ], [ -159.404340786617212, 22.229637343370001 ], [ -159.40430628660431, 22.229504312088089 ], [ -159.404316130350963, 22.229366655803481 ], [ -159.404385130356843, 22.229137280743988 ], [ -159.404528036631859, 22.228981280700168 ], [ -159.404799036682874, 22.228774843139337 ], [ -159.405020786722957, 22.228563811829087 ], [ -159.405001067960171, 22.228352780527235 ], [ -159.404818755411753, 22.22814171798105 ], [ -159.404774411647622, 22.228031624205197 ], [ -159.404670911618865, 22.227880217921115 ], [ -159.404528036581866, 22.22773799914069 ], [ -159.404503380324257, 22.227682967877854 ], [ -159.404508317820557, 22.227563655347982 ], [ -159.404552661576588, 22.227471905323597 ], [ -159.404656130332455, 22.22705443646608 ], [ -159.40503063038804, 22.226398373789721 ], [ -159.405419911705991, 22.225967123668816 ], [ -159.405799349280016, 22.225742311099641 ], [ -159.405991536814327, 22.225549623544978 ], [ -159.406168943098947, 22.225444092262531 ], [ -159.406326599377763, 22.225301873471633 ], [ -159.406568068175659, 22.225177998432386 ], [ -159.407253005806439, 22.224700873289766 ], [ -159.407346630825089, 22.224654967025078 ], [ -159.407381099580419, 22.224599935760178 ], [ -159.407602880874549, 22.224489810725046 ], [ -159.408105474727392, 22.224310873162995 ], [ -159.408494756059127, 22.224223716877734 ], [ -159.408928412404094, 22.224223716862628 ], [ -159.409199412466535, 22.224301716872606 ], [ -159.409603475054837, 22.224297123107373 ], [ -159.409810443845345, 22.224177841820474 ], [ -159.410313068939189, 22.22377409170247 ], [ -159.410436256463356, 22.223705279181047 ], [ -159.410687569011003, 22.223521779126617 ], [ -159.411214819117959, 22.223310716555716 ], [ -159.411609037950029, 22.223205185265709 ], [ -159.41210672555863, 22.223196028996099 ], [ -159.412451663135784, 22.223237310244347 ], [ -159.412791663213739, 22.223324497754202 ], [ -159.413013382021148, 22.223544716551284 ], [ -159.413348475847471, 22.223618122807888 ], [ -159.413644132162375, 22.223622685298718 ], [ -159.413974288482223, 22.223563060272376 ], [ -159.4144226948236, 22.223393310214494 ], [ -159.414550819848159, 22.223306122688331 ], [ -159.416063601410144, 22.22282899751686 ], [ -159.416832320316075, 22.222521591163556 ], [ -159.416985070342889, 22.222356434867123 ], [ -159.417039289100302, 22.222246309837825 ], [ -159.417078695350313, 22.222030684782794 ], [ -159.41709347658545, 22.221581059670356 ], [ -159.417127976591132, 22.221535184657743 ], [ -159.417177257853041, 22.221562715912874 ], [ -159.41738419541494, 22.221975622258437 ], [ -159.417822758016513, 22.222113278527416 ], [ -159.41800510181119, 22.222232559800748 ], [ -159.418059289329364, 22.222388528587675 ], [ -159.418059289335616, 22.222544528626504 ], [ -159.418152914359069, 22.222617934891513 ], [ -159.418192351872108, 22.222728059917557 ], [ -159.418571758205019, 22.222723466153187 ], [ -159.418675258224681, 22.222650059881314 ], [ -159.418724539481616, 22.222553716105601 ], [ -159.418798445745239, 22.22248946608704 ], [ -159.41916800832152, 22.222374778545614 ], [ -159.419241914583836, 22.222278434769063 ], [ -159.419301070847496, 22.222296778521564 ], [ -159.419379914618105, 22.222379372289378 ], [ -159.419542508405527, 22.222425247295124 ], [ -159.419636133424547, 22.222388528532722 ], [ -159.419685414680714, 22.222273841002451 ], [ -159.419734695940235, 22.222241715992755 ], [ -159.419783977203394, 22.222301372255881 ], [ -159.419813539715221, 22.222434403537964 ], [ -159.419941664745465, 22.2224894660472 ], [ -159.420015571010936, 22.222471122290056 ], [ -159.420069758519134, 22.222379372265333 ], [ -159.420133821031101, 22.222328903500536 ], [ -159.420380196089639, 22.22244359102049 ], [ -159.420547758621922, 22.222333497237258 ], [ -159.420705414904944, 22.222296778472622 ], [ -159.420749789915391, 22.222315122225641 ], [ -159.420764571169741, 22.222342653481977 ], [ -159.420656164902454, 22.222503247275721 ], [ -159.420641383654413, 22.222631716058213 ], [ -159.42061672740067, 22.222672997319346 ], [ -159.420449196116209, 22.222728059838897 ], [ -159.420449196119165, 22.222801466107168 ], [ -159.420523102387193, 22.222847341116005 ], [ -159.420680789922613, 22.22287027861622 ], [ -159.4207202274292, 22.222819809852275 ], [ -159.420680789917611, 22.222746403585386 ], [ -159.420680789915622, 22.222695934822831 ], [ -159.420739914927054, 22.22265924731164 ], [ -159.420848352449894, 22.222636278552145 ], [ -159.420902539963606, 22.222682153561671 ], [ -159.42101588374652, 22.222884028607961 ], [ -159.421129196274649, 22.222966622374575 ], [ -159.421301665064618, 22.223021684882269 ], [ -159.421488915105982, 22.223030872378022 ], [ -159.421572696376188, 22.223076747386521 ], [ -159.421897915215794, 22.223535528739372 ], [ -159.422050665251845, 22.223599747500028 ], [ -159.422124602771163, 22.223677747516874 ], [ -159.422380821578543, 22.223709872515922 ], [ -159.422696196646825, 22.223691528750376 ], [ -159.422839102934375, 22.223847497534205 ], [ -159.422913009201864, 22.223879622539631 ], [ -159.423001696721087, 22.223875028785397 ], [ -159.423075634235062, 22.223819966269112 ], [ -159.423105196739328, 22.22376493500439 ], [ -159.423085477978759, 22.223608934966247 ], [ -159.423154477986657, 22.223429997419306 ], [ -159.423243165502925, 22.223351997396794 ], [ -159.423277665511023, 22.223365778649026 ], [ -159.423312165523953, 22.223498841180941 ], [ -159.42326779052047, 22.223654809971304 ], [ -159.42326288427455, 22.223783278753448 ], [ -159.423223446767992, 22.223833747517393 ], [ -159.423213603020457, 22.223948435046271 ], [ -159.423119978004394, 22.224058560076948 ], [ -159.423193884272592, 22.224109028836939 ], [ -159.423410696822259, 22.224164091343081 ], [ -159.423450134329983, 22.224141122585987 ], [ -159.423499415585951, 22.224021841304584 ], [ -159.423459978071776, 22.22388421627171 ], [ -159.423474759320982, 22.223783278746062 ], [ -159.423538821828373, 22.223618122452727 ], [ -159.42351416555951, 22.223283184870223 ], [ -159.423538821809188, 22.223140966083964 ], [ -159.423711290603194, 22.223296966116784 ], [ -159.423790134371018, 22.223310716117464 ], [ -159.423937946906534, 22.223388716131726 ], [ -159.423977384414741, 22.223379528628055 ], [ -159.424002009417393, 22.223310716110074 ], [ -159.423967540653365, 22.223150153571314 ], [ -159.424002009404489, 22.222989559780142 ], [ -159.424021728159175, 22.222998747281736 ], [ -159.424021728169322, 22.223251091094546 ], [ -159.424120290706924, 22.223650216190453 ], [ -159.42423363448637, 22.22376493496505 ], [ -159.424420884529184, 22.22381080996993 ], [ -159.424509572048237, 22.22380162246456 ], [ -159.424563759557685, 22.223741997447828 ], [ -159.42456869705677, 22.223691528685098 ], [ -159.42445535327937, 22.223627278673064 ], [ -159.424445509525896, 22.223595153665407 ], [ -159.424489853285053, 22.223581403660432 ], [ -159.4246475408207, 22.223608934911795 ], [ -159.424696822080762, 22.223590591155507 ], [ -159.424751009582252, 22.22333365358967 ], [ -159.424829853346949, 22.223269434820939 ], [ -159.424775665830822, 22.223163903546563 ], [ -159.424770728325541, 22.223058372270472 ], [ -159.424593322030432, 22.222902403487836 ], [ -159.424583478275309, 22.222828997219914 ], [ -159.424741165810929, 22.222856528471265 ], [ -159.424864353336972, 22.222833590961265 ], [ -159.424928415841208, 22.222590403398502 ], [ -159.425145228371719, 22.222168309535892 ], [ -159.425297978395207, 22.221920559468909 ], [ -159.42528319713972, 22.221865528205722 ], [ -159.425155072111693, 22.221865528210191 ], [ -159.424982634567129, 22.221695746923949 ], [ -159.424943197052215, 22.221539778136506 ], [ -159.42496291580045, 22.221388371848132 ], [ -159.425022040809125, 22.22128284056981 ], [ -159.425150165833713, 22.221195653043651 ], [ -159.4254162596296, 22.220888277957865 ], [ -159.425559165901973, 22.220668059148078 ], [ -159.425815384698495, 22.220429465329765 ], [ -159.42588438470861, 22.220305590296533 ], [ -159.425879447206455, 22.220278059039853 ], [ -159.425810447191708, 22.220287246544547 ], [ -159.42579075968311, 22.220181715268964 ], [ -159.425815384686132, 22.220122059003263 ], [ -159.425810447181732, 22.22003949648288 ], [ -159.425559165859198, 22.219603621383161 ], [ -159.42543104080238, 22.218887871209493 ], [ -159.425411322038656, 22.218653871151943 ], [ -159.425421165782893, 22.218456589852501 ], [ -159.425381759509321, 22.218084964761388 ], [ -159.425421165760014, 22.217887683460908 ], [ -159.425588728290222, 22.217727089665107 ], [ -159.425682353297816, 22.217405902081907 ], [ -159.425899165830174, 22.217029683230717 ], [ -159.426209603386667, 22.216745214399097 ], [ -159.426495415943691, 22.216607589354886 ], [ -159.427264103600862, 22.216332308009591 ], [ -159.427500634900667, 22.216281839238778 ], [ -159.427663259933468, 22.21621299546598 ], [ -159.428106728776498, 22.216112057925404 ], [ -159.428269353811714, 22.216102870417448 ], [ -159.42829891631726, 22.216079932910702 ], [ -159.428890228944681, 22.216029464127537 ], [ -159.429171104003956, 22.215974401604043 ], [ -159.429392854043982, 22.215763370293796 ], [ -159.42938297903612, 22.215621120258739 ], [ -159.429323854018406, 22.215501838981105 ], [ -159.429215447744838, 22.215506432736035 ], [ -159.429023260206634, 22.215602776516711 ], [ -159.428850822667982, 22.21557983901701 ], [ -159.428688197627565, 22.215460526492983 ], [ -159.42869313512756, 22.215432995235965 ], [ -159.428540385088212, 22.215286182704752 ], [ -159.42837776004356, 22.215061370154476 ], [ -159.428308760025914, 22.214997120140882 ], [ -159.428151072481597, 22.214753963835875 ], [ -159.428082103706743, 22.214510776277745 ], [ -159.428062384940233, 22.214207963703075 ], [ -159.428082103692361, 22.214152901188683 ], [ -159.428146166205465, 22.214129963680747 ], [ -159.428441822521251, 22.214157494927296 ], [ -159.428584697554186, 22.214198776182588 ], [ -159.428737478837462, 22.21419418242612 ], [ -159.428816322614495, 22.214437369983891 ], [ -159.428934572649069, 22.214653026283443 ], [ -159.429220385218599, 22.214827370066875 ], [ -159.429550541544927, 22.214928307580479 ], [ -159.429732854088002, 22.215006307593541 ], [ -159.429826479113473, 22.215130182621103 ], [ -159.429831416617134, 22.215194432636917 ], [ -159.429875760376831, 22.215194432635368 ], [ -159.429885604131954, 22.215267838903298 ], [ -159.429816635382338, 22.21565324525162 ], [ -159.429752572877334, 22.2158780578098 ], [ -159.42938791656357, 22.216277245421857 ], [ -159.42933863530925, 22.21643783921354 ], [ -159.429225322788852, 22.216547932994885 ], [ -159.428949353985814, 22.216731464300178 ], [ -159.428914885237504, 22.216960870608492 ], [ -159.42900847901501, 22.217135214398603 ], [ -159.429042979031607, 22.217360026953351 ], [ -159.429082416542826, 22.217424276967961 ], [ -159.42922532282816, 22.217525214488109 ], [ -159.429328791602103, 22.217557339492497 ], [ -159.429525885395634, 22.217566495737906 ], [ -159.429624447919394, 22.217621558248172 ], [ -159.429723010444832, 22.217717902018709 ], [ -159.42984619797403, 22.217772964528123 ], [ -159.430072854275494, 22.217818870781645 ], [ -159.430398073093556, 22.217740870750895 ], [ -159.430644448139702, 22.217548151944349 ], [ -159.430674041896367, 22.217552745694459 ], [ -159.430836635675689, 22.217396745649971 ], [ -159.431028823213154, 22.217282058114733 ], [ -159.431156948241778, 22.217295808113683 ], [ -159.431245635762821, 22.217337089370861 ], [ -159.43149201082673, 22.217584870673935 ], [ -159.431758104648992, 22.217933558251445 ], [ -159.432107979736628, 22.218208839557757 ], [ -159.43228044853123, 22.218378589593982 ], [ -159.432497261091612, 22.218699777166361 ], [ -159.43278307366765, 22.219034683489738 ], [ -159.432930886215644, 22.219424683581646 ], [ -159.433147698777503, 22.219782558663148 ], [ -159.433315230077852, 22.220122058741804 ], [ -159.433936136501785, 22.221067183955366 ], [ -159.43417266781276, 22.221296590254205 ], [ -159.43496107425895, 22.221883871622872 ], [ -159.435148324306397, 22.222044434156302 ], [ -159.435266574339494, 22.222223371696707 ], [ -159.435355293119073, 22.222475715506405 ], [ -159.435473543152142, 22.222654653046824 ], [ -159.43566573070234, 22.222856528090361 ], [ -159.435976168278586, 22.223062965630909 ], [ -159.436079637059919, 22.223278621930977 ], [ -159.436202824590225, 22.223361184447221 ], [ -159.436261949603505, 22.22337037194745 ], [ -159.436429512138517, 22.223329090681332 ], [ -159.436641387184721, 22.2233244969228 ], [ -159.436922262239364, 22.223154715620755 ], [ -159.437020824760964, 22.223154715617319 ], [ -159.437227793560339, 22.223255653135219 ], [ -159.437503731124423, 22.223347434398431 ], [ -159.437819106204699, 22.223627278207079 ], [ -159.437961981238033, 22.223677746964654 ], [ -159.438139387527059, 22.223682340709605 ], [ -159.438341418819789, 22.223645621943426 ], [ -159.438484325098671, 22.223585996923596 ], [ -159.438686356386228, 22.223420840625451 ], [ -159.438770137649016, 22.223283184338271 ], [ -159.438794762645216, 22.22305380928033 ], [ -159.438873606406531, 22.222906965491035 ], [ -159.438893325149962, 22.222636277922987 ], [ -159.438972168914091, 22.222558309150827 ], [ -159.439159418951931, 22.222480309124876 ], [ -159.439317106487579, 22.222507840376231 ], [ -159.439735950336626, 22.222691340407291 ], [ -159.439928106629424, 22.222709684155156 ], [ -159.440381450483812, 22.222838152921323 ], [ -159.440647544293171, 22.222865684168887 ], [ -159.440884075594568, 22.222856527908363 ], [ -159.440962919355911, 22.222709684119067 ], [ -159.441076263132572, 22.22275559037654 ], [ -159.441051638133473, 22.222911559166214 ], [ -159.441140325655454, 22.222975809179101 ], [ -159.441219169423277, 22.222989559179773 ], [ -159.441357138202733, 22.22297121542039 ], [ -159.441450763223969, 22.222989559171694 ], [ -159.441711919536118, 22.223113434193415 ], [ -159.44279601353665, 22.223443777987804 ], [ -159.443239482390226, 22.223604340512292 ], [ -159.443707607494702, 22.22365480925852 ], [ -159.444136326348172, 22.223893371802934 ], [ -159.444850826503455, 22.22386587177116 ], [ -159.444964170279178, 22.223888809272907 ], [ -159.445220389090593, 22.224021840547081 ], [ -159.445427357887553, 22.224063121800139 ], [ -159.445476639147074, 22.224031028040429 ], [ -159.44558010791971, 22.224031028036819 ], [ -159.445713170454013, 22.224159496814149 ], [ -159.445801857974374, 22.224182434316759 ], [ -159.445989108014771, 22.224168653056793 ], [ -159.446220701820636, 22.224297121830691 ], [ -159.447186514533485, 22.224333840556131 ], [ -159.447536389609326, 22.224315465539348 ], [ -159.447989733462435, 22.224411809297507 ], [ -159.448241046021508, 22.224512746813858 ], [ -159.448605671109647, 22.224719215602512 ], [ -159.448985108695098, 22.22477884060411 ], [ -159.448975233693858, 22.224801778110159 ], [ -159.448847139918541, 22.224870590631756 ], [ -159.448817577413763, 22.224911903143063 ], [ -159.448827421168147, 22.224966965656421 ], [ -159.449004827466013, 22.225191746956174 ], [ -159.449098452489665, 22.225269746972316 ], [ -159.449187140010537, 22.225306465728355 ], [ -159.449379327553117, 22.225320215725073 ], [ -159.449990358930592, 22.225164246914943 ], [ -159.450345140256047, 22.225109184388849 ], [ -159.450724546588162, 22.225086246869903 ], [ -159.450916734128555, 22.225044934352916 ], [ -159.45148835925383, 22.22504952808411 ], [ -159.451872703089464, 22.225086246829832 ], [ -159.452414734466004, 22.225283528110008 ], [ -159.452631547014761, 22.225315621860432 ], [ -159.452951859584886, 22.225315621849251 ], [ -159.453355922175149, 22.22536149684657 ], [ -159.45386839104637, 22.225586309384624 ], [ -159.454168984869938, 22.225778996922088 ], [ -159.454942610052342, 22.226104746976137 ], [ -159.455184078858366, 22.226182746987117 ], [ -159.455371328895637, 22.226090965707751 ], [ -159.455553641430555, 22.225967121920565 ], [ -159.455873922747315, 22.225884528138838 ], [ -159.456189297809345, 22.225710184334442 ], [ -159.456342047836301, 22.225549621789156 ], [ -159.45691367295268, 22.225333996715548 ], [ -159.457031922972675, 22.225187152924871 ], [ -159.457495141824069, 22.22518715290871 ], [ -159.457766141880768, 22.225122934133275 ], [ -159.457923829415478, 22.225127527878907 ], [ -159.458219485727966, 22.225072465354884 ], [ -159.458791079596608, 22.224911902794982 ], [ -159.459737204801058, 22.224847652745961 ], [ -159.459924454840007, 22.224797215226886 ], [ -159.460067361118348, 22.224723808953613 ], [ -159.460407361182973, 22.224480621381232 ], [ -159.461136642564298, 22.223778683681115 ], [ -159.461112017558349, 22.223764933678556 ], [ -159.461412580113432, 22.223498839851842 ], [ -159.461727955175405, 22.223324496047457 ], [ -159.462082736498076, 22.223200621004246 ], [ -159.462486830333347, 22.223122620970731 ], [ -159.462605080359225, 22.223122620966599 ], [ -159.463383643021501, 22.222920745889184 ], [ -159.46399467440466, 22.222906964614431 ], [ -159.464245986960947, 22.222939089613654 ], [ -159.464536705778642, 22.223040027128615 ], [ -159.464635268299844, 22.22303087087289 ], [ -159.46486686210423, 22.22312262088764 ], [ -159.464852080851188, 22.223127214639295 ], [ -159.464921080869232, 22.223200620905157 ], [ -159.465009768389535, 22.223223558407774 ], [ -159.465290643458417, 22.22340705844362 ], [ -159.465581362281284, 22.223636464740551 ], [ -159.46579817483331, 22.223751152261517 ], [ -159.466261393700421, 22.224141121092376 ], [ -159.466374706231875, 22.224306308629515 ], [ -159.46660139379108, 22.224544871180967 ], [ -159.466626018799815, 22.224627433700654 ], [ -159.466847768857576, 22.22485684 ], [ -159.466862550113007, 22.224911902513171 ], [ -159.467286331472195, 22.225320215099973 ], [ -159.467808675352217, 22.225710183928765 ], [ -159.468035331657774, 22.225856996457384 ], [ -159.468276769215407, 22.22597627772863 ], [ -159.468606925542275, 22.226090965245639 ], [ -159.46886811310074, 22.226123090244517 ], [ -159.470164050881351, 22.226049683930984 ], [ -159.470765238509586, 22.225967121389441 ], [ -159.471238301112578, 22.225953340119489 ], [ -159.471726113720791, 22.225990058861587 ], [ -159.472095676306481, 22.22610934012836 ], [ -159.472228738839846, 22.226214840149968 ], [ -159.47239136388265, 22.226393777688809 ], [ -159.472834832755012, 22.227022309079704 ], [ -159.473071364074542, 22.227462746681038 ], [ -159.4731847078545, 22.227591184209032 ], [ -159.473445864168127, 22.227751777989869 ], [ -159.473702114235493, 22.228031621800547 ], [ -159.473785864260634, 22.228201371839859 ], [ -159.474056895580134, 22.228453684393173 ], [ -159.474239208124118, 22.228554621911922 ], [ -159.474628489463157, 22.228650965672291 ], [ -159.475155739581652, 22.228728965673284 ], [ -159.475288802113226, 22.228788590683468 ], [ -159.475397208391172, 22.228894121955936 ], [ -159.475500677172676, 22.229114340757121 ], [ -159.475540114690205, 22.229334559560531 ], [ -159.475623895965214, 22.2294997158487 ], [ -159.475712583488104, 22.229586872117288 ], [ -159.476136364842318, 22.229871309673253 ], [ -159.476358083643248, 22.229930934680343 ], [ -159.476742458729774, 22.229990590931756 ], [ -159.47705783379692, 22.229944715909319 ], [ -159.477176083819273, 22.229857559633512 ], [ -159.477269708834427, 22.229724497097124 ], [ -159.477269708824451, 22.229476778285491 ], [ -159.477289427576352, 22.22941712201996 ], [ -159.477368271340083, 22.229329965745514 ], [ -159.477501302616758, 22.229270309476021 ], [ -159.478112334000485, 22.229270309454677 ], [ -159.478403052813007, 22.229242778187665 ], [ -159.478821927904278, 22.229233621920752 ], [ -159.479048584206112, 22.229288653176521 ], [ -159.479280178011606, 22.229407934448112 ], [ -159.479428021794689, 22.229426309447515 ], [ -159.479551209320903, 22.22940793443864 ], [ -159.479600459329276, 22.229348309422086 ], [ -159.479910928142232, 22.229224434380416 ], [ -159.480063678170836, 22.229105153095396 ], [ -159.480083396923504, 22.22906387183443 ], [ -159.480088303168117, 22.228903309294317 ], [ -159.480117865672867, 22.228861996783003 ], [ -159.480452959490862, 22.228728965488202 ], [ -159.480679615783629, 22.22855921543804 ], [ -159.480857022064868, 22.228371121635053 ], [ -159.480950647084569, 22.228352777877205 ], [ -159.481137897128377, 22.228421590387789 ], [ -159.481354709681909, 22.228572965417872 ], [ -159.48148777221175, 22.228591340417797 ], [ -159.481975584825932, 22.228774840446405 ], [ -159.482305741150924, 22.228843652951984 ], [ -159.482621116226795, 22.229013402983195 ], [ -159.482887210037234, 22.229068465487597 ], [ -159.483049835072052, 22.229050121727358 ], [ -159.483670710202205, 22.22890787167027 ], [ -159.48382346023655, 22.228930840420638 ], [ -159.483981147775665, 22.229045527943665 ], [ -159.48437042911678, 22.229192340466586 ], [ -159.484503460404198, 22.229398778013305 ], [ -159.484582304179213, 22.229591465558489 ], [ -159.484863179252329, 22.229880496870585 ], [ -159.484981429285426, 22.230059403160954 ], [ -159.48516377307439, 22.230036465648887 ], [ -159.485262335599089, 22.230114465664844 ], [ -159.485286960604526, 22.230114465663984 ], [ -159.485469273138108, 22.2299584656188 ], [ -159.485479148136193, 22.229857559343351 ], [ -159.485439710621279, 22.229701559305919 ], [ -159.485454491873213, 22.229669434297392 ], [ -159.485518554386857, 22.229660278042886 ], [ -159.485764929443718, 22.229733684302541 ], [ -159.485952179482666, 22.229683215533434 ], [ -159.486188710778862, 22.229545590490925 ], [ -159.486326679553514, 22.229407934201856 ], [ -159.486415398321441, 22.229371246689627 ], [ -159.486789898392658, 22.229105152860331 ], [ -159.486873679660278, 22.229086809102853 ], [ -159.487100335954324, 22.228949184060685 ], [ -159.487208742220446, 22.228761090260104 ], [ -159.487243242222803, 22.22863262147693 ], [ -159.48741077350391, 22.228494996436837 ], [ -159.487666992306828, 22.22841699640847 ], [ -159.488031648635882, 22.228398652641157 ], [ -159.488159773662659, 22.22836652762869 ], [ -159.488317461189382, 22.228173840075236 ], [ -159.488376586200815, 22.228137152564038 ], [ -159.488751086278143, 22.228022433772409 ], [ -159.488829930041533, 22.227926121245691 ], [ -159.488908773800404, 22.227719652441568 ], [ -159.488913680048, 22.227632496169708 ], [ -159.488958055053615, 22.227531558643047 ], [ -159.488962961294163, 22.227270058577815 ], [ -159.489002398800579, 22.227214996062738 ], [ -159.489135430076146, 22.227127839786402 ], [ -159.489248773849482, 22.227091121023307 ], [ -159.489642992686669, 22.227114058515237 ], [ -159.489820398974388, 22.227086527252183 ], [ -159.489869648981085, 22.226985620975359 ], [ -159.489889367729148, 22.226829620935863 ], [ -159.489884430209514, 22.226370839571896 ], [ -159.489933711465483, 22.226251558290496 ], [ -159.490071680240106, 22.226113902001426 ], [ -159.490199805266684, 22.226077214487816 ], [ -159.490475742828551, 22.226113901987304 ], [ -159.490929086686066, 22.226320370772818 ], [ -159.491076930468978, 22.226334120771078 ], [ -159.491264180507699, 22.226279089500842 ], [ -159.491466211796364, 22.226141433209531 ], [ -159.491520430554175, 22.226040526932525 ], [ -159.491446493030566, 22.225856995639457 ], [ -159.491505649290218, 22.225774401866833 ], [ -159.491579555554353, 22.225723964351705 ], [ -159.491909680629533, 22.225797370608433 ], [ -159.491963899392488, 22.225824870613373 ], [ -159.492111743173894, 22.225801933102503 ], [ -159.492067399411098, 22.225723964334655 ], [ -159.491870274366306, 22.225682651831267 ], [ -159.491771711840471, 22.225577120558455 ], [ -159.49176680558665, 22.225508339291515 ], [ -159.491816086840544, 22.225338589247567 ], [ -159.491973743111942, 22.22501283916101 ], [ -159.492318711919268, 22.224563214037094 ], [ -159.492574930717922, 22.224379713982483 ], [ -159.493141618328963, 22.224058557632777 ], [ -159.493506243401725, 22.223884213826661 ], [ -159.493777274706758, 22.223778682540928 ], [ -159.495142212491885, 22.2234437761599 ], [ -159.495723681362279, 22.223274026097354 ], [ -159.496314993986999, 22.223159307298133 ], [ -159.496403681504376, 22.223108838532479 ], [ -159.49686196283966, 22.222737213424015 ], [ -159.49742371294704, 22.222351838308494 ], [ -159.497601119229188, 22.222186650761202 ], [ -159.497758806755002, 22.221971025702054 ], [ -159.497931244278476, 22.221617744358134 ], [ -159.498221994302469, 22.220635931603724 ], [ -159.498295900551625, 22.220213837746126 ], [ -159.49827618177514, 22.219663275109866 ], [ -159.498320556775411, 22.219429275050096 ], [ -159.498340244252546, 22.218754837381631 ], [ -159.498399400503814, 22.218465774807651 ], [ -159.49843880674598, 22.218057430954683 ], [ -159.49852749425483, 22.217795899636528 ], [ -159.498591556768105, 22.217777555879728 ], [ -159.498616213019432, 22.21767661835376 ], [ -159.498759119290327, 22.217419680784854 ], [ -159.498773900539135, 22.217309587006937 ], [ -159.498872431799754, 22.217038868186147 ], [ -159.498837931776109, 22.216639711838059 ], [ -159.498675337969644, 22.216121242964764 ], [ -159.498537369176717, 22.215804649140825 ], [ -159.498448681644561, 22.215488055315163 ], [ -159.498384619124266, 22.215332086528608 ], [ -159.498231837836016, 22.215212774004264 ], [ -159.49790661901153, 22.21513018024508 ], [ -159.497152681336047, 22.214868648956362 ], [ -159.497027931305894, 22.21479824269322 ], [ -159.496911243756983, 22.214217117552725 ], [ -159.497019650027511, 22.21413911752953 ], [ -159.49707386878643, 22.21406571125938 ], [ -159.497157618791846, 22.213744554926549 ], [ -159.497059087479755, 22.21273971093003 ], [ -159.498015025182241, 22.212574523355539 ], [ -159.498049525191448, 22.212615835864607 ], [ -159.498192431471807, 22.212592867103901 ], [ -159.498143150203987, 22.212418523312259 ], [ -159.498044587683012, 22.212432304569127 ], [ -159.497995337675547, 22.212514867091382 ], [ -159.497413868802397, 22.212615835886822 ], [ -159.497512431322292, 22.212574523373107 ], [ -159.497054149974986, 22.212647929657376 ], [ -159.497049212469847, 22.212546992132431 ], [ -159.496975306197186, 22.21238639834506 ], [ -159.496990087441958, 22.212175367042057 ], [ -159.496930962420862, 22.211973460743888 ], [ -159.496926024905889, 22.211629335658465 ], [ -159.496995024871808, 22.210408835352432 ], [ -159.497137931106295, 22.209247991308665 ], [ -159.49720196236882, 22.2092112725473 ], [ -159.497335024885018, 22.208890084962746 ], [ -159.497369524883879, 22.20867442865789 ], [ -159.497640524921707, 22.208142178516027 ], [ -159.497847493705535, 22.207857678438025 ], [ -159.498182587499798, 22.207137303247112 ], [ -159.498325462524406, 22.206972115701031 ], [ -159.498611275070289, 22.20655914683832 ], [ -159.499015337639094, 22.206072771703219 ], [ -159.49970521276154, 22.205366146503337 ], [ -159.500631619183707, 22.204609021282639 ], [ -159.501213056793858, 22.204186864907317 ], [ -159.501893088176359, 22.203783083533125 ], [ -159.502568182064067, 22.203535302197899 ], [ -159.503031369652064, 22.203204927099549 ], [ -159.503405869727658, 22.203048895797654 ], [ -159.504627932485732, 22.20281948944789 ], [ -159.505357182636942, 22.202612989371051 ], [ -159.505845026490533, 22.202534989334602 ], [ -159.506273745335022, 22.202553333074182 ], [ -159.506899557976936, 22.202677239333145 ], [ -159.507136089281261, 22.202741489340859 ], [ -159.507860433194139, 22.202851614342944 ], [ -159.508003339477256, 22.202897489349361 ], [ -159.508333495800912, 22.202934208096959 ], [ -159.508855808424443, 22.203163614385772 ], [ -159.509072652223693, 22.203209520639611 ], [ -159.50920074600154, 22.203204926883991 ], [ -159.509757589867604, 22.203062676829145 ], [ -159.51052627754018, 22.20317280182968 ], [ -159.510688902578181, 22.203232458088845 ], [ -159.511275277710325, 22.203328833092314 ], [ -159.511472402753441, 22.203328833085429 ], [ -159.511659652792702, 22.203287520568615 ], [ -159.511822246578248, 22.203287520562924 ], [ -159.512581121759411, 22.203663801880001 ], [ -159.513039371872253, 22.203975801941592 ], [ -159.513246340670264, 22.204044645701487 ], [ -159.513339965691131, 22.20405383320049 ], [ -159.513458215715701, 22.204021708188364 ], [ -159.51360605949526, 22.203952864416081 ], [ -159.513719372014663, 22.203819801879018 ], [ -159.513975622075719, 22.20394367690087 ], [ -159.514069247099513, 22.204026270668152 ], [ -159.514093903357349, 22.204085926932116 ], [ -159.513862278313894, 22.204264895734735 ], [ -159.513842590814562, 22.204388770766226 ], [ -159.513906653334317, 22.204531020799372 ], [ -159.514414184711427, 22.204930239630936 ], [ -159.514557090994742, 22.204980708388486 ], [ -159.515084341128727, 22.205444145985332 ], [ -159.515503184989399, 22.205916771088248 ], [ -159.515818560064645, 22.206072771116034 ], [ -159.51600581011283, 22.20625170865398 ], [ -159.516493653997088, 22.206935396306989 ], [ -159.516602060278956, 22.207137302603417 ], [ -159.516680904054681, 22.207348365153152 ], [ -159.516705529066201, 22.207499802689963 ], [ -159.516685810320752, 22.207720052745444 ], [ -159.516744966597571, 22.20806417782897 ], [ -159.516858279131611, 22.208293584132061 ], [ -159.516907560399233, 22.208463365422567 ], [ -159.516877997950331, 22.209890365778538 ], [ -159.517055404255046, 22.210284959620484 ], [ -159.517420029356032, 22.210812615988985 ], [ -159.517686123178123, 22.211156741065267 ], [ -159.517764966952569, 22.211335678607025 ], [ -159.517784685711177, 22.211441209882583 ], [ -159.5177748419664, 22.211624741178579 ], [ -159.517636873205674, 22.212106522553235 ], [ -159.517592498209495, 22.212441460138105 ], [ -159.517449623188043, 22.21268464770359 ], [ -159.517351060687218, 22.213198554084858 ], [ -159.517222935668997, 22.21344171039982 ], [ -159.517144091902452, 22.213460085407146 ], [ -159.516932216870742, 22.213822554254719 ], [ -159.516946998136916, 22.214143710584093 ], [ -159.517129310682009, 22.214272179359671 ], [ -159.517385560751592, 22.214607116934012 ], [ -159.517484092025711, 22.214671366946551 ], [ -159.517533373286653, 22.214675960695971 ], [ -159.517893092101275, 22.21432724184665 ], [ -159.51795715461401, 22.214295116836418 ], [ -159.518050779636326, 22.214341023094565 ], [ -159.518100060900451, 22.214423616863382 ], [ -159.518139467165355, 22.214579616900803 ], [ -159.518198623430521, 22.214634648162434 ], [ -159.518277435948136, 22.214643835661953 ], [ -159.518425279727893, 22.214579616890809 ], [ -159.518701217288395, 22.2145841793823 ], [ -159.518927904840211, 22.214639241888062 ], [ -159.519021529864972, 22.214744773161041 ], [ -159.519189061156595, 22.214868648185991 ], [ -159.519312248683718, 22.214873241932828 ], [ -159.519327029939916, 22.21494664820057 ], [ -159.519302404938799, 22.215052179477677 ], [ -159.51918412366922, 22.215208179520616 ], [ -159.519095436158153, 22.215414648325076 ], [ -159.519100373662212, 22.215488054593159 ], [ -159.519179186181276, 22.215533960851822 ], [ -159.519464998745093, 22.215566054599812 ], [ -159.51955368626227, 22.215510992083015 ], [ -159.519627623778234, 22.215506429579289 ], [ -159.519755748808535, 22.215561492088508 ], [ -159.519800092568175, 22.215561492086955 ], [ -159.519873998832338, 22.21551099207181 ], [ -159.51983459257093, 22.215442179556074 ], [ -159.519849373821955, 22.215387117041853 ], [ -159.520002123856273, 22.215410085792229 ], [ -159.520061248868672, 22.215396304536739 ], [ -159.520268217658213, 22.215254085744121 ], [ -159.520361842677346, 22.215221960732858 ], [ -159.520411123938885, 22.215240304485697 ], [ -159.520544155223376, 22.215373367014134 ], [ -159.520593436484177, 22.215373367012411 ], [ -159.520637780242168, 22.215332085750596 ], [ -159.520618061483049, 22.215212773221605 ], [ -159.520539217713207, 22.215148554458395 ], [ -159.520356905170757, 22.215084304448791 ], [ -159.520287936401957, 22.214992554428378 ], [ -159.520307623902909, 22.214909960657142 ], [ -159.520411123919445, 22.214758554365869 ], [ -159.520884186510528, 22.214451116772853 ], [ -159.521076342799773, 22.214382304249014 ], [ -159.521273436594186, 22.214414429250105 ], [ -159.521613436669128, 22.214428179241651 ], [ -159.521958405500328, 22.214570429264956 ], [ -159.522120999286614, 22.21458877301383 ], [ -159.522318093088046, 22.214795241808289 ], [ -159.52240187435396, 22.214735616790531 ], [ -159.522401874351743, 22.214680554276836 ], [ -159.522451155612174, 22.214671366772823 ], [ -159.522480718119738, 22.214698898028647 ], [ -159.522485655624905, 22.214799835553571 ], [ -159.522559561891796, 22.214818179305556 ], [ -159.522865061953979, 22.214703491766347 ], [ -159.523003061981029, 22.214625491742122 ], [ -159.523145937007484, 22.21450617920744 ], [ -159.523185374516061, 22.214506179206062 ], [ -159.523387405805693, 22.214391491670465 ], [ -159.523441593317301, 22.214386897917432 ], [ -159.523899874676999, 22.214620897959605 ], [ -159.524062499714063, 22.214657616713041 ], [ -159.524436999797274, 22.214689710457918 ], [ -159.524816406146158, 22.215084304292809 ], [ -159.525205687493155, 22.215377960602218 ], [ -159.525392937535599, 22.215414648104797 ], [ -159.525476718805777, 22.215460523113268 ], [ -159.525703406357223, 22.215506429366762 ], [ -159.526289781486213, 22.215524773100814 ], [ -159.526777625339577, 22.2154421793132 ], [ -159.527048625398834, 22.215442179303722 ], [ -159.527472406743215, 22.215483491799169 ], [ -159.527699094290796, 22.21543299177868 ], [ -159.528088375629807, 22.215529366789024 ], [ -159.528191844404461, 22.215579835547963 ], [ -159.528359375691849, 22.215598179296666 ], [ -159.528388938199214, 22.215621116801337 ], [ -159.528995032087153, 22.21575417931323 ], [ -159.529137938368592, 22.21575877305936 ], [ -159.529285782152954, 22.215809241816739 ], [ -159.529423750933546, 22.215818398064194 ], [ -159.529620844730516, 22.215914773081266 ], [ -159.529808094773159, 22.215956054334985 ], [ -159.529847532283071, 22.215988179341597 ], [ -159.530153032351564, 22.216029460591177 ], [ -159.530409282411313, 22.216121241855035 ], [ -159.53053740744005, 22.21613958560512 ], [ -159.530714782481425, 22.216203835614891 ], [ -159.530857688766616, 22.216300179383854 ], [ -159.531128720080488, 22.216414866902895 ], [ -159.531700313960727, 22.216543335664841 ], [ -159.532010751528048, 22.216529585650555 ], [ -159.532375407853351, 22.216419460610418 ], [ -159.532483814118734, 22.216212991805261 ], [ -159.532508439117095, 22.21603864801104 ], [ -159.532572501630511, 22.216024866755369 ], [ -159.532769626677918, 22.216130398024717 ], [ -159.532754814177991, 22.216212991795782 ], [ -159.532542939139802, 22.216414866853402 ], [ -159.532148720321374, 22.216855335726756 ], [ -159.531986126551033, 22.217231585826021 ], [ -159.531651032740285, 22.21754355466534 ], [ -159.531582063984075, 22.21776380472253 ], [ -159.53158697024034, 22.217892273504315 ], [ -159.531685532765607, 22.21798402352368 ], [ -159.532138876614795, 22.217984023507821 ], [ -159.532404970421311, 22.21794274223824 ], [ -159.532607001711256, 22.217837210954922 ], [ -159.532833689254176, 22.217672023405907 ], [ -159.533218033073069, 22.217295804548879 ], [ -159.533439751863938, 22.21710767949434 ], [ -159.533829064430392, 22.216644273115449 ], [ -159.534075439475004, 22.216414866799774 ], [ -159.534282408258207, 22.216116647968356 ], [ -159.534573127063112, 22.215900991654546 ], [ -159.534863845856876, 22.215410085272286 ], [ -159.535194002169447, 22.215171491451386 ], [ -159.535405908454123, 22.214882428872077 ], [ -159.535558658481619, 22.214735616330209 ], [ -159.535770533523134, 22.214616303793125 ], [ -159.536149971100571, 22.214478647495618 ], [ -159.536406189898969, 22.214290553689871 ], [ -159.536623002444003, 22.214230897417441 ], [ -159.536815189989369, 22.214313491181265 ], [ -159.536933440013911, 22.214281366169129 ], [ -159.537096065045262, 22.21417583488719 ], [ -159.537189690064992, 22.214157491129352 ], [ -159.537248815075884, 22.214107022364729 ], [ -159.537263596325772, 22.214024428593667 ], [ -159.537386815099211, 22.213937241067676 ], [ -159.53743115885851, 22.213928084813844 ], [ -159.537524783872328, 22.213762897269493 ], [ -159.53762825264144, 22.21367570974418 ], [ -159.537790877676116, 22.213652772232781 ], [ -159.537968252715615, 22.213671115981128 ], [ -159.53850044031887, 22.213345365881498 ], [ -159.53878625287598, 22.213212303338405 ], [ -159.538978440416173, 22.21316642832026 ], [ -159.539205096715222, 22.213152647058916 ], [ -159.539545096792153, 22.213216897062981 ], [ -159.539870315620306, 22.213391240844963 ], [ -159.540372940737115, 22.213561022119592 ], [ -159.540609472043428, 22.213675709639837 ], [ -159.540855847099891, 22.213739959647189 ], [ -159.541299347199129, 22.213795022145366 ], [ -159.541698472285503, 22.213772084625695 ], [ -159.541861097319014, 22.213721615857448 ], [ -159.542092691112458, 22.21354264705483 ], [ -159.542452409925346, 22.21315264694525 ], [ -159.542619941207562, 22.213042553162012 ], [ -159.542644597458121, 22.212923240631479 ], [ -159.542787472484747, 22.212808521847936 ], [ -159.543063441289547, 22.212670896804052 ], [ -159.543250691330314, 22.212666303046358 ], [ -159.543295035091489, 22.212702990553929 ], [ -159.543295035093138, 22.212744303064202 ], [ -159.543112691307357, 22.212845240595691 ], [ -159.54307328505152, 22.212914053114179 ], [ -159.543290097600988, 22.212964521869136 ], [ -159.543561128907641, 22.21290030309369 ], [ -159.543689222692535, 22.213070084381428 ], [ -159.543699097698379, 22.213161834403891 ], [ -159.543669535193544, 22.213203115665198 ], [ -159.543324597619261, 22.213230646934118 ], [ -159.54306344131399, 22.213276553204686 ], [ -159.542649503728825, 22.213409615752258 ], [ -159.542462253693458, 22.213547240793041 ], [ -159.542156753633861, 22.213726178348242 ], [ -159.542063128616718, 22.213808772122054 ], [ -159.541875878586893, 22.214084084697081 ], [ -159.541801941081445, 22.214350178515843 ], [ -159.541752691068098, 22.214285959751603 ], [ -159.541737909811701, 22.214207959732715 ], [ -159.541708347304677, 22.214194178480327 ], [ -159.541486597258597, 22.21425383475292 ], [ -159.540885409630619, 22.214341022295649 ], [ -159.540885409634512, 22.214437366069603 ], [ -159.54096919090486, 22.214487834829225 ], [ -159.541200784707769, 22.21454289733482 ], [ -159.541964566141672, 22.214960428661929 ], [ -159.54213209743537, 22.215134772449414 ], [ -159.542191253704573, 22.215290772486142 ], [ -159.54219615995936, 22.215382553758793 ], [ -159.542028628680896, 22.215584428814871 ], [ -159.541944847420694, 22.215786303868008 ], [ -159.541989191180932, 22.215800053869874 ], [ -159.541989191183347, 22.215859710134705 ], [ -159.541910378675169, 22.216084522693386 ], [ -159.541752691151089, 22.216341460262807 ], [ -159.541624566126586, 22.21642864778897 ], [ -159.541570347368435, 22.216520397813692 ], [ -159.541570347375824, 22.216703929109343 ], [ -159.541668909900352, 22.216777335374136 ], [ -159.542033566234352, 22.216882866637622 ], [ -159.542146910011951, 22.216951679150764 ], [ -159.542206035028954, 22.217052616673797 ], [ -159.542112410014028, 22.217190272961311 ], [ -159.542132097523336, 22.217314147991431 ], [ -159.5422552850616, 22.217594023056726 ], [ -159.542521410134043, 22.217947304385259 ], [ -159.542723441435101, 22.218117085670418 ], [ -159.543295035323069, 22.218438241980284 ], [ -159.543516785378785, 22.218617179517022 ], [ -159.543689222924655, 22.218819054561184 ], [ -159.543970129251647, 22.219204460897203 ], [ -159.544093316787666, 22.219429273448803 ], [ -159.544428379373386, 22.219736648513514 ], [ -159.544462879387567, 22.219901836053392 ], [ -159.54440375438395, 22.220131242362513 ], [ -159.544315035622873, 22.220337711166973 ], [ -159.544324910634828, 22.220580867477103 ], [ -159.544177066862517, 22.220828617543894 ], [ -159.544137660608527, 22.220943336323799 ], [ -159.544147504364219, 22.221030492595133 ], [ -159.544132723115212, 22.221136023871896 ], [ -159.544117941864044, 22.22118649263497 ], [ -159.544226348146651, 22.221406711435943 ], [ -159.544862004566056, 22.222159149100825 ], [ -159.545093629623551, 22.222328899134919 ], [ -159.545522317225817, 22.222539930422396 ], [ -159.54559131724352, 22.222604180435958 ], [ -159.545689848522471, 22.222787680478145 ], [ -159.545689848530088, 22.222975805524936 ], [ -159.545813036065397, 22.22318224307196 ], [ -159.545896817336114, 22.223241899333861 ], [ -159.546034786118497, 22.223296961842724 ], [ -159.546271317422253, 22.223347430596998 ], [ -159.546611317505381, 22.223563055638714 ], [ -159.546828130056639, 22.223659399405086 ], [ -159.547059723858951, 22.223700680657231 ], [ -159.547217442649782, 22.223856680690499 ], [ -159.547478598961703, 22.223975961961028 ], [ -159.547828442792309, 22.224076899473879 ], [ -159.548148755371244, 22.224297118267426 ], [ -159.548286724153854, 22.224356774527422 ], [ -159.548424692935299, 22.224388868280581 ], [ -159.548473974195332, 22.224370524524289 ], [ -159.548493692950586, 22.224393462029294 ], [ -159.54870063049583, 22.224393462022054 ], [ -159.548902693042066, 22.224443930777529 ], [ -159.549178630606661, 22.224549462044106 ], [ -159.549351099399729, 22.224682493321151 ], [ -159.549479193179451, 22.224723805826933 ], [ -159.549888193270561, 22.224765087072875 ], [ -159.550218349592569, 22.224760493310171 ], [ -159.550445005893863, 22.224801774562497 ], [ -159.550711130958888, 22.2249715558454 ], [ -159.550932849761267, 22.225067868361585 ], [ -159.551129943563836, 22.225301868412878 ], [ -159.551332006112631, 22.225416555934324 ], [ -159.551494599898206, 22.225416555928625 ], [ -159.551568506162511, 22.225370680914637 ], [ -159.551647381175485, 22.225265149635614 ], [ -159.551691693676474, 22.225049524580438 ], [ -159.551726193682896, 22.225021993322382 ], [ -159.551676943672135, 22.225021993324109 ], [ -159.551672006159208, 22.22472836825126 ], [ -159.551706506162475, 22.224622868223815 ], [ -159.551795193677435, 22.224512743193323 ], [ -159.552125349992764, 22.224342993139526 ], [ -159.55245056881202, 22.224297118116731 ], [ -159.552938412668539, 22.224292524348499 ], [ -159.553500162798429, 22.224466868122178 ], [ -159.553495225298292, 22.22448980562806 ], [ -159.553559287813215, 22.22451274313152 ], [ -159.553569131564615, 22.224494399376603 ], [ -159.553712037846253, 22.224503586873887 ], [ -159.553805662868399, 22.224544868130874 ], [ -159.553948569155949, 22.224700868164664 ], [ -159.554096412941419, 22.224778836928884 ], [ -159.554239287972678, 22.224778836923875 ], [ -159.554392069252941, 22.224700868149124 ], [ -159.554401913003574, 22.22466414938965 ], [ -159.554623663048943, 22.224586149362484 ], [ -159.55485031934947, 22.224609086860241 ], [ -159.554929163117976, 22.224641211865475 ], [ -159.555195256933416, 22.224820149400649 ], [ -159.555357881978267, 22.225049524451997 ], [ -159.555431788246807, 22.225109180714242 ], [ -159.555712663312875, 22.22522386823292 ], [ -159.555791507082347, 22.225278930743855 ], [ -159.555875257107687, 22.225453274534281 ], [ -159.555959038388096, 22.225751462105503 ], [ -159.556013257153836, 22.225847837127567 ], [ -159.556067444665871, 22.225852399626802 ], [ -159.556146288436651, 22.225939587145721 ], [ -159.556180788444181, 22.225939587144513 ], [ -159.556166007191678, 22.225957930899593 ], [ -159.556486288515629, 22.226054274662332 ], [ -159.557043132388884, 22.22609096215194 ], [ -159.557427476227929, 22.226214837169284 ], [ -159.557737913794881, 22.226191899652697 ], [ -159.558033570106204, 22.226109337121805 ], [ -159.558270101407743, 22.226104743362374 ], [ -159.558654445246077, 22.226210274625153 ], [ -159.558900851549993, 22.226210274616513 ], [ -159.558979695315173, 22.226159805851196 ], [ -159.559107789092423, 22.226141430842144 ], [ -159.559157070351716, 22.226104743331291 ], [ -159.559492164172951, 22.226054274556997 ], [ -159.559625195449655, 22.225994618287498 ], [ -159.559708976714262, 22.225902868261745 ], [ -159.559748382972515, 22.225893712008091 ], [ -159.559807507980054, 22.225760649472921 ], [ -159.559787820457757, 22.225315618112941 ], [ -159.559807507955753, 22.225159649323466 ], [ -159.559950414229604, 22.224976118022816 ], [ -159.56003419549566, 22.22492108675619 ], [ -159.560295351798885, 22.224824711723073 ], [ -159.560615664357442, 22.224540274141116 ], [ -159.560738851876778, 22.22435218034002 ], [ -159.560773351886724, 22.224411805353647 ], [ -159.560817695644033, 22.224352180337267 ], [ -159.560827539392847, 22.224269586566368 ], [ -159.561039445675817, 22.223939273976807 ], [ -159.561497695763052, 22.223618117630885 ], [ -159.561813070821245, 22.223351992553646 ], [ -159.561857289564784, 22.222952898702861 ], [ -159.561951102081309, 22.222853773674917 ], [ -159.562088852101027, 22.222597273606308 ], [ -159.562600508448867, 22.222249148501795 ], [ -159.562797258495578, 22.22234077351769 ], [ -159.563623758654103, 22.22179111710204 ], [ -159.564312477530251, 22.221186491927551 ], [ -159.564784758873145, 22.220929991847211 ], [ -159.566103196645884, 22.220545241705327 ], [ -159.566732884285074, 22.220581866692378 ], [ -159.5672445094051, 22.220783429224564 ], [ -159.56862200974777, 22.221809429431413 ], [ -159.569428791194184, 22.222304117026162 ], [ -159.57051110394346, 22.222615585815671 ], [ -159.571003041564353, 22.222945367130418 ], [ -159.572636323188476, 22.223366773427962 ], [ -159.572754385708379, 22.223220210887376 ], [ -159.572990542013031, 22.223293492147317 ], [ -159.574210573521611, 22.223091960804428 ], [ -159.574289292292519, 22.223183554574454 ], [ -159.574840261170408, 22.223366773350694 ], [ -159.575351917546357, 22.223714898419313 ], [ -159.576060323942357, 22.223495023339801 ], [ -159.576237417734063, 22.223568304601812 ], [ -159.57814619938955, 22.223275179462 ], [ -159.579602387214607, 22.223440054451931 ], [ -159.579858199762384, 22.223238523142854 ], [ -159.580074668559718, 22.223238523135262 ], [ -159.580310793619475, 22.22344005442709 ], [ -159.580625637440534, 22.223495023179716 ], [ -159.58109548128752, 22.223352866877899 ], [ -159.581159700058834, 22.223533023170436 ], [ -159.599847706270452, 22.275967035552789 ], [ -159.598514330995016, 22.276364879448622 ], [ -159.597532299556349, 22.277007660893016 ], [ -159.596300330563736, 22.277668286100631 ], [ -159.595139767833132, 22.27823963003355 ], [ -159.593925611343678, 22.278882411486101 ], [ -159.593157861191003, 22.279257380356359 ], [ -159.592211548504338, 22.279757318013974 ], [ -159.590908141990298, 22.280275099438594 ], [ -159.589479766701061, 22.280846443380906 ], [ -159.588283485208279, 22.281310693538444 ], [ -159.587051484955481, 22.281721349933907 ], [ -159.585426703368967, 22.282185568856494 ], [ -159.584016171827841, 22.282614100262673 ], [ -159.582391358990577, 22.28306047543083 ], [ -159.579963108480428, 22.283578256894984 ], [ -159.577641951737945, 22.283953194569854 ], [ -159.576820639066256, 22.284149600897571 ], [ -159.574195982253713, 22.284435288560903 ], [ -159.572481888136736, 22.284631694920002 ], [ -159.570071481363073, 22.28472097627693 ], [ -159.567536105812081, 22.284810257638238 ], [ -159.564679323936389, 22.284792382734185 ], [ -159.561980479592279, 22.284701539056414 ], [ -159.561462666978315, 22.284684101570285 ], [ -159.558861260144653, 22.284326101572606 ], [ -159.556498540864169, 22.283991976572494 ], [ -159.555279571842362, 22.283864726583658 ], [ -159.553887071535172, 22.28380303911722 ], [ -159.551736633559358, 22.28367085165987 ], [ -159.549903476899004, 22.283441695417242 ], [ -159.548056413977974, 22.283024757878387 ], [ -159.546281194823251, 22.28262207034054 ], [ -159.545306757098899, 22.282346257806132 ], [ -159.543699819225566, 22.281810632729304 ], [ -159.54207500634692, 22.281239257644202 ], [ -159.540623068508836, 22.280736007569967 ], [ -159.539406849475938, 22.280321788759601 ], [ -159.537272067726576, 22.27952519488635 ], [ -159.535700817352364, 22.278775288504928 ], [ -159.534254567015665, 22.278275350931292 ], [ -159.532417910330679, 22.277457475792264 ], [ -159.530919659972852, 22.276717163160647 ], [ -159.529227503311944, 22.275712444220037 ], [ -159.52809940928438, 22.274954506571046 ], [ -159.527226877819885, 22.27437281895693 ], [ -159.526001846261522, 22.273376912502119 ], [ -159.525358471084331, 22.272477974801031 ], [ -159.524776783425295, 22.271693599626282 ], [ -159.524115783245378, 22.270821068182386 ], [ -159.523401908040285, 22.269613661657019 ], [ -159.52284668912813, 22.268608942676519 ], [ -159.522115188895356, 22.26681103600486 ], [ -159.521595188719516, 22.265277504391563 ], [ -159.520907750990631, 22.263338597683276 ], [ -159.520475907094465, 22.262060659880483 ], [ -159.520141000729495, 22.261029503385672 ], [ -159.519682719296497, 22.258984815393045 ], [ -159.519585750485703, 22.258006565153067 ], [ -159.519312562872813, 22.256693377335935 ], [ -159.518792562730539, 22.255988314678749 ], [ -159.518484093901662, 22.255706283369399 ] ] ] } },
{ "type": "Feature", "properties": { "sanctuary": "HIHWNMS", "datum": "NAD 83", "area_name": "NORTH OAHU", "poly_id": 3, "area_km": 230.6446, "area_nm": 67.256, "area_sm": 89.052, "area_acres": 56995.3982, "shape_leng": 1.06671058985, "shape_le_1": 1.06671058985, "shape_area": 0.020137553782500001 }, "geometry": { "type": "Polygon", "coordinates": [ [ [ -157.978631111170245, 21.754407772535707 ], [ -157.975536672971856, 21.753983053779145 ], [ -157.971714172128515, 21.753983053902402 ], [ -157.969802921696726, 21.753710022645649 ], [ -157.967072546082022, 21.75337630390009 ], [ -157.965525326987262, 21.753285303927182 ], [ -157.964220826690507, 21.75304258515844 ], [ -157.961217419748692, 21.752253803807697 ], [ -157.958456731610454, 21.751465053699111 ], [ -157.956575793684181, 21.751161678683744 ], [ -157.955149949593846, 21.750463897304918 ], [ -157.952419573970104, 21.749887490998503 ], [ -157.950053260926694, 21.749311084680357 ], [ -157.947717260398946, 21.748977365922009 ], [ -157.946291416313016, 21.748400959573569 ], [ -157.945745322439166, 21.748309959568363 ], [ -157.943409353131159, 21.747157146854832 ], [ -157.942256540355515, 21.746580709247564 ], [ -157.940102571082093, 21.745276208990187 ], [ -157.937861320554106, 21.744370052585346 ], [ -157.935946351381375, 21.74436608389599 ], [ -157.934702507353535, 21.74427508391322 ], [ -157.933367663277693, 21.743425614993402 ], [ -157.932002475449565, 21.742697521104965 ], [ -157.929818193656047, 21.741028958257292 ], [ -157.927937255706297, 21.740088520582237 ], [ -157.925237223805681, 21.738601989046735 ], [ -157.921809098014535, 21.737661520171407 ], [ -157.920322566410789, 21.736963770044436 ], [ -157.917288846958854, 21.736083957421577 ], [ -157.914315752510277, 21.734931144728371 ], [ -157.910857282937798, 21.733323269436752 ], [ -157.908885376222457, 21.732504144294928 ], [ -157.907338157123178, 21.732291800541443 ], [ -157.904971844048475, 21.730865925260279 ], [ -157.904334750146688, 21.730562550204748 ], [ -157.90357631245584, 21.729925487569524 ], [ -157.902635843480454, 21.729440081228137 ], [ -157.902150468358826, 21.729045706144941 ], [ -157.900178530361131, 21.727346799532675 ], [ -157.898859655020431, 21.725997049236913 ], [ -157.897660529716092, 21.724919799005566 ], [ -157.896720060723936, 21.723979330050156 ], [ -157.89587062300302, 21.723069204849434 ], [ -157.895627904152661, 21.721795048288044 ], [ -157.895567247806696, 21.71955007897763 ], [ -157.895051497657192, 21.718579266250988 ], [ -157.89489981008694, 21.71757814100507 ], [ -157.894171716141699, 21.71663767204284 ], [ -157.892685184512317, 21.715242171740986 ], [ -157.892139121848345, 21.714059015212122 ], [ -157.891775059238995, 21.713270233776218 ], [ -157.891532371646434, 21.712208421018016 ], [ -157.891077308984734, 21.71053985811464 ], [ -157.890773933853154, 21.708780295183612 ], [ -157.890258183711438, 21.708021857510168 ], [ -157.889985152359969, 21.706899357237742 ], [ -157.889985152310942, 21.70556451315338 ], [ -157.890591902249923, 21.700255480554073 ], [ -157.890409870925254, 21.699315011574335 ], [ -157.889378401867503, 21.697130729810276 ], [ -157.889014339238145, 21.695795885737589 ], [ -157.888043557713814, 21.694157666608358 ], [ -157.887558151301022, 21.69264079124396 ], [ -157.887497495000929, 21.691639634745151 ], [ -157.887709838744343, 21.690183446873601 ], [ -157.887709838640859, 21.68736207116692 ], [ -157.887527807261705, 21.684935070564858 ], [ -157.886344650590416, 21.68056647575855 ], [ -157.885404181551706, 21.67835185023398 ], [ -157.883674962313421, 21.675439474559909 ], [ -157.883341243462013, 21.674681036880632 ], [ -157.883280587167491, 21.673831567919812 ], [ -157.882279430629893, 21.672011317495965 ], [ -157.881520992864722, 21.669341629351578 ], [ -157.881005273875417, 21.665913503509476 ], [ -157.880368179899278, 21.663577534194808 ], [ -157.879579398441905, 21.662667408992093 ], [ -157.87939739837401, 21.661908971307959 ], [ -157.879791773429929, 21.661059533582605 ], [ -157.879761429625461, 21.65975500200685 ], [ -157.87942771074961, 21.65832915791043 ], [ -157.879124335620531, 21.656630251244632 ], [ -157.878487272908927, 21.654688657028739 ], [ -157.878153554037539, 21.653384156712708 ], [ -157.877759178883963, 21.651563906269448 ], [ -157.877273772463553, 21.649834687101894 ], [ -157.877273772404749, 21.648226780449207 ], [ -157.876515334637531, 21.645496436039672 ], [ -157.876211959525165, 21.644252591987851 ], [ -157.876151271940785, 21.642310997753544 ], [ -157.876788365768078, 21.640581747300121 ], [ -157.877395115836492, 21.638791840582485 ], [ -157.878123209669468, 21.636668246277416 ], [ -157.879215366094968, 21.634878339544279 ], [ -157.880368178803849, 21.633634495445961 ], [ -157.880701897603075, 21.632967057768159 ], [ -157.881126616433448, 21.632603026413427 ], [ -157.881763710289619, 21.631662557407559 ], [ -157.882764835462751, 21.630358057048912 ], [ -157.882886179205173, 21.629417588059525 ], [ -157.881976053979997, 21.628750150421467 ], [ -157.880823241216831, 21.628507462897531 ], [ -157.879276022128863, 21.628598462969737 ], [ -157.878183896892381, 21.628719838035025 ], [ -157.876667021579919, 21.629326588235422 ], [ -157.875271490030968, 21.629569275840772 ], [ -157.874331021094548, 21.630145682265152 ], [ -157.872935520796688, 21.630418713628103 ], [ -157.871539989226648, 21.630085026089102 ], [ -157.870235488915597, 21.629447932221225 ], [ -157.86868826979989, 21.628780494603483 ], [ -157.867747800825782, 21.628325432019555 ], [ -157.866564644275996, 21.627263619291412 ], [ -157.865138800162697, 21.625928775252646 ], [ -157.863894956075143, 21.624199556109307 ], [ -157.863561237231636, 21.623653462233193 ], [ -157.862954487084494, 21.623289430911388 ], [ -157.862256736915072, 21.622864712077298 ], [ -157.861680330516833, 21.622288305701343 ], [ -157.861498299184603, 21.621135461668445 ], [ -157.860739861467493, 21.619770273850765 ], [ -157.859738736182408, 21.618010710942059 ], [ -157.85870726716945, 21.617039929481855 ], [ -157.858161173283463, 21.616615179392902 ], [ -157.857857798197728, 21.616099460523429 ], [ -157.857311735523041, 21.614612928918575 ], [ -157.855309484967393, 21.61148817819991 ], [ -157.854308328446734, 21.61012299038995 ], [ -157.853519546970745, 21.608697115058021 ], [ -157.853125171864946, 21.608181396191441 ], [ -157.85254876540597, 21.605936426897628 ], [ -157.851911671454587, 21.604267864000082 ], [ -157.851486952571094, 21.603175707490124 ], [ -157.850334139776976, 21.602083582253361 ], [ -157.848635233116852, 21.601112769564391 ], [ -157.847603764136011, 21.601021769574473 ], [ -157.846268920077136, 21.600627363268242 ], [ -157.845237451100729, 21.600657707058698 ], [ -157.843690232017138, 21.600870082161183 ], [ -157.842355387961646, 21.600566707127726 ], [ -157.840868856340592, 21.599383550628783 ], [ -157.839412668460767, 21.597775644022487 ], [ -157.838654230742662, 21.596380143697161 ], [ -157.837258699115182, 21.594468862012956 ], [ -157.836348573882418, 21.593589080571611 ], [ -157.834857292255379, 21.592269924038728 ], [ -157.864414297613394, 21.560361915108285 ], [ -157.864879766473393, 21.560563727643995 ], [ -157.864840797710173, 21.560436196363305 ], [ -157.866593985543744, 21.558978383442529 ], [ -157.868522517212995, 21.558814352090089 ], [ -157.869204298602739, 21.558522789495388 ], [ -157.869515986142289, 21.557720976784733 ], [ -157.869379642311856, 21.556336038942369 ], [ -157.869399111040337, 21.555625351263835 ], [ -157.869691298593466, 21.555315569926979 ], [ -157.870412079983794, 21.554805319776296 ], [ -157.870548423769861, 21.554969319813019 ], [ -157.870041954924773, 21.555424882443187 ], [ -157.870119861195235, 21.555516007463513 ], [ -157.870022454921781, 21.55546135120294 ], [ -157.869671829857737, 21.555825788805329 ], [ -157.869632861107078, 21.556044476361315 ], [ -157.869827673659984, 21.556317820173543 ], [ -157.870100392472125, 21.556372476428546 ], [ -157.871074392676917, 21.556099163829121 ], [ -157.872009424131107, 21.55604447628566 ], [ -157.873509393216466, 21.556172038769848 ], [ -157.874015862083411, 21.556317820040217 ], [ -157.875788518760089, 21.557301882730133 ], [ -157.876139175099325, 21.557629882801059 ], [ -157.876333956406199, 21.558012570390666 ], [ -157.875944362606106, 21.558996601899398 ], [ -157.876022300160429, 21.560017070902393 ], [ -157.875476862552773, 21.560363289756431 ], [ -157.875204143759873, 21.560837071133722 ], [ -157.875184643764868, 21.561092196198206 ], [ -157.87539892508866, 21.561821071373849 ], [ -157.875398925102559, 21.562203758969659 ], [ -157.874658706213893, 21.562877977912006 ], [ -157.874444424933841, 21.563351759287443 ], [ -157.874872956323458, 21.564590853333989 ], [ -157.874872956370552, 21.565884603657885 ], [ -157.874639206358836, 21.566977916439029 ], [ -157.874853487659379, 21.567069041455024 ], [ -157.875087237841626, 21.570658667346233 ], [ -157.874892456550015, 21.570695104861564 ], [ -157.874795050338207, 21.572335011525222 ], [ -157.874892456629624, 21.572881636658966 ], [ -157.875204144221584, 21.573519355558687 ], [ -157.875710613107145, 21.574175324456778 ], [ -157.876606675830601, 21.57488591835612 ], [ -157.876567738326003, 21.574995262134749 ], [ -157.87701576967018, 21.574867699588527 ], [ -157.878398832501006, 21.575578324722358 ], [ -157.88237273967377, 21.576853731165002 ], [ -157.882100020868279, 21.576981293705625 ], [ -157.882100020876891, 21.577218168764926 ], [ -157.882353270930111, 21.577145262488596 ], [ -157.883151958622165, 21.577582575072615 ], [ -157.884125958864786, 21.578347825233141 ], [ -157.884340208914693, 21.578420700244564 ], [ -157.884651896480108, 21.578329606461821 ], [ -157.884749302733638, 21.57783766883556 ], [ -157.885450584128364, 21.577564356244789 ], [ -157.885567459140162, 21.577181731145274 ], [ -157.885489521596412, 21.576452918465304 ], [ -157.885918084171664, 21.575924512069353 ], [ -157.886151865475881, 21.57599738708014 ], [ -157.886327178009196, 21.575851605788067 ], [ -157.886112896728548, 21.576307137158931 ], [ -157.885723302907252, 21.576707981021695 ], [ -157.885801209207642, 21.577619012497291 ], [ -157.885567459162075, 21.577782981295783 ], [ -157.885060959055039, 21.577910512593864 ], [ -157.884866177769396, 21.578110950150251 ], [ -157.884963584081362, 21.579222387925391 ], [ -157.885333709176251, 21.579586794254816 ], [ -157.886424584483223, 21.581408794676165 ], [ -157.887281709802409, 21.584979826792843 ], [ -157.887866085003679, 21.586965733521378 ], [ -157.888177772590325, 21.58745767113459 ], [ -157.888489460194961, 21.588441483870952 ], [ -157.888801116531624, 21.588933390234157 ], [ -157.888801116538929, 21.589133796534334 ], [ -157.889853054318735, 21.590445578079187 ], [ -157.891255585915246, 21.591465797039849 ], [ -157.891469867230427, 21.591957703406162 ], [ -157.891723117297573, 21.592267422225614 ], [ -157.89411914913444, 21.593870641300526 ], [ -157.894937305596727, 21.594745110243334 ], [ -157.895463274504607, 21.595892860513889 ], [ -157.895677555845765, 21.597095235808066 ], [ -157.895989212177113, 21.597441392134769 ], [ -157.896807368619505, 21.597769298440753 ], [ -157.896437243551816, 21.59815186104834 ], [ -157.896476212324387, 21.598534454892878 ], [ -157.897313868810983, 21.599955423971888 ], [ -157.8975476188931, 21.600793424174221 ], [ -157.897489181408133, 21.601558549367631 ], [ -157.897645025207851, 21.601977549467559 ], [ -157.898794337991262, 21.602797330886101 ], [ -157.90002155706506, 21.604254706211766 ], [ -157.900976088550834, 21.604946925104592 ], [ -157.903683807954479, 21.606495362905751 ], [ -157.903722745453763, 21.606240331590655 ], [ -157.904833120718564, 21.606786831692006 ], [ -157.905709714672525, 21.607078300486965 ], [ -157.905768152194725, 21.607333331798948 ], [ -157.907131746247416, 21.607387988019067 ], [ -157.907696652629966, 21.607606581805733 ], [ -157.908066777725566, 21.607989113139674 ], [ -157.908281059019458, 21.607898019360022 ], [ -157.908397934047912, 21.607970894374532 ], [ -157.909021309224698, 21.609045675873674 ], [ -157.90952777813294, 21.610320801176723 ], [ -157.910404372122173, 21.611577738963391 ], [ -157.912060185048546, 21.613253583080002 ], [ -157.911904341269548, 21.613399301871475 ], [ -157.912332903883993, 21.613945770744575 ], [ -157.912449747689067, 21.614747270941496 ], [ -157.91268352899263, 21.614801927197703 ], [ -157.912625091543021, 21.616532396382802 ], [ -157.913189997915595, 21.616477740101054 ], [ -157.913287404200389, 21.616842052689147 ], [ -157.912664060316928, 21.616951365236449 ], [ -157.912508216543188, 21.617242802814388 ], [ -157.912449747846921, 21.619064303272285 ], [ -157.912566654130671, 21.619282897073273 ], [ -157.913618560653333, 21.620393991067807 ], [ -157.915060092262479, 21.621523335054444 ], [ -157.914709435947174, 21.621851210147739 ], [ -157.914748404709115, 21.621942272669298 ], [ -157.914884748481825, 21.621741897614768 ], [ -157.91502112351256, 21.621760116364975 ], [ -157.917378186604992, 21.623745523036636 ], [ -157.918215811819039, 21.624546960710486 ], [ -157.919365155839813, 21.625020523292271 ], [ -157.919891093469118, 21.625384804616651 ], [ -157.92067031242027, 21.626186242292359 ], [ -157.920981968756337, 21.626659804900946 ], [ -157.921059906292186, 21.627169805026131 ], [ -157.921020937566936, 21.62808049275538 ], [ -157.920222249914787, 21.628736211695095 ], [ -157.920144343656943, 21.628991180511424 ], [ -157.920202781177835, 21.629209743064273 ], [ -157.920728750064484, 21.629774368188802 ], [ -157.920904062617808, 21.630175087033507 ], [ -157.920962500152029, 21.630757930927558 ], [ -157.920826156391968, 21.631304337318721 ], [ -157.919930062483047, 21.63236071261187 ], [ -157.918722312257358, 21.633471712928685 ], [ -157.918371655951347, 21.634054525585817 ], [ -157.918508031124134, 21.637952089057276 ], [ -157.918215812385768, 21.640028339586472 ], [ -157.918313218683892, 21.64075683976575 ], [ -157.918858656367604, 21.642486996431472 ], [ -157.918897625153505, 21.643233684117181 ], [ -157.91881971889768, 21.643543277947192 ], [ -157.91903396894827, 21.643634340463137 ], [ -157.918176875134634, 21.64705815384783 ], [ -157.917923625089486, 21.647349528928896 ], [ -157.916949624882676, 21.647568060264796 ], [ -157.916754843580378, 21.6473131227072 ], [ -157.916540562287111, 21.647422372741421 ], [ -157.91484581192401, 21.647713747868643 ], [ -157.912586123926275, 21.647731966695556 ], [ -157.912293936369167, 21.647932310505073 ], [ -157.912274467622865, 21.648150841810416 ], [ -157.912625092708197, 21.648369373103908 ], [ -157.912956249027275, 21.648260091815942 ], [ -157.913657530434591, 21.648332966811736 ], [ -157.914319843094006, 21.648697185631729 ], [ -157.914456218116783, 21.648496841827196 ], [ -157.915995124714868, 21.6487335918372 ], [ -157.919345656711187, 21.648933935530067 ], [ -157.920572906971159, 21.648642529167798 ], [ -157.922014407271064, 21.648150841498516 ], [ -157.922365063597056, 21.648114403978166 ], [ -157.92257934489902, 21.648241904003228 ], [ -157.923475407646009, 21.649589529311932 ], [ -157.924137720320147, 21.650354404482226 ], [ -157.925540283153481, 21.651009998351444 ], [ -157.925579251920794, 21.651246748409466 ], [ -157.92661168966049, 21.651574529708466 ], [ -157.927274002321241, 21.651975186037546 ], [ -157.928345408863606, 21.653504873886217 ], [ -157.928618127695813, 21.654105842777948 ], [ -157.928676565242768, 21.655034561758598 ], [ -157.928501221474761, 21.655599093155569 ], [ -157.928696034021755, 21.655708343176673 ], [ -157.927838908942874, 21.658713031456465 ], [ -157.927605158956823, 21.660497625660781 ], [ -157.927663596493062, 21.661134969568497 ], [ -157.928111627849916, 21.661353469608848 ], [ -157.928150596618536, 21.661626625925994 ], [ -157.929825878252728, 21.662027219722596 ], [ -157.930741440954677, 21.662027219693236 ], [ -157.933195910287424, 21.663156219897218 ], [ -157.934559504379564, 21.664285188886161 ], [ -157.935085442015634, 21.664831470256082 ], [ -157.935085442019613, 21.664940720283429 ], [ -157.935319223318544, 21.66486790775771 ], [ -157.936137379785066, 21.665851189227652 ], [ -157.936332161092054, 21.66623356431715 ], [ -157.936156848558085, 21.666361033104682 ], [ -157.936565942432395, 21.667289689574083 ], [ -157.936936036314819, 21.668673564908708 ], [ -157.936955536405378, 21.671022471746205 ], [ -157.936877598898207, 21.671295596817092 ], [ -157.93648800508501, 21.67191469073461 ], [ -157.935864661212918, 21.672333503359468 ], [ -157.935767254950775, 21.672588409676418 ], [ -157.935981536260073, 21.672916159751608 ], [ -157.936507473884092, 21.673134659789444 ], [ -157.936293223839556, 21.673207472314552 ], [ -157.936020473772686, 21.673025409777715 ], [ -157.935552973664215, 21.672879722256237 ], [ -157.935163379833625, 21.673025409805216 ], [ -157.934656910985296, 21.673389566162648 ], [ -157.933760817029651, 21.673171066136685 ], [ -157.933390691947977, 21.673171066148559 ], [ -157.933079004388588, 21.673425972472376 ], [ -157.933020566885745, 21.673699097542638 ], [ -157.933079004409336, 21.673990441363706 ], [ -157.933371223234502, 21.674281753927286 ], [ -157.934481567248099, 21.674791566519318 ], [ -157.935416598731081, 21.675519910421688 ], [ -157.935630880030345, 21.675574504178481 ], [ -157.935903598838507, 21.675519910406067 ], [ -157.936137380131356, 21.675283191589287 ], [ -157.936371130179623, 21.675192160308992 ], [ -157.936799692779488, 21.675337816581713 ], [ -157.937228255385349, 21.675647347895467 ], [ -157.938786630786609, 21.677213223237533 ], [ -157.940189193631426, 21.678178223434152 ], [ -157.940812537552347, 21.679088598642096 ], [ -157.941942381633822, 21.681328099166567 ], [ -157.944766976143342, 21.685042287505869 ], [ -157.944864382435554, 21.685606693894073 ], [ -157.944864382469035, 21.686517037872012 ], [ -157.944766976209593, 21.686844756707202 ], [ -157.945039695021791, 21.686899350462109 ], [ -157.944942288769056, 21.687409131842877 ], [ -157.945078663808488, 21.687664038152334 ], [ -157.945896820260373, 21.68824663202194 ], [ -157.947163008058368, 21.688756413358913 ], [ -157.94854607089357, 21.689575694769626 ], [ -157.948955164757223, 21.690212882416027 ], [ -157.949675914971152, 21.691705789016687 ], [ -157.950065508827151, 21.692251945390929 ], [ -157.950533040170853, 21.691997070312084 ], [ -157.950123977594728, 21.692379382920958 ], [ -157.951701821744308, 21.693781226971264 ], [ -157.954916010043036, 21.696220758728806 ], [ -157.956260135387083, 21.697513321509255 ], [ -157.957117260625694, 21.698860478069008 ], [ -157.958188667157572, 21.700098415844533 ], [ -157.958227604672231, 21.700262259634311 ], [ -157.958013323378992, 21.700371478418543 ], [ -157.957954885882856, 21.700826603534381 ], [ -157.958227604718502, 21.701518384948827 ], [ -157.959143167451231, 21.702355760129059 ], [ -157.959435355012346, 21.702264760096877 ], [ -157.959649667564975, 21.702410385126452 ], [ -157.960156136430015, 21.702501416382962 ], [ -157.960604167776836, 21.702446791354884 ], [ -157.960526230273729, 21.702829103953107 ], [ -157.960604167789569, 21.702792697691489 ], [ -157.962240480667901, 21.703266010257384 ], [ -157.962824887056883, 21.703539041556944 ], [ -157.963681981022063, 21.704249010457143 ], [ -157.963935231102028, 21.704904385613098 ], [ -157.964305356244722, 21.706560948515985 ], [ -157.964714450094334, 21.706815792316625 ], [ -157.965415700256358, 21.707016042344208 ], [ -157.96543520027609, 21.707434729948424 ], [ -157.966175419211481, 21.708035448825015 ], [ -157.966097512955741, 21.708344917655008 ], [ -157.966233856746527, 21.708636167723554 ], [ -157.967246825721304, 21.708672573950075 ], [ -157.967441607022295, 21.708891011498498 ], [ -157.967577982071163, 21.709400730371733 ], [ -157.96781173213077, 21.709619167918909 ], [ -157.968201325966703, 21.709619167906375 ], [ -157.9679481071488, 21.709291511582485 ], [ -157.967967575895017, 21.709073042777149 ], [ -157.968123419676061, 21.708982042749355 ], [ -157.968474044755396, 21.709036636501747 ], [ -157.968571451017482, 21.708781792684793 ], [ -157.969038982375281, 21.708909230201666 ], [ -157.969779232533909, 21.708781792645929 ], [ -157.969915576315969, 21.708836417655224 ], [ -157.969896107565006, 21.708927448928648 ], [ -157.969954545074557, 21.708836417653966 ], [ -157.970071420102329, 21.708891011413883 ], [ -157.969974013840925, 21.709164073985384 ], [ -157.9700908888654, 21.709127667722512 ], [ -157.970577888982831, 21.709400730275206 ], [ -157.971746701748657, 21.70961916779229 ], [ -157.971824608009172, 21.709437136494206 ], [ -157.97318820206263, 21.709509948968552 ], [ -157.973207702074262, 21.709710199018062 ], [ -157.97344145212719, 21.709746574019643 ], [ -157.973460920887504, 21.709910417810047 ], [ -157.973538827141283, 21.709546355216386 ], [ -157.974181671037769, 21.709673761477603 ], [ -157.974629733643269, 21.709855792758756 ], [ -157.974571264889079, 21.710092449069879 ], [ -157.974785546194425, 21.710310886617691 ], [ -157.974882952458529, 21.710110667814423 ], [ -157.975447890063691, 21.709582761414051 ], [ -157.976343952741843, 21.709054855003043 ], [ -157.977025734136163, 21.708891011190076 ], [ -157.977064702901487, 21.709073042484395 ], [ -157.978175078143039, 21.70898204242587 ], [ -157.978564671982298, 21.709073042436113 ], [ -157.978603609502272, 21.709382511262348 ], [ -157.978623109487131, 21.708854604879544 ], [ -157.979421765925338, 21.709182261185862 ], [ -157.979382828424804, 21.709400729991817 ], [ -157.980084109843546, 21.709783011314954 ], [ -157.980162016103378, 21.709582761262308 ], [ -157.981408735157856, 21.710383698922712 ], [ -157.981350297653023, 21.710602136479277 ], [ -157.981759360251289, 21.710820605270804 ], [ -157.981895735272644, 21.710583948957161 ], [ -157.982908704229288, 21.71012885506061 ], [ -157.983298298063175, 21.71007426128439 ], [ -157.983532048117439, 21.710147073795099 ], [ -157.9838632044505, 21.710420105102795 ], [ -157.98405801700963, 21.710857011455907 ], [ -157.983863204470651, 21.710966230239528 ], [ -157.983863204488131, 21.711439511608027 ], [ -157.98401904827648, 21.71154873038035 ], [ -157.983999579531599, 21.711803574194782 ], [ -157.984096954558453, 21.711949199228098 ], [ -157.984174892072303, 21.711858167952805 ], [ -157.984174892058206, 21.711475917857101 ], [ -157.984486579605459, 21.710893417701225 ], [ -157.984876173433321, 21.710674980133994 ], [ -157.984564485846477, 21.710183480020969 ], [ -157.984506048322174, 21.709874011195371 ], [ -157.984583954587322, 21.709819417429198 ], [ -157.984311235776488, 21.709801198683419 ], [ -157.98436967327865, 21.709509948608616 ], [ -157.984798235856374, 21.709054854730883 ], [ -157.986025486093467, 21.708144666963488 ], [ -157.987077392528477, 21.706870416610606 ], [ -157.987174798800652, 21.706888604112017 ], [ -157.987213736305193, 21.706779385333423 ], [ -157.987661798891907, 21.706451728986966 ], [ -157.98832411150579, 21.705577916246881 ], [ -157.989298111697082, 21.704940791056007 ], [ -157.989492924246093, 21.705104634840751 ], [ -157.990155236883396, 21.70486797851019 ], [ -157.991635705956526, 21.704776947189725 ], [ -157.99370058144612, 21.705705353605651 ], [ -157.99377848770456, 21.705468697293892 ], [ -157.995044706727072, 21.705286665957544 ], [ -157.995629081860642, 21.705414103470627 ], [ -157.996193988245267, 21.705687134770791 ], [ -157.996369332041979, 21.705905603569828 ], [ -157.996447238319945, 21.706196853640229 ], [ -157.996388800811076, 21.706306072419459 ], [ -157.996271925784612, 21.706287884918677 ], [ -157.99629139455439, 21.706706572522858 ], [ -157.996408269585487, 21.706852197555556 ], [ -157.996564113369175, 21.706834010045966 ], [ -157.996642050889733, 21.706925010066243 ], [ -157.996856332181579, 21.706779385022895 ], [ -157.996719957145501, 21.706615541236271 ], [ -157.997167988460717, 21.705705353493979 ], [ -157.997693957315249, 21.705395884649565 ], [ -157.998122519916507, 21.705577915931332 ], [ -157.998122519920543, 21.705687134708676 ], [ -157.999057551417025, 21.706779384951986 ], [ -157.999174426442778, 21.70677938494822 ], [ -157.999271832724332, 21.707052447513448 ], [ -157.999505582780586, 21.707179885037814 ], [ -157.99975883283642, 21.707179885029657 ], [ -157.999934145367064, 21.706961416219318 ], [ -157.999719864050292, 21.706433509844064 ], [ -157.999778301535656, 21.705687134655342 ], [ -158.000070520341382, 21.705450509586687 ], [ -157.999992582816787, 21.705250259539064 ], [ -157.998862738777348, 21.704158009302027 ], [ -157.998667957473657, 21.703866727985389 ], [ -157.998823801209682, 21.702556008902249 ], [ -157.999057551242458, 21.702046290017115 ], [ -157.999447145060913, 21.701572977386085 ], [ -158.000499082759944, 21.700680945878904 ], [ -158.001239301640283, 21.699788914381756 ], [ -158.00203798930562, 21.699497664283129 ], [ -158.002135395588539, 21.699807133107459 ], [ -158.002369145632684, 21.699606883049803 ], [ -158.003304177084829, 21.699497664242351 ], [ -158.003498989630458, 21.6995704767543 ], [ -158.00361586466164, 21.699716101786994 ], [ -158.00355742716485, 21.700153008148245 ], [ -158.003440520891701, 21.700225851920241 ], [ -158.004141802303764, 21.700426101947784 ], [ -158.005232708792306, 21.700371476898958 ], [ -158.005330083821804, 21.700589945700511 ], [ -158.006615771593886, 21.700280445581626 ], [ -158.007589771809307, 21.700298664304803 ], [ -158.008135209420146, 21.700043789223439 ], [ -158.008719615803045, 21.700153007981946 ], [ -158.009031272139197, 21.700626351840391 ], [ -158.009381928468542, 21.700680945592758 ], [ -158.009576709750093, 21.700371476759013 ], [ -158.009498803456722, 21.699661507833813 ], [ -158.00928452214805, 21.699352007763242 ], [ -158.008505334464843, 21.699042538960878 ], [ -158.008291053161571, 21.69887869517677 ], [ -158.008252084385504, 21.698405351309539 ], [ -158.008680646952456, 21.697658944858901 ], [ -158.009342959569608, 21.696876132141618 ], [ -158.009829959660891, 21.696439225766568 ], [ -158.010472803540523, 21.696111506913816 ], [ -158.011037709911051, 21.696002288118283 ], [ -158.012089616394974, 21.696056913098065 ], [ -158.012751960296384, 21.696202538113191 ], [ -158.013199991653892, 21.696439225658004 ], [ -158.013511679237382, 21.696839725748205 ], [ -158.013414272971943, 21.69700356954235 ], [ -158.013005179125742, 21.696839725764523 ], [ -158.012868835354396, 21.697076382078148 ], [ -158.013199991698883, 21.697658944713307 ], [ -158.013122054197169, 21.698077663570626 ], [ -158.013238960483676, 21.698368944889761 ], [ -158.013570116809376, 21.698441757397323 ], [ -158.014446710739236, 21.698077663527936 ], [ -158.014680460784035, 21.697895632224846 ], [ -158.014738898284833, 21.697567944640937 ], [ -158.015829773480988, 21.696366381805031 ], [ -158.016394711074668, 21.695528944077218 ], [ -158.017057023697845, 21.694909975150949 ], [ -158.019589399195695, 21.693271474659234 ], [ -158.019842649261591, 21.69354453721942 ], [ -158.019842649256219, 21.693398912182975 ], [ -158.020154336816859, 21.693180443368256 ], [ -158.020543930632641, 21.692634255718996 ], [ -158.021420524576513, 21.692652474445307 ], [ -158.021576368357529, 21.692561443167495 ], [ -158.021712712128846, 21.692324755603867 ], [ -158.021693243345027, 21.691523724154003 ], [ -158.023017868606132, 21.690686255151711 ], [ -158.023017868594707, 21.690376755074254 ], [ -158.023680181213223, 21.689630286116081 ], [ -158.02496586897243, 21.688974879660613 ], [ -158.025004837737725, 21.689156942204921 ], [ -158.025160681524113, 21.689211567213569 ], [ -158.025822994155988, 21.688829223346538 ], [ -158.027128150674912, 21.6883194731769 ], [ -158.027225525684315, 21.687991754341738 ], [ -158.029777401207184, 21.686917566490663 ], [ -158.030303370061716, 21.686608066396253 ], [ -158.030887776416364, 21.685952628713391 ], [ -158.03114099520198, 21.685406441068526 ], [ -158.031238401440561, 21.684514284592119 ], [ -158.032485120396217, 21.682639002832619 ], [ -158.032777307959236, 21.682602596564095 ], [ -158.033498089336575, 21.681746846326707 ], [ -158.034277276994885, 21.681382721210465 ], [ -158.035523996010255, 21.681127814856506 ], [ -158.036887590061497, 21.681146002317114 ], [ -158.036926527587525, 21.68161940868433 ], [ -158.036965496320619, 21.680927533509927 ], [ -158.037510933939473, 21.680891127233242 ], [ -158.037861590260064, 21.680709033426361 ], [ -158.039088809204657, 21.678651626621956 ], [ -158.039010902911969, 21.677959720201308 ], [ -158.039244652933263, 21.677140376238736 ], [ -158.039244652892279, 21.676029719710804 ], [ -158.039556340438793, 21.675428844550385 ], [ -158.039945934263955, 21.675137531964936 ], [ -158.040004371779474, 21.675210375731286 ], [ -158.040238121830356, 21.675192156969189 ], [ -158.040588778137504, 21.674645906821198 ], [ -158.041718622102252, 21.673717312802413 ], [ -158.042770528557213, 21.672988968836265 ], [ -158.042965309834699, 21.672570187475198 ], [ -158.043978278794526, 21.672206031101421 ], [ -158.044250997609339, 21.672333499874526 ], [ -158.047114560665847, 21.670312343026495 ], [ -158.047231435684893, 21.670130249227167 ], [ -158.047056123140209, 21.669966374191809 ], [ -158.047095060628635, 21.669420124053865 ], [ -158.048146967066174, 21.668218342469252 ], [ -158.048458654634828, 21.668218342459205 ], [ -158.050036529926103, 21.666688810775639 ], [ -158.051536498959649, 21.665414154158366 ], [ -158.056601281145788, 21.660534027774094 ], [ -158.056503874866252, 21.660315496472556 ], [ -158.057010343708384, 21.659787433824111 ], [ -158.057419437539778, 21.659550683751696 ], [ -158.057614218837386, 21.659678152527313 ], [ -158.058549281521266, 21.659077246096839 ], [ -158.058471343994682, 21.658822277285552 ], [ -158.05889990657235, 21.658367027157841 ], [ -158.059367437883054, 21.657219808105747 ], [ -158.060185594271729, 21.6560907765469 ], [ -158.061042719432351, 21.655325932577927 ], [ -158.061490750771668, 21.655070994999708 ], [ -158.061938782118375, 21.655016338721602 ], [ -158.062620563521932, 21.655107401222409 ], [ -158.062990688597409, 21.654943494919479 ], [ -158.063127063618083, 21.654688557351303 ], [ -158.063107563599715, 21.654306151006256 ], [ -158.062445250922877, 21.653468463318021 ], [ -158.062328375887745, 21.653213494507987 ], [ -158.062542657141989, 21.6520479942095 ], [ -158.062756938433807, 21.651902337916148 ], [ -158.062737469671504, 21.651683775362091 ], [ -158.062308907074367, 21.651610962857685 ], [ -158.062308907058252, 21.651173900248345 ], [ -158.062542657097651, 21.650846087658799 ], [ -158.062679000875704, 21.650791462640747 ], [ -158.063029657215679, 21.651137462715997 ], [ -158.063049125974686, 21.65126493149727 ], [ -158.063419251056217, 21.65126493148534 ], [ -158.063360813535979, 21.651064618937106 ], [ -158.063711469849778, 21.650700400084695 ], [ -158.064003657395375, 21.650190493697711 ], [ -158.064023126133549, 21.649753431087738 ], [ -158.063555626010441, 21.649207087216112 ], [ -158.063497188490828, 21.649024993422447 ], [ -158.063575094749268, 21.648788243360706 ], [ -158.0633413446931, 21.648660743336333 ], [ -158.063555625979546, 21.648369368256532 ], [ -158.063633532223179, 21.647731961844563 ], [ -158.063458219648993, 21.646766742858738 ], [ -158.0638672822123, 21.646038305163312 ], [ -158.06427637603764, 21.645637648799905 ], [ -158.065036094960391, 21.645783336311879 ], [ -158.065367251276626, 21.645601211255645 ], [ -158.065367251267247, 21.645346242441864 ], [ -158.064938688656724, 21.644909179846326 ], [ -158.064938688632566, 21.644253554682301 ], [ -158.065211407414409, 21.643488648232164 ], [ -158.065036094862393, 21.643124398146686 ], [ -158.064198469665797, 21.642796585591654 ], [ -158.063886782084353, 21.642450554265128 ], [ -158.063886782067584, 21.641995241651223 ], [ -158.064295844607386, 21.640629335046338 ], [ -158.064295844597979, 21.640374366232553 ], [ -158.064042625786811, 21.640228678704268 ], [ -158.063867281998881, 21.640246866214451 ], [ -158.063633531960789, 21.640611116313114 ], [ -158.062912781818767, 21.641066428950221 ], [ -158.061782937803088, 21.64061111637271 ], [ -158.061841375301185, 21.64021046002059 ], [ -158.061666062753829, 21.639973709967009 ], [ -158.060594656244348, 21.639336241092035 ], [ -158.061003750064344, 21.638789865942179 ], [ -158.061276468881147, 21.638971990978952 ], [ -158.061724500247919, 21.639463741087546 ], [ -158.063049125573997, 21.640392585027264 ], [ -158.063497188176768, 21.640501866290176 ], [ -158.066126969928234, 21.638389209426961 ], [ -158.066497095003768, 21.638225271874035 ], [ -158.06723731391142, 21.638079584313747 ], [ -158.067938595317969, 21.63813424055483 ], [ -158.068289220390511, 21.638006740511646 ], [ -158.068678845459544, 21.637551427885189 ], [ -158.068776220451468, 21.636750052681592 ], [ -158.068951564229337, 21.636458646353042 ], [ -158.068854157949829, 21.6362400838015 ], [ -158.069107407974087, 21.635384083579222 ], [ -158.069535970544337, 21.634728427151398 ], [ -158.069769720554234, 21.633599208111399 ], [ -158.070042439353585, 21.633307801779711 ], [ -158.070568376959358, 21.633034582944429 ], [ -158.071055377063288, 21.632943520405966 ], [ -158.071328095874691, 21.632979957906297 ], [ -158.071308627109687, 21.632688551584028 ], [ -158.071581345902985, 21.632233207711344 ], [ -158.071756658396623, 21.631012894900444 ], [ -158.072048877182169, 21.630229707195117 ], [ -158.072457939748801, 21.629592238272483 ], [ -158.073276096160242, 21.629082238118563 ], [ -158.073392971167891, 21.628590487991797 ], [ -158.073548814944132, 21.628371925432113 ], [ -158.074016346289739, 21.628171550366925 ], [ -158.07442540884162, 21.627133362594058 ], [ -158.075029283969258, 21.626987643788176 ], [ -158.075165659008036, 21.627224425093004 ], [ -158.075594221588318, 21.626841956233537 ], [ -158.076003284148896, 21.626040518519897 ], [ -158.076899378060716, 21.625075174499582 ], [ -158.077094159351617, 21.625020518229636 ], [ -158.077737003247904, 21.625148018240822 ], [ -158.07785387826894, 21.625020518205172 ], [ -158.077873378260506, 21.624674455617985 ], [ -158.078321409590416, 21.624164455475981 ], [ -158.079198003526102, 21.623964080397641 ], [ -158.079217472273029, 21.623763736596903 ], [ -158.07958759735385, 21.623745517830425 ], [ -158.080055128696785, 21.623472298997026 ], [ -158.080834316363706, 21.623344798940046 ], [ -158.081184941422151, 21.62283476755119 ], [ -158.081457660230853, 21.622798361283294 ], [ -158.08196416030151, 21.621687267239071 ], [ -158.082509597905528, 21.621250110862167 ], [ -158.082899191735294, 21.621086173308623 ], [ -158.08352253561921, 21.620995110765772 ], [ -158.084847192163011, 21.621049735736769 ], [ -158.084808223393622, 21.620758298165129 ], [ -158.085509504765895, 21.619883985423872 ], [ -158.085431567221235, 21.619137172739599 ], [ -158.085723786014114, 21.618554297584399 ], [ -158.088178255230901, 21.616550609504223 ], [ -158.090321036893073, 21.614929421529741 ], [ -158.091236599578622, 21.614492233890914 ], [ -158.094333912729866, 21.613654327331602 ], [ -158.094567662767901, 21.613290014732964 ], [ -158.095327381614084, 21.611359139225602 ], [ -158.096087100501222, 21.610539388996116 ], [ -158.097041631929812, 21.609683232501265 ], [ -158.097626007043772, 21.609282482382223 ], [ -158.0975286007656, 21.609100326089809 ], [ -158.098405225939842, 21.608590263434014 ], [ -158.098970132307556, 21.608408075870273 ], [ -158.099651944959021, 21.608444513357419 ], [ -158.099729851232894, 21.608626700900469 ], [ -158.099963601281672, 21.608553825874708 ], [ -158.100041507558217, 21.608808857185984 ], [ -158.100236320105836, 21.608936357211597 ], [ -158.100450601400979, 21.608881732191033 ], [ -158.100470070149896, 21.608735982153966 ], [ -158.100606445181256, 21.608772419658674 ], [ -158.100723320204338, 21.608699544636682 ], [ -158.100742788945865, 21.608353450799516 ], [ -158.100879163976572, 21.608371669549676 ], [ -158.10101550775255, 21.608262357017946 ], [ -158.101015507739135, 21.607898013176833 ], [ -158.100918132711683, 21.607734075638977 ], [ -158.101073976489261, 21.607551919338398 ], [ -158.101190851518339, 21.607642981857413 ], [ -158.101405132815557, 21.607642981850507 ], [ -158.101775226632952, 21.607260450492923 ], [ -158.101775226614848, 21.606768606619926 ], [ -158.102223289196047, 21.60629498148705 ], [ -158.105203727254349, 21.603635293225956 ], [ -158.106606258777617, 21.602669792939338 ], [ -158.10682035256221, 21.602328917847203 ], [ -158.140554361386023, 21.640174926222866 ], [ -158.139874517496878, 21.640460395066214 ], [ -158.138539673469779, 21.640915457723128 ], [ -158.137659892054103, 21.641673895441212 ], [ -158.136840766891652, 21.642159301839058 ], [ -158.134444110184603, 21.644070552394421 ], [ -158.132927234894311, 21.645253708989298 ], [ -158.12909135915632, 21.648140803585232 ], [ -158.128164265234489, 21.649015553833934 ], [ -158.127284483836746, 21.650259397923421 ], [ -158.126344014937928, 21.651836929598336 ], [ -158.125569764895687, 21.655306836741165 ], [ -158.125403546147908, 21.656357212009233 ], [ -158.124129389690211, 21.658329150043585 ], [ -158.123037233249022, 21.659663994162731 ], [ -158.1213383579489, 21.661666275968411 ], [ -158.12048888905673, 21.662879745049366 ], [ -158.119796013957171, 21.66431552668087 ], [ -158.119093388826741, 21.664973026868029 ], [ -158.11815291993355, 21.666702277330941 ], [ -158.11739448230125, 21.667642746340686 ], [ -158.116332669634716, 21.669462965580287 ], [ -158.115361856970253, 21.670797840945543 ], [ -158.114542763075747, 21.67176862246485 ], [ -158.112752856517858, 21.674104591857006 ], [ -158.111448356283262, 21.67553046725584 ], [ -158.110386543604335, 21.677016998911995 ], [ -158.108505605768585, 21.679140624504008 ], [ -158.106806730481878, 21.681506937650862 ], [ -158.105168511463006, 21.683994594576124 ], [ -158.103469604912789, 21.685996876381935 ], [ -158.101406667080681, 21.68930365852588 ], [ -158.100921260774243, 21.690668846383105 ], [ -158.099283041746389, 21.692913815747712 ], [ -158.098008854022908, 21.694461034925997 ], [ -158.097038072605045, 21.695704847768557 ], [ -158.095612197347009, 21.697221723194158 ], [ -158.094095353326793, 21.698950973675839 ], [ -158.09175935290861, 21.70155997440413 ], [ -158.089999790087148, 21.703349881158864 ], [ -158.087603133395504, 21.705685881820841 ], [ -158.085661539295103, 21.707779163657374 ], [ -158.083761226440885, 21.709522789155105 ], [ -158.081509069782498, 21.711897821072206 ], [ -158.079927756991566, 21.713452259012307 ], [ -158.078653600507948, 21.714726415622334 ], [ -158.077834475361101, 21.715636540876559 ], [ -158.076529975106126, 21.716516322388905 ], [ -158.074770412240809, 21.717123072597619 ], [ -158.072100692988869, 21.719459073268496 ], [ -158.069855723841727, 21.722098417751592 ], [ -158.067580442150899, 21.723736636985123 ], [ -158.065760191786751, 21.724737762294517 ], [ -158.063484878842445, 21.726284981505287 ], [ -158.061998347314244, 21.727619825637422 ], [ -158.059905065707227, 21.730441201411217 ], [ -158.058843253009087, 21.731412014188528 ], [ -158.05729603396631, 21.732716514565038 ], [ -158.05529378357096, 21.733960358691085 ], [ -158.051349907774494, 21.735932296812145 ], [ -158.048467844689611, 21.737297453497007 ], [ -158.044706000187716, 21.739390735392561 ], [ -158.042673406031099, 21.74051323573924 ], [ -158.038941905275721, 21.742333486315474 ], [ -158.034573310639928, 21.744426768230657 ], [ -158.031964310117388, 21.745852612421906 ], [ -158.030295747288733, 21.746914425241631 ], [ -158.029446278375019, 21.747551519178575 ], [ -158.027565371727064, 21.748006581853272 ], [ -158.025532746290025, 21.748309956994888 ], [ -158.023136089522723, 21.748613332148267 ], [ -158.021406870408214, 21.74906839481805 ], [ -158.019101213663163, 21.749432426233671 ], [ -158.01652255688262, 21.750463895325204 ], [ -158.014853994030346, 21.750888645485436 ], [ -158.011031461990001, 21.752314489715882 ], [ -158.008088742631372, 21.753406646334355 ], [ -158.006147148468813, 21.75383136525339 ], [ -158.005328023294879, 21.75401339657542 ], [ -158.002233616356733, 21.753861709137347 ], [ -158.000383022178312, 21.753315615310349 ], [ -157.999108865629324, 21.752830240229944 ], [ -157.998289740441891, 21.752648208960796 ], [ -157.997440302755649, 21.752678552745817 ], [ -157.995893083677799, 21.753042584136907 ], [ -157.994436895885769, 21.753831365631413 ], [ -157.992646989262226, 21.754407772083514 ], [ -157.991767207821511, 21.754498772134692 ], [ -157.99097842638966, 21.754286428356977 ], [ -157.989916613658806, 21.754377428414028 ], [ -157.987762675691499, 21.754589803536703 ], [ -157.982726643340612, 21.754862835017558 ], [ -157.981149111736983, 21.754711147530458 ], [ -157.978631111170245, 21.754407772535707 ] ] ] } },
{ "type": "Feature", "properties": { "sanctuary": "HIHWNMS", "datum": "NAD 83", "area_name": "SOUTH OAHU", "poly_id": 4, "area_km": 120.5667, "area_nm": 35.1572, "area_sm": 46.5509, "area_acres": 29793.6539, "shape_leng": 0.817195373447, "shape_le_1": 0.81721188111499998, "shape_area": 0.0104961516593 }, "geometry": { "type": "Polygon", "coordinates": [ [ [ -157.840986281326252, 21.251577838595832 ], [ -157.823806309394001, 21.268365843332287 ], [ -157.823293278031855, 21.268387843353874 ], [ -157.823325559283973, 21.268248030817901 ], [ -157.823276590517452, 21.268087405779273 ], [ -157.823168871738517, 21.267940561995935 ], [ -157.823090559213881, 21.267734061946758 ], [ -157.822904496662431, 21.267440343129142 ], [ -157.822826184135039, 21.267155811810461 ], [ -157.822209308947834, 21.265714811469469 ], [ -157.822052590142164, 21.265122811326346 ], [ -157.822077090146422, 21.265090686317542 ], [ -157.822738059036851, 21.264948405011236 ], [ -157.822532433956184, 21.26395712351982 ], [ -157.822488371444393, 21.263897467256282 ], [ -157.822077090106461, 21.263970904787541 ], [ -157.821954715067733, 21.263640467208749 ], [ -157.821665871235808, 21.263126498339297 ], [ -157.821656058727399, 21.262952092045982 ], [ -157.821734402487806, 21.262759341995331 ], [ -157.821660964971301, 21.262750154495333 ], [ -157.821504339924672, 21.262410560665327 ], [ -157.821528777428938, 21.262378435656533 ], [ -157.821758871227786, 21.262327935636691 ], [ -157.821342714844235, 21.261153091605966 ], [ -157.821230121065042, 21.261029154078507 ], [ -157.821097933533309, 21.2609557478143 ], [ -157.820647527180057, 21.260840997799725 ], [ -157.820260745833792, 21.260528935233815 ], [ -157.819903339488604, 21.260065403879114 ], [ -157.819820120711938, 21.259831341323192 ], [ -157.819663433166795, 21.259533028753506 ], [ -157.819722183179238, 21.259519247498222 ], [ -157.819022089238274, 21.258486653511966 ], [ -157.818787089169177, 21.258000153397692 ], [ -157.818796870420329, 21.257972622140493 ], [ -157.818713620401866, 21.257968028391957 ], [ -157.818586339115996, 21.25774774709086 ], [ -157.818405214072214, 21.257637622069005 ], [ -157.818302401549062, 21.257623840818788 ], [ -157.818297495296179, 21.25757334080631 ], [ -157.817969463973981, 21.257573340816588 ], [ -157.817866651450004, 21.257536622060634 ], [ -157.81786665145313, 21.257623840832448 ], [ -157.817656182656293, 21.257610059585595 ], [ -157.817254682564339, 21.257509090822936 ], [ -157.816750401194838, 21.257270434529062 ], [ -157.816001338510944, 21.256738059419412 ], [ -157.815781025958842, 21.256637090651068 ], [ -157.815448088377678, 21.25641680935642 ], [ -157.814865463239926, 21.256150590558114 ], [ -157.814189869332722, 21.255911934269612 ], [ -157.814189869329766, 21.255829309248945 ], [ -157.814091963057905, 21.255820152999718 ], [ -157.814023400541487, 21.255783434242687 ], [ -157.813729650474869, 21.255728371738126 ], [ -157.813460337915558, 21.25572837174656 ], [ -157.813181306605316, 21.255760496763344 ], [ -157.813176400356667, 21.255829309280703 ], [ -157.81252530646691, 21.255930309326356 ], [ -157.811741931295614, 21.255962434358942 ], [ -157.811335587456, 21.255957840620528 ], [ -157.811046712390265, 21.255898184364654 ], [ -157.810704024810263, 21.25576968434326 ], [ -157.810395555984996, 21.255563153051277 ], [ -157.810155680925476, 21.255374965511745 ], [ -157.809866805857467, 21.2552510592398 ], [ -157.809670993313375, 21.255223527989056 ], [ -157.808843586880897, 21.255214340512683 ], [ -157.808221805487648, 21.2550353404874 ], [ -157.80761471159974, 21.254916027976588 ], [ -157.806914617694815, 21.254893090492772 ], [ -157.806689398895855, 21.254911434254424 ], [ -157.806400555085048, 21.254989465532983 ], [ -157.806190023791657, 21.25507205931023 ], [ -157.805783648704335, 21.255131715587886 ], [ -157.805543773655586, 21.25524646562409 ], [ -157.805318554858502, 21.255315309398359 ], [ -157.804873023517928, 21.255526434465107 ], [ -157.804711460981196, 21.255494309462136 ], [ -157.804584148454012, 21.25551724697187 ], [ -157.804486273435742, 21.255609059497885 ], [ -157.804437304677919, 21.25569165327007 ], [ -157.804006460836803, 21.25579721580997 ], [ -157.803585429499151, 21.255939497108741 ], [ -157.803414054462735, 21.255976215873282 ], [ -157.802175397940061, 21.255976215912082 ], [ -157.801543835302994, 21.256031278445633 ], [ -157.801230522737768, 21.256136840981842 ], [ -157.800848616405517, 21.256187309756427 ], [ -157.79954142862934, 21.256513184878862 ], [ -157.799242803567012, 21.256609559912317 ], [ -157.798562272177833, 21.256907872508233 ], [ -157.79838602214096, 21.25696293502752 ], [ -157.797916022040113, 21.257036372560602 ], [ -157.797602678221153, 21.257036372570418 ], [ -157.797304021903443, 21.256981310066003 ], [ -157.79708370935569, 21.257004247578639 ], [ -157.796501115487786, 21.257293372669182 ], [ -157.796153490415151, 21.257403528957628 ], [ -157.796035990389299, 21.257403528961309 ], [ -157.795942959116843, 21.257348466450445 ], [ -157.795796084069934, 21.256939997602892 ], [ -157.795737334054394, 21.256866560086369 ], [ -157.795659021535869, 21.256829841329637 ], [ -157.795497459000586, 21.256838997586982 ], [ -157.795428896484509, 21.256811497582259 ], [ -157.795428896481411, 21.256724310060452 ], [ -157.795370146467349, 21.256692153804256 ], [ -157.795135146404817, 21.25638924748586 ], [ -157.795037240132899, 21.256380091236633 ], [ -157.795007865127104, 21.256398434992139 ], [ -157.795071521397205, 21.256568247532613 ], [ -157.795022552636567, 21.256572810035294 ], [ -157.794978490125857, 21.256545310029789 ], [ -157.794851208838367, 21.256279091217198 ], [ -157.794924615102531, 21.25622402870113 ], [ -157.795144958897481, 21.256123059918984 ], [ -157.795159646396627, 21.256008341139832 ], [ -157.79513027138816, 21.255953247376983 ], [ -157.795037240118518, 21.255976216135622 ], [ -157.794890365089628, 21.256072591164333 ], [ -157.794714115051477, 21.256090934924444 ], [ -157.794645552535741, 21.256072591172 ], [ -157.794577021268651, 21.256017497410362 ], [ -157.79438608371828, 21.255783434857804 ], [ -157.794258802438151, 21.25572377859687 ], [ -157.794043364890882, 21.255728372354767 ], [ -157.793876927357161, 21.255810966130639 ], [ -157.79372514606905, 21.255677872352106 ], [ -157.793661489800911, 21.255563153575395 ], [ -157.793548864771054, 21.255420872293357 ], [ -157.793397114733921, 21.255315309771703 ], [ -157.793069083409705, 21.255260247268208 ], [ -157.792750864585855, 21.255154684751769 ], [ -157.792662739566936, 21.255168434757969 ], [ -157.792545239546484, 21.25531990354952 ], [ -157.792290645741076, 21.255338247312075 ], [ -157.791952833168835, 21.255397934837589 ], [ -157.791796176883196, 21.255365809834455 ], [ -157.791791270628522, 21.255264841059351 ], [ -157.791624801838907, 21.255182216043902 ], [ -157.791531801818621, 21.255186809797966 ], [ -157.791424083048838, 21.255296966078884 ], [ -157.791306583024266, 21.255333653591745 ], [ -157.791223364260219, 21.255452997374189 ], [ -157.791012832966629, 21.255531028650303 ], [ -157.790939395452909, 21.255599872419815 ], [ -157.790812114182557, 21.255815559977744 ], [ -157.790655426667342, 21.256357122618081 ], [ -157.790655426669787, 21.256425966385294 ], [ -157.79069948917919, 21.256416810131633 ], [ -157.790689707931932, 21.256554466416365 ], [ -157.790670114177431, 21.256549872665826 ], [ -157.790699489187205, 21.256641685187866 ], [ -157.790679926693343, 21.256935404011937 ], [ -157.790660332939666, 21.256953779017149 ], [ -157.790699489206673, 21.257187841574456 ], [ -157.79066033294967, 21.257233716587162 ], [ -157.790650551706648, 21.257490747901745 ], [ -157.790709301723354, 21.257596310426305 ], [ -157.79095898928307, 21.257729372951768 ], [ -157.791061801810969, 21.25787624798528 ], [ -157.791066676815944, 21.257986404262674 ], [ -157.790998145557069, 21.258160810558433 ], [ -157.791032426820351, 21.258321435597537 ], [ -157.791110739341207, 21.258422373120329 ], [ -157.791157770606418, 21.258559060653031 ], [ -157.791156614356538, 21.258569216905613 ], [ -157.791056895589804, 21.258716123195473 ], [ -157.791110739351979, 21.258725310696089 ], [ -157.791061801843512, 21.258789560713687 ], [ -157.790425332969875, 21.259253092099538 ], [ -157.790043457900168, 21.2596569359625 ], [ -157.789891676621153, 21.25978084224823 ], [ -157.788927207674021, 21.260207654885175 ], [ -157.788192801275727, 21.260583998752299 ], [ -157.788183020020767, 21.260505967483091 ], [ -157.788153613765814, 21.260547279994341 ], [ -157.787659176166073, 21.260804280074098 ], [ -157.786577175945496, 21.261299936481937 ], [ -157.785872175799284, 21.26155234281714 ], [ -157.785509894472938, 21.261648717852577 ], [ -157.78515248814881, 21.261777217895908 ], [ -157.78468736305669, 21.262066342982784 ], [ -157.784016644177456, 21.262584936883478 ], [ -157.783957894165184, 21.262603280639915 ], [ -157.783943206665583, 21.262704280665638 ], [ -157.783683737864976, 21.262887843219659 ], [ -157.78294445646884, 21.263355937109882 ], [ -157.782748612679313, 21.263456905891264 ], [ -157.782513612630368, 21.263534937168142 ], [ -157.781642143704005, 21.26397090605446 ], [ -157.781181924864768, 21.264310531153814 ], [ -157.780976299823578, 21.264425249938942 ], [ -157.780256612185241, 21.264989718852647 ], [ -157.780065674650189, 21.26518706265799 ], [ -157.779669112080057, 21.265668937790924 ], [ -157.778910268200718, 21.266729000579822 ], [ -157.778773174429688, 21.266986031898405 ], [ -157.77872420567104, 21.267045688164863 ], [ -157.778572424396771, 21.26730265698388 ], [ -157.778381486869904, 21.267729469596613 ], [ -157.778117111826731, 21.268151657210485 ], [ -157.777686267999343, 21.268642688596799 ], [ -157.777142830394041, 21.269046532464827 ], [ -157.777030236619765, 21.269060313721788 ], [ -157.776844205333731, 21.269197970012044 ], [ -157.776809924078293, 21.269257626278044 ], [ -157.776741392814188, 21.269285157537077 ], [ -157.776692424056165, 21.269363188808121 ], [ -157.776643455293737, 21.269317313798183 ], [ -157.776648361545654, 21.269340251303763 ], [ -157.776472111515631, 21.269588063871268 ], [ -157.776501486524097, 21.269643126384118 ], [ -157.77626648648183, 21.269909282708046 ], [ -157.7760412676881, 21.270074501506425 ], [ -157.775527205085893, 21.270381939099426 ], [ -157.775434173818155, 21.270459970371849 ], [ -157.774973986224353, 21.270671064189049 ], [ -157.774758548679046, 21.270730720460723 ], [ -157.774513767374941, 21.270726126717236 ], [ -157.774391361096207, 21.270675657958446 ], [ -157.774278767318492, 21.270593064191313 ], [ -157.774239579809972, 21.270597626693682 ], [ -157.774171048542115, 21.270519626676315 ], [ -157.774151486047288, 21.27078581424351 ], [ -157.774200423559051, 21.270813314248858 ], [ -157.774136798550444, 21.270964783038735 ], [ -157.773936048510507, 21.271084095574864 ], [ -157.773294704627773, 21.271322720654631 ], [ -157.773133142093485, 21.271359439418873 ], [ -157.772761048267085, 21.27151547071955 ], [ -157.772526048216633, 21.271552158236084 ], [ -157.772291048163908, 21.271524626986558 ], [ -157.772153954381594, 21.271464970725923 ], [ -157.77208051686199, 21.271368595704118 ], [ -157.772056048102996, 21.271267658179625 ], [ -157.772056048095152, 21.271047376874527 ], [ -157.772036454340196, 21.271029033120556 ], [ -157.771987454329718, 21.271038189374377 ], [ -157.77193364182034, 21.271107033143284 ], [ -157.771933641824091, 21.271212595669688 ], [ -157.772060923114537, 21.271561345752936 ], [ -157.772075610626302, 21.271799970812168 ], [ -157.772021766868988, 21.271928470845989 ], [ -157.771776985569659, 21.272056970885799 ], [ -157.771184579193147, 21.272167095931898 ], [ -157.77082229786842, 21.272309345978815 ], [ -157.770646047830127, 21.272323127237783 ], [ -157.770559047811702, 21.272345033495984 ], [ -157.770489360297375, 21.272373596005309 ], [ -157.770347391516282, 21.2723781897609 ], [ -157.769657047617983, 21.272483752308915 ], [ -157.769187047514492, 21.27248375232363 ], [ -157.769103828746836, 21.272502096080821 ], [ -157.768535922381062, 21.272763658664026 ], [ -157.767272797135405, 21.273676877681989 ], [ -157.767086734600014, 21.273832908976853 ], [ -157.766871328305172, 21.273906315251953 ], [ -157.766739140779691, 21.274007284031349 ], [ -157.766097765650841, 21.274356034138656 ], [ -157.765569015541871, 21.274567127958015 ], [ -157.765143077957731, 21.274837878039076 ], [ -157.76467307786271, 21.275076503113471 ], [ -157.763439327610598, 21.275627159539841 ], [ -157.762337764880755, 21.275985097163858 ], [ -157.761329202168099, 21.276251253512001 ], [ -157.761059920859111, 21.276260409772721 ], [ -157.760864077064184, 21.276209909766212 ], [ -157.760844514558244, 21.276164066005357 ], [ -157.760751483289027, 21.27620078476745 ], [ -157.760658452018703, 21.27620534727151 ], [ -157.760232514420835, 21.276090628506132 ], [ -157.760061170632611, 21.276076878508064 ], [ -157.759787014319301, 21.275994284745984 ], [ -157.759713545554376, 21.276030972257463 ], [ -157.759698858054435, 21.276122753530878 ], [ -157.75984576434891, 21.276462347361232 ], [ -157.759840858098926, 21.276494472369414 ], [ -157.759791858088647, 21.276508222374392 ], [ -157.759713545569582, 21.276457753614221 ], [ -157.759645014297462, 21.276260409816999 ], [ -157.759630326784446, 21.275985097248586 ], [ -157.759581358023468, 21.275980503498968 ], [ -157.759571576768025, 21.275888722226316 ], [ -157.759395326719442, 21.275613378412949 ], [ -157.759243545422095, 21.275223347070135 ], [ -157.759263107924795, 21.275177440808033 ], [ -157.759238670419393, 21.275177440808804 ], [ -157.759243545418514, 21.275122378294871 ], [ -157.758886170313644, 21.274388159372396 ], [ -157.758440638940328, 21.273681471709548 ], [ -157.757554482488786, 21.273502502942506 ], [ -157.75699635736882, 21.273585096730624 ], [ -157.755253419498644, 21.27397056563159 ], [ -157.754930294434331, 21.274163315689918 ], [ -157.754758950654605, 21.274388159501527 ], [ -157.754592481879058, 21.274700190834789 ], [ -157.754484794367301, 21.275035190921965 ], [ -157.754465200618995, 21.275204972215043 ], [ -157.754484794380204, 21.27539769101265 ], [ -157.754656138184401, 21.275861191123237 ], [ -157.754793231965294, 21.275879566123542 ], [ -157.754788325720227, 21.276049347416176 ], [ -157.75360841922128, 21.27635678503 ], [ -157.752952356587258, 21.276650472623988 ], [ -157.752541106500871, 21.276769785166696 ], [ -157.752536231497373, 21.276700972649646 ], [ -157.752501950239832, 21.276700972650719 ], [ -157.75251173150096, 21.276953347713555 ], [ -157.752492168997804, 21.276985472722188 ], [ -157.751650075065101, 21.277063472768056 ], [ -157.751645168815685, 21.277109347779682 ], [ -157.751106637447521, 21.277123129049983 ], [ -157.750386918534417, 21.276994629040349 ], [ -157.75035266852197, 21.276857004006988 ], [ -157.750328199766585, 21.276857004007756 ], [ -157.750318387263462, 21.276829441501171 ], [ -157.750289012257127, 21.276834035253238 ], [ -157.750298793512371, 21.276921222774739 ], [ -157.750171512234516, 21.276925816529875 ], [ -157.749784762151791, 21.276994629059182 ], [ -157.749255980791162, 21.277159847867061 ], [ -157.749260887044699, 21.277228660384122 ], [ -157.748957324479818, 21.277283754157409 ], [ -157.748565668147307, 21.277389285446063 ], [ -157.747997761782329, 21.27767378553499 ], [ -157.747483699176456, 21.277880285602738 ], [ -157.747038167836195, 21.278100598171793 ], [ -157.747013699078991, 21.278050035659906 ], [ -157.746812949039025, 21.278169379446048 ], [ -157.746812949041299, 21.278233629462115 ], [ -157.746607324000053, 21.278348348247249 ], [ -157.746220542669477, 21.278476848291497 ], [ -157.745765230072607, 21.27857319207984 ], [ -157.745373573740892, 21.278701692124237 ], [ -157.745226698710837, 21.278765910894901 ], [ -157.745216886206038, 21.278692504626839 ], [ -157.745187542451049, 21.278733817138097 ], [ -157.745030854918497, 21.278788879656769 ], [ -157.744560854817394, 21.278857692188684 ], [ -157.744232823498749, 21.278958660974215 ], [ -157.744227948500111, 21.279027442241567 ], [ -157.744276886016308, 21.279178911027934 ], [ -157.74427688601989, 21.279279879803198 ], [ -157.744247511015885, 21.279348723571339 ], [ -157.744007635963214, 21.279353286079978 ], [ -157.744002729717351, 21.279500129866872 ], [ -157.743953760957709, 21.279532254876436 ], [ -157.743953760959812, 21.279591911141367 ], [ -157.743586604635965, 21.279789223702217 ], [ -157.743302604577167, 21.279894754987502 ], [ -157.743057823275535, 21.279959005011232 ], [ -157.742279385605372, 21.279995723794759 ], [ -157.740835104037529, 21.280004880092225 ], [ -157.740159478886426, 21.279940661347286 ], [ -157.739635572521166, 21.279945223864814 ], [ -157.739341853708396, 21.280000286387782 ], [ -157.739111759910486, 21.280078317664493 ], [ -157.738852291103512, 21.280082911423758 ], [ -157.738587884797056, 21.280133380194656 ], [ -157.737794759622346, 21.280133380219461 ], [ -157.737672384596038, 21.28015172397787 ], [ -157.737363947031696, 21.28025269276278 ], [ -157.737133821984912, 21.280362817797531 ], [ -157.736536540608398, 21.280505067851799 ], [ -157.736394540577123, 21.280505067856247 ], [ -157.736296634303613, 21.280450005345525 ], [ -157.736169321767875, 21.280234349045553 ], [ -157.736017571727871, 21.280050786504368 ], [ -157.735856009187415, 21.27991313022498 ], [ -157.73566507164179, 21.279812161455684 ], [ -157.735660165387429, 21.279720380182876 ], [ -157.735596540373734, 21.279729536437152 ], [ -157.735337040313766, 21.279651567675753 ], [ -157.73512654026672, 21.279633192677746 ], [ -157.734793602693884, 21.279646973941606 ], [ -157.734039633782686, 21.279784598999615 ], [ -157.734034758783594, 21.279839661513542 ], [ -157.733785039981484, 21.279922317792028 ], [ -157.733662664958644, 21.280037005324548 ], [ -157.733574539946062, 21.280229755375537 ], [ -157.73346191493502, 21.280615192975493 ], [ -157.733417852436219, 21.280922661803796 ], [ -157.733422758695326, 21.281147505609891 ], [ -157.733476602462872, 21.281308099398395 ], [ -157.733545164982559, 21.2814365994284 ], [ -157.733554946238769, 21.281551286956798 ], [ -157.73351578998458, 21.281675193239018 ], [ -157.733437446220421, 21.281762380763279 ], [ -157.733305258693889, 21.281835787035778 ], [ -157.733084946147187, 21.281886287055308 ], [ -157.73242891475445, 21.281936755838444 ], [ -157.731513352053071, 21.281945912119358 ], [ -157.730044601726235, 21.281854162142327 ], [ -157.729799820420482, 21.281803662137342 ], [ -157.729393476576746, 21.2816843808702 ], [ -157.728223351303228, 21.281243849546556 ], [ -157.727719069938416, 21.281138349535926 ], [ -157.727160944813477, 21.281083287039589 ], [ -157.726666475954687, 21.281087849556197 ], [ -157.726318850879267, 21.281119974575095 ], [ -157.724233225419795, 21.281119974640287 ], [ -157.723792600324202, 21.281161255914384 ], [ -157.723156131437861, 21.281271380961829 ], [ -157.722813412616262, 21.281381506000105 ], [ -157.722627381328863, 21.281482474781185 ], [ -157.722426631295917, 21.281799099866682 ], [ -157.722113318735865, 21.282051474939614 ], [ -157.721858724939722, 21.282331381267607 ], [ -157.721746131173887, 21.282583756334279 ], [ -157.721804881192554, 21.282744350122627 ], [ -157.722049662506947, 21.283038037688463 ], [ -157.722137787531409, 21.283180287721297 ], [ -157.722265068811737, 21.283244537733403 ], [ -157.722363006332017, 21.283207818971146 ], [ -157.722529443863294, 21.283056381428061 ], [ -157.722519662596284, 21.282638818823877 ], [ -157.722411975056531, 21.282189131214729 ], [ -157.722407068800607, 21.282051474930434 ], [ -157.722500068821404, 21.282060631179824 ], [ -157.722715506372452, 21.282161599948356 ], [ -157.722940725171412, 21.282143224936718 ], [ -157.723097381454437, 21.282101943671485 ], [ -157.723459662776605, 21.281886287356201 ], [ -157.723635912813478, 21.281831224836917 ], [ -157.723826850356858, 21.281867912340129 ], [ -157.724174475445182, 21.282198287411934 ], [ -157.724311537975581, 21.282202881158792 ], [ -157.724409475495179, 21.28214781864196 ], [ -157.724585725514714, 21.281606349750966 ], [ -157.724659163028633, 21.281542130982604 ], [ -157.724752194297992, 21.281510005971654 ], [ -157.724835444316966, 21.281528349723644 ], [ -157.724918631837284, 21.28158341223482 ], [ -157.725026350616361, 21.281734881019354 ], [ -157.725036131873281, 21.281867912302328 ], [ -157.724957788114523, 21.282106537364484 ], [ -157.72497741311966, 21.28212947486961 ], [ -157.725021444379365, 21.282129474868242 ], [ -157.7250801943905, 21.282079006103778 ], [ -157.725124256894361, 21.281913818561065 ], [ -157.725094881878704, 21.28165684974768 ], [ -157.725124256877365, 21.281436599691663 ], [ -157.725158538132462, 21.281367755923359 ], [ -157.72524666314942, 21.281298912153382 ], [ -157.725447381940512, 21.281211724625297 ], [ -157.725956569551755, 21.281184193352491 ], [ -157.72619156960485, 21.281220912104327 ], [ -157.726955319782405, 21.281482474645902 ], [ -157.727459601150684, 21.281684380930653 ], [ -157.727606476187105, 21.281799099704774 ], [ -157.727890445009962, 21.282088162268213 ], [ -157.727993257541442, 21.282335974827003 ], [ -157.728056882556785, 21.2823726623342 ], [ -157.728076476317909, 21.282565381131807 ], [ -157.727993257551873, 21.282629631150485 ], [ -157.727283351157723, 21.282973787508791 ], [ -157.727067913608806, 21.282932475005186 ], [ -157.726725226039633, 21.283111443810686 ], [ -157.726010413382681, 21.283125225086479 ], [ -157.725951663371006, 21.283161912597485 ], [ -157.725927194617924, 21.283226162614334 ], [ -157.725839069602102, 21.283327100142337 ], [ -157.725623632058898, 21.283446412678927 ], [ -157.72548166328184, 21.283565725213222 ], [ -157.725329882005269, 21.283758444016183 ], [ -157.725227069482628, 21.283758444019401 ], [ -157.725143850715938, 21.283804350283486 ], [ -157.724982288180001, 21.28379516278623 ], [ -157.724815819396383, 21.283882350313259 ], [ -157.724458413068334, 21.283900694079023 ], [ -157.724032475479049, 21.284029162874479 ], [ -157.723655506648782, 21.284107194155787 ], [ -157.723161037799002, 21.284364131735536 ], [ -157.72294072525321, 21.284442163011942 ], [ -157.72270572520145, 21.284442163019293 ], [ -157.722622475180515, 21.284368725503516 ], [ -157.722578412664916, 21.284203537963563 ], [ -157.722627381421262, 21.284079662931038 ], [ -157.722700818934356, 21.283992475406922 ], [ -157.723014162749649, 21.283886912870717 ], [ -157.723068006508043, 21.283790569094929 ], [ -157.723058225253482, 21.283721725328007 ], [ -157.722323818839698, 21.283666662837184 ], [ -157.721951756260353, 21.283740100367194 ], [ -157.721736318716125, 21.283831850396879 ], [ -157.721555193683571, 21.28403835045421 ], [ -157.721491537419894, 21.284047537958497 ], [ -157.721369131143746, 21.284070475468059 ], [ -157.721349537387795, 21.284024600457201 ], [ -157.72132506863241, 21.284024600457965 ], [ -157.721320162379669, 21.283978694196627 ], [ -157.721006818559658, 21.283951162949535 ], [ -157.720424224684564, 21.284042944240703 ], [ -157.720199037137235, 21.284107194263825 ], [ -157.719670287029061, 21.284341194338907 ], [ -157.719523380748171, 21.284382506853831 ], [ -157.719298193205105, 21.284566006906783 ], [ -157.71907788065883, 21.284630288179756 ], [ -157.718940786882541, 21.28474041321159 ], [ -157.718896724376265, 21.284836756987083 ], [ -157.718896724381466, 21.284983600773817 ], [ -157.718847755627678, 21.285180913324723 ], [ -157.718810818122876, 21.285273632099084 ], [ -157.718616380575099, 21.285134757070413 ], [ -157.71865194304246, 21.28399706928462 ], [ -157.718583349273075, 21.283877756756905 ], [ -157.718490349248697, 21.28376763173226 ], [ -157.718059536640368, 21.283391350401569 ], [ -157.718005661628496, 21.283391350403249 ], [ -157.717863692851154, 21.283501475435248 ], [ -157.717834317843852, 21.283478506680421 ], [ -157.717834317839419, 21.283354631649424 ], [ -157.717814724083809, 21.283317944140848 ], [ -157.717349630223993, 21.283111444103717 ], [ -157.717153786427104, 21.283005912833421 ], [ -157.716869817611126, 21.282909537818188 ], [ -157.716492848777563, 21.282895787826526 ], [ -157.715900442391472, 21.282739756555994 ], [ -157.715518567305054, 21.282675537801858 ], [ -157.714965348427285, 21.282510350277811 ], [ -157.714882098406974, 21.282455287766631 ], [ -157.714789098381914, 21.282326787737379 ], [ -157.7145834733291, 21.282115693940984 ], [ -157.714377848279213, 21.281987225165267 ], [ -157.714275035755605, 21.281959693911588 ], [ -157.714186879488125, 21.282014756428119 ], [ -157.714167316994917, 21.282326787756812 ], [ -157.713898035682973, 21.282253350246844 ], [ -157.713609191864094, 21.28210653771913 ], [ -157.713560223101524, 21.282056068958035 ], [ -157.713579816854207, 21.282010131445929 ], [ -157.713834410654755, 21.281854162648948 ], [ -157.713839285653535, 21.281789943882725 ], [ -157.71378053563717, 21.281693537610433 ], [ -157.713408473047679, 21.281482475069254 ], [ -157.713188097992941, 21.281308100032508 ], [ -157.71298253544407, 21.281207131263649 ], [ -157.712581066603292, 21.281142912510123 ], [ -157.712277504036393, 21.281142912519613 ], [ -157.712111035252178, 21.281211725042031 ], [ -157.712032722736694, 21.281262225057112 ], [ -157.71186637895741, 21.28146806886382 ], [ -157.711199691296656, 21.281079193787335 ], [ -157.711278753802475, 21.28075284995321 ], [ -157.710945847473397, 21.280592256173417 ], [ -157.710901784961777, 21.280537193661019 ], [ -157.710896878705142, 21.28038113112212 ], [ -157.710852816193636, 21.280330693610875 ], [ -157.7108381286873, 21.280243506089516 ], [ -157.710720628651956, 21.279977349776583 ], [ -157.710612909862704, 21.279541443420872 ], [ -157.710475847321561, 21.27923397459822 ], [ -157.710289784770453, 21.278949474532837 ], [ -157.709707159617608, 21.278261161878802 ], [ -157.709555409570441, 21.277875693037089 ], [ -157.709340003262241, 21.277572849218036 ], [ -157.709354690761586, 21.277462692940013 ], [ -157.709545659547757, 21.277297505392713 ], [ -157.709540722038867, 21.277077255337755 ], [ -157.70944769076084, 21.276866161537836 ], [ -157.7092861282174, 21.276645880237769 ], [ -157.709173534435564, 21.276448567691908 ], [ -157.709163753184924, 21.276489880202551 ], [ -157.709129471927014, 21.276480661451316 ], [ -157.70900706564305, 21.276283380155771 ], [ -157.708801440575229, 21.275650098753733 ], [ -157.708737784301064, 21.275365598684523 ], [ -157.708698628031385, 21.275053567357674 ], [ -157.708718221771193, 21.274645129754855 ], [ -157.708791690526908, 21.274351442179082 ], [ -157.708879784288342, 21.274126598370064 ], [ -157.708948315539232, 21.273727348268018 ], [ -157.708958127976501, 21.271900941560705 ], [ -157.709007065486304, 21.27187341030228 ], [ -157.708884690439646, 21.271318128917166 ], [ -157.708693752881402, 21.270863816309447 ], [ -157.708566409075928, 21.270092847370513 ], [ -157.708546877811045, 21.269794566046482 ], [ -157.708679034077448, 21.269436628452794 ], [ -157.708683940313193, 21.269005253344709 ], [ -157.708713315314611, 21.268862972058187 ], [ -157.708884690338721, 21.26847750320638 ], [ -157.708870002832356, 21.268390346935039 ], [ -157.708918940339544, 21.268289346908233 ], [ -157.709036440360677, 21.268156253121262 ], [ -157.709149034128643, 21.267963534319531 ], [ -157.709261659149718, 21.267857971789603 ], [ -157.709433002929643, 21.267637690479138 ], [ -157.709565190454498, 21.267518377945155 ], [ -157.70965822171263, 21.26716959660498 ], [ -157.709736565479744, 21.267165002851392 ], [ -157.709751252983608, 21.267183346605506 ], [ -157.709751252982954, 21.267165002850927 ], [ -157.709800190493723, 21.267165002849403 ], [ -157.709947065528553, 21.26723384661204 ], [ -157.709976471784074, 21.26720631535423 ], [ -157.709937284266772, 21.2669630965446 ], [ -157.709952003009931, 21.266678565222943 ], [ -157.710123315535782, 21.266343533883767 ], [ -157.710231034304911, 21.266215033848251 ], [ -157.710289784317865, 21.266215033846418 ], [ -157.710270221812095, 21.266173752586699 ], [ -157.710441565592987, 21.26598100253312 ], [ -157.710480690601628, 21.265981002531902 ], [ -157.710480690598672, 21.265898377511231 ], [ -157.710515003101989, 21.265779064980308 ], [ -157.710549284359388, 21.265774471228081 ], [ -157.710573753112158, 21.265701064958957 ], [ -157.71055415935686, 21.265673533702667 ], [ -157.710759784389609, 21.265320158607835 ], [ -157.710833221890113, 21.264879595995314 ], [ -157.710901784398573, 21.264691439696094 ], [ -157.711082909427205, 21.264374783361205 ], [ -157.711078034425014, 21.264342627103318 ], [ -157.71110740943098, 21.264328877098958 ], [ -157.711347284465234, 21.263805689460561 ], [ -157.711538253247397, 21.263525751884565 ], [ -157.711543128246518, 21.263470689370632 ], [ -157.711601878258449, 21.263443158111908 ], [ -157.711459909461666, 21.263007158007245 ], [ -157.711347284433316, 21.262906189235498 ], [ -157.711352190681765, 21.262832782966974 ], [ -157.711503971960809, 21.262708845431231 ], [ -157.711533346963876, 21.262612501656211 ], [ -157.71148437820176, 21.262575782898551 ], [ -157.711366878177159, 21.262612501661408 ], [ -157.711313034408477, 21.262419720364854 ], [ -157.711224909383048, 21.262249939075122 ], [ -157.711244471885522, 21.262199439061877 ], [ -157.711494159438104, 21.262130595286859 ], [ -157.711533346942531, 21.262011282755779 ], [ -157.711484378177175, 21.261882782725156 ], [ -157.711474596917668, 21.261676282673793 ], [ -157.71133259687528, 21.261364188850145 ], [ -157.711298346858598, 21.261107157536905 ], [ -157.71116125307222, 21.260932782497544 ], [ -157.711014378039835, 21.260932782502127 ], [ -157.710985003030743, 21.26085934498467 ], [ -157.710940940519578, 21.260818063725718 ], [ -157.710833221745219, 21.260799688724482 ], [ -157.710862596749735, 21.260744626209789 ], [ -157.710838127992048, 21.260680376194482 ], [ -157.710705940460173, 21.26060234492908 ], [ -157.710608034182599, 21.260432563639657 ], [ -157.710387721627995, 21.260262751104051 ], [ -157.710382815371844, 21.260120469818592 ], [ -157.710314284104157, 21.260047063552371 ], [ -157.709790408988596, 21.260042469817574 ], [ -157.709751252729319, 21.260024094814192 ], [ -157.7098148777402, 21.259936907290399 ], [ -157.709810033987537, 21.259891001029061 ], [ -157.70968269020392, 21.259734969743992 ], [ -157.70961415893737, 21.25969365723579 ], [ -157.709540721422201, 21.259721188494979 ], [ -157.709369377630168, 21.259601875970468 ], [ -157.709212690094375, 21.259565157216173 ], [ -157.709075627564488, 21.25957434472274 ], [ -157.708933658784844, 21.259620219738654 ], [ -157.708825940013412, 21.259684469758096 ], [ -157.708713314987762, 21.259661532255866 ], [ -157.708703533732859, 21.259583532236661 ], [ -157.708639877467505, 21.259546813479457 ], [ -157.708488096183885, 21.259542219733035 ], [ -157.708419564920916, 21.259601876000104 ], [ -157.708282471141047, 21.259611032256668 ], [ -157.708160064863137, 21.259583532253618 ], [ -157.707988721071274, 21.259468782230254 ], [ -157.707905502303106, 21.259473375983994 ], [ -157.7078222835367, 21.259528438500372 ], [ -157.707685189756518, 21.259528438504649 ], [ -157.707557908474769, 21.25942287598221 ], [ -157.707288627163109, 21.259358625974532 ], [ -157.707141720875711, 21.25921634469352 ], [ -157.707048720853436, 21.259165875933785 ], [ -157.7067941270532, 21.259331094733074 ], [ -157.706666845776653, 21.25937240724738 ], [ -157.706236001932695, 21.259399938517717 ], [ -157.705917783110664, 21.259344876013863 ], [ -157.705805189333375, 21.259276032250149 ], [ -157.705579970534245, 21.25928978226062 ], [ -157.705296001725941, 21.259409126049352 ], [ -157.704806407871985, 21.259519251092172 ], [ -157.704576282820284, 21.259491719842469 ], [ -157.704356001518505, 21.259399938576372 ], [ -157.704258063997088, 21.259404532330578 ], [ -157.704111220218152, 21.259500907359271 ], [ -157.703895782667104, 21.259399938590736 ], [ -157.703651001363511, 21.259409126100671 ], [ -157.703509032581564, 21.259390751100497 ], [ -157.703440470065175, 21.259354063593459 ], [ -157.703347438794651, 21.259354063596362 ], [ -157.703009626223036, 21.259432063626416 ], [ -157.702696282408851, 21.259569751170645 ], [ -157.702094094778147, 21.259624813703198 ], [ -157.701726907201959, 21.259757907497963 ], [ -157.701340188366771, 21.259757907510028 ], [ -157.701046407056282, 21.259877220049045 ], [ -157.70033650064903, 21.259854282565456 ], [ -157.700062313094008, 21.260005751361909 ], [ -157.699499312974865, 21.260143407663914 ], [ -157.699146781654179, 21.260340751474285 ], [ -157.698711062813885, 21.260501376528069 ], [ -157.698500531522427, 21.260639064069089 ], [ -157.698246000228067, 21.260969501659716 ], [ -157.698177406464566, 21.261015407923338 ], [ -157.698074593943034, 21.261047532934583 ], [ -157.697864062646659, 21.261047532941156 ], [ -157.697771062627965, 21.261098001706682 ], [ -157.697717218869997, 21.261208157985926 ], [ -157.697702531374745, 21.26143303304265 ], [ -157.697536062586607, 21.261391720537507 ], [ -157.697178656259808, 21.261446814312443 ], [ -157.696728249909256, 21.2614100955673 ], [ -157.696620531136546, 21.261437626827554 ], [ -157.696419781097177, 21.261575314368265 ], [ -157.695856780974907, 21.261625783148453 ], [ -157.69544553089537, 21.261937845739375 ], [ -157.695132187080901, 21.262066345781303 ], [ -157.694730718255158, 21.262424314633392 ], [ -157.694299874418391, 21.262653783454255 ], [ -157.693932686843198, 21.262814408505896 ], [ -157.693731968050088, 21.262846533520204 ], [ -157.693560624259248, 21.262759346003726 ], [ -157.693413749227034, 21.262763908509452 ], [ -157.693350092964977, 21.262819002275226 ], [ -157.6932081241915, 21.263039283584778 ], [ -157.693115092923762, 21.263117314857197 ], [ -157.692933936636138, 21.26318156487892 ], [ -157.692845811618696, 21.263236627395454 ], [ -157.692689155335302, 21.263268752408379 ], [ -157.692493311547025, 21.263406439948941 ], [ -157.692346436514043, 21.263388096198927 ], [ -157.692209342734799, 21.263415596210084 ], [ -157.692160405222694, 21.263378908702432 ], [ -157.6920869677067, 21.263383502455873 ], [ -157.692018405192869, 21.263420189967199 ], [ -157.691959655183524, 21.26352115874429 ], [ -157.691861748914221, 21.263585408763426 ], [ -157.69178340514631, 21.263567065011273 ], [ -157.691709967633045, 21.263649658784235 ], [ -157.691793217655317, 21.263759815059203 ], [ -157.69201840521194, 21.263957127601557 ], [ -157.692008623964824, 21.264099408887461 ], [ -157.691915592702145, 21.264319690195489 ], [ -157.691915592711439, 21.264581315260948 ], [ -157.691881342706353, 21.264650127779245 ], [ -157.691866655211214, 21.264879596587129 ], [ -157.691891123969725, 21.264966784108172 ], [ -157.69199390524696, 21.265095284137125 ], [ -157.692121217783637, 21.265338502944022 ], [ -157.692561842891479, 21.265641378006066 ], [ -157.69298290548619, 21.265696471756719 ], [ -157.693232593048066, 21.265889221797156 ], [ -157.693330499320609, 21.265916753050988 ], [ -157.693389249333023, 21.265902971795722 ], [ -157.693359874328223, 21.265948878058129 ], [ -157.693281530562928, 21.26600394057434 ], [ -157.6933011243203, 21.266091128095546 ], [ -157.693692811906971, 21.266100315585625 ], [ -157.693834780690509, 21.266164565597272 ], [ -157.694020811983108, 21.266210440602961 ], [ -157.694133437015751, 21.266430721904555 ], [ -157.694627905890201, 21.266866721998241 ], [ -157.694833530944152, 21.26710994080269 ], [ -157.694960843481823, 21.267380690866464 ], [ -157.695078343512108, 21.267504597143805 ], [ -157.695078343515036, 21.267587222164483 ], [ -157.694946155990777, 21.267724878453052 ], [ -157.694892280986124, 21.267926816005271 ], [ -157.694799280967572, 21.267981878521944 ], [ -157.69470624970262, 21.268137909813891 ], [ -157.694720937207165, 21.26817459732262 ], [ -157.694838437234012, 21.268202159825844 ], [ -157.695019593522488, 21.268160847309858 ], [ -157.695127281047178, 21.268188378563384 ], [ -157.695293749833866, 21.268188378558193 ], [ -157.695460218618422, 21.268128722288068 ], [ -157.695856781206118, 21.268137909777995 ], [ -157.695871468707395, 21.268082847263759 ], [ -157.696008531239102, 21.268124159769819 ], [ -157.696351281311792, 21.268046128489601 ], [ -157.696733125146153, 21.268050722228832 ], [ -157.696914281439462, 21.268147097247301 ], [ -157.69706606271933, 21.268046128467301 ], [ -157.69711990648068, 21.268032347212163 ], [ -157.697301062777285, 21.268220503503599 ], [ -157.697408719062111, 21.268532566078328 ], [ -157.697423469070884, 21.268688597366914 ], [ -157.69729615656729, 21.269376972543142 ], [ -157.697276562825692, 21.269734941383327 ], [ -157.697051375303943, 21.270519629086714 ], [ -157.696640125245722, 21.271432848078067 ], [ -157.696444281464977, 21.271781598171458 ], [ -157.696199500172781, 21.272112035761783 ], [ -157.695739281335705, 21.272515848377186 ], [ -157.695298656246138, 21.272726942193767 ], [ -157.694838437397806, 21.272814129729948 ], [ -157.694618124849114, 21.272809567235683 ], [ -157.694192187252639, 21.272736129730593 ], [ -157.693893530930609, 21.27256175469628 ], [ -157.693678124634459, 21.272598473462189 ], [ -157.693624249618381, 21.272479160934008 ], [ -157.693511655843366, 21.272474567186375 ], [ -157.693501905838787, 21.272405723419457 ], [ -157.69331581203673, 21.272093660847169 ], [ -157.693149374495476, 21.271965192070212 ], [ -157.692860499421215, 21.271666879504568 ], [ -157.692703843134922, 21.27161641074683 ], [ -157.692659780620318, 21.271478754463754 ], [ -157.692361155548355, 21.271304348179427 ], [ -157.692135874240847, 21.271084098131343 ], [ -157.6920184054581, 21.270891348086774 ], [ -157.691876436661346, 21.270455379232097 ], [ -157.691788311638192, 21.270349847958446 ], [ -157.691656124095033, 21.269955191613803 ], [ -157.691523936559093, 21.269762441569696 ], [ -157.691465217789926, 21.269588066527898 ], [ -157.691235061478949, 21.269298941462718 ], [ -157.691112686448406, 21.269197972691266 ], [ -157.69101478017555, 21.269161285185145 ], [ -157.690862998891902, 21.269156691438731 ], [ -157.690760186370738, 21.269197972702269 ], [ -157.690632873849353, 21.269386129003323 ], [ -157.690490905085511, 21.269877160380638 ], [ -157.690451748809465, 21.269386129008968 ], [ -157.690290186267788, 21.269216347721528 ], [ -157.69029018625659, 21.268899691392289 ], [ -157.690255904995439, 21.26879872261809 ], [ -157.690172686225168, 21.268743660106903 ], [ -157.690030686193211, 21.268725316356743 ], [ -157.689825061151822, 21.268835441390721 ], [ -157.689776092391043, 21.268835441392252 ], [ -157.689727154878426, 21.268784972631138 ], [ -157.689643936103437, 21.268596816336657 ], [ -157.689482342316523, 21.268560097582505 ], [ -157.689418717302658, 21.268564691335637 ], [ -157.689384436047845, 21.268642691356224 ], [ -157.689428467310819, 21.268734472627823 ], [ -157.689428467314883, 21.268849222656545 ], [ -157.68934037355038, 21.268986878943736 ], [ -157.689301217296332, 21.269115378977112 ], [ -157.689012342248134, 21.269551347845223 ], [ -157.688845904718306, 21.269744097898652 ], [ -157.688552154671015, 21.270235098030685 ], [ -157.687959748316842, 21.270978535735203 ], [ -157.687915685811532, 21.271102442017593 ], [ -157.687896092063255, 21.271272254560696 ], [ -157.687773717037913, 21.271318129575995 ], [ -157.687631717011698, 21.27146041086603 ], [ -157.687597435760011, 21.271625598408441 ], [ -157.687504435745041, 21.271781598450382 ], [ -157.68746527949682, 21.272075317275107 ], [ -157.687249810714661, 21.272506692389776 ], [ -157.687098060683667, 21.272575504911732 ], [ -157.687058904427829, 21.272653536182478 ], [ -157.68706381068543, 21.272837098728264 ], [ -157.686916935664129, 21.273149130060933 ], [ -157.686887529413497, 21.273314348853201 ], [ -157.686897341923981, 21.273548380161458 ], [ -157.687019748211213, 21.273837473979988 ], [ -157.68701484196373, 21.273938474005416 ], [ -157.687034435718232, 21.273943036505948 ], [ -157.687093185738348, 21.274144942804639 ], [ -157.687073591986291, 21.274209161571328 ], [ -157.686936498210173, 21.274323911604316 ], [ -157.686490998119666, 21.274539599172197 ], [ -157.686368591847554, 21.27467725546046 ], [ -157.68635390434838, 21.274791974239626 ], [ -157.68641265436915, 21.275012255542929 ], [ -157.686388185617204, 21.275108599317797 ], [ -157.686319623106812, 21.275241693103251 ], [ -157.686319623109398, 21.275315099371625 ], [ -157.686388185630562, 21.275484911911967 ], [ -157.686388185633007, 21.275553755679205 ], [ -157.686339216876291, 21.275668443209433 ], [ -157.686373498141137, 21.275874974510046 ], [ -157.686280466866606, 21.275760255734244 ], [ -157.68621681060128, 21.275723536977036 ], [ -157.686025873060345, 21.275755661991031 ], [ -157.685874091774906, 21.275700599481986 ], [ -157.685712529242608, 21.275792380759995 ], [ -157.685648904228572, 21.275792380761978 ], [ -157.685467747936002, 21.275718943249256 ], [ -157.685374716662125, 21.275622568228041 ], [ -157.685237654132067, 21.275627161983465 ], [ -157.685129935356372, 21.275572099473045 ], [ -157.684635466498548, 21.275604224496508 ], [ -157.684557122730638, 21.275585849494355 ], [ -157.684498372716206, 21.275544568235865 ], [ -157.684419997699592, 21.275562911992889 ], [ -157.684405341448979, 21.275636349511736 ], [ -157.684664810275052, 21.276168662136854 ], [ -157.684684372787501, 21.276398099693665 ], [ -157.684772529061036, 21.276512818469623 ], [ -157.684782310315285, 21.276572474734248 ], [ -157.684625654030583, 21.276567880987987 ], [ -157.684586497773466, 21.276609193499546 ], [ -157.684630560290003, 21.276801912296399 ], [ -157.684620779040586, 21.276879912316229 ], [ -157.684527747769437, 21.276861568564531 ], [ -157.684106685165744, 21.276554099750726 ], [ -157.68395981013191, 21.276512818494979 ], [ -157.683886372615916, 21.276517412248417 ], [ -157.683852122609949, 21.27656328726097 ], [ -157.683861903864084, 21.276618349774438 ], [ -157.683901060124668, 21.276673412287 ], [ -157.683910872630406, 21.276774381061966 ], [ -157.683969622647453, 21.276889099838833 ], [ -157.683940247645069, 21.277003818618468 ], [ -157.683881497630125, 21.276948756106517 ], [ -157.683793372609415, 21.276912068600087 ], [ -157.683827622614501, 21.27684322483179 ], [ -157.683808060107765, 21.27677438106517 ], [ -157.683597528811987, 21.276792724826322 ], [ -157.683431060029562, 21.276912068611388 ], [ -157.683416372529251, 21.276994631132506 ], [ -157.683455528790802, 21.277077256151966 ], [ -157.683440841289553, 21.277132318666201 ], [ -157.683254810001671, 21.277219506193827 ], [ -157.683054091213791, 21.277398443744875 ], [ -157.682838653667091, 21.277421412507334 ], [ -157.682760341153767, 21.277531537537346 ], [ -157.682608591123568, 21.277623318815049 ], [ -157.682422528587949, 21.277774756358756 ], [ -157.682055309755214, 21.27772428760758 ], [ -157.681981903489714, 21.277742631364461 ], [ -157.681854559714736, 21.277829850140257 ], [ -157.681805622206383, 21.277898631408995 ], [ -157.681771372203229, 21.278022537691072 ], [ -157.681786059713829, 21.278229037742296 ], [ -157.681741997204256, 21.278233631494821 ], [ -157.681639184684542, 21.278316225268696 ], [ -157.681624497186533, 21.278463069055903 ], [ -157.681585309680969, 21.278550256578953 ], [ -157.681585309685374, 21.278674162859964 ], [ -157.681668559707333, 21.278775100382628 ], [ -157.681462934657105, 21.278637444104586 ], [ -157.681286684610455, 21.278417194054963 ], [ -157.681134903333003, 21.278586975352194 ], [ -157.681139809586227, 21.278646631616969 ], [ -157.681227934609865, 21.278765912894077 ], [ -157.681276872124215, 21.278866881667813 ], [ -157.681276872127171, 21.278949475438488 ], [ -157.681188778361474, 21.279055037967659 ], [ -157.681139809600865, 21.279059600470319 ], [ -157.681090840839261, 21.279036662966107 ], [ -157.680953747052996, 21.278866881677896 ], [ -157.680934184549045, 21.2788760691808 ], [ -157.680846059528648, 21.278848537926663 ], [ -157.680669809491604, 21.27889900669479 ], [ -157.680513121954618, 21.278830162932444 ], [ -157.680444590689973, 21.27884394418804 ], [ -157.680052934367353, 21.279229381796718 ], [ -157.679582903022776, 21.279481788124546 ], [ -157.679298965469144, 21.279734163196569 ], [ -157.679225527953747, 21.2797571007046 ], [ -157.678931777889659, 21.27977547571836 ], [ -157.678642902831541, 21.279931475766418 ], [ -157.678388309027241, 21.279981944536988 ], [ -157.678055402718712, 21.280399538401891 ], [ -157.678011340210134, 21.28043169466131 ], [ -157.677952590197009, 21.280427069661986 ], [ -157.677869371426567, 21.280367413399652 ], [ -157.677781246406994, 21.280362819651248 ], [ -157.677707808891597, 21.280385757159287 ], [ -157.677619683866169, 21.280216007119542 ], [ -157.677526652595475, 21.280211382121294 ], [ -157.677389558821631, 21.280390350920364 ], [ -157.677409152588979, 21.280757444761619 ], [ -157.677325933828456, 21.280977726069352 ], [ -157.677022371271988, 21.281271382402309 ], [ -157.677002777521437, 21.281376913679342 ], [ -157.67685102749499, 21.281574257483474 ], [ -157.676948933767051, 21.281588007483851 ], [ -157.677046840037178, 21.281546726220466 ], [ -157.677105621300115, 21.281546726218632 ], [ -157.677291652593226, 21.281606351227754 ], [ -157.677507058888608, 21.281546726206109 ], [ -157.677536433895682, 21.281565069959782 ], [ -157.677516871395625, 21.281684382490255 ], [ -157.677394465122717, 21.281799101272792 ], [ -157.677257371342364, 21.281794507525916 ], [ -157.677174152574679, 21.2818128512831 ], [ -157.677071371304947, 21.281895445056985 ], [ -157.676870590010367, 21.281886288810949 ], [ -157.676718839979856, 21.281968882586359 ], [ -157.676518089937076, 21.282010132602945 ], [ -157.676410402416934, 21.282111101381567 ], [ -157.676332058647546, 21.282051476369091 ], [ -157.676248839879662, 21.282065195125124 ], [ -157.676150902363133, 21.282207476413785 ], [ -157.676136214862851, 21.282290070184917 ], [ -157.676199871135367, 21.282528695242657 ], [ -157.676297777413453, 21.282712226535537 ], [ -157.676371214931919, 21.282776476549323 ], [ -157.676478933706306, 21.282794851550562 ], [ -157.676522996217329, 21.282831539058368 ], [ -157.676224339901665, 21.282836132818829 ], [ -157.676180277395389, 21.282932476594329 ], [ -157.676077464876016, 21.283024257870505 ], [ -157.675827746090334, 21.283570320514961 ], [ -157.675749464826168, 21.28365750803923 ], [ -157.675808183589623, 21.283671258040837 ], [ -157.675685777316886, 21.283790570574517 ], [ -157.675587902300521, 21.283937414364324 ], [ -157.675460589777174, 21.284070476901594 ], [ -157.675401839768796, 21.284198945685578 ], [ -157.675299058500372, 21.284318258218651 ], [ -157.674858402164972, 21.284648664565093 ], [ -157.674736027146992, 21.284901008382075 ], [ -157.674520589605208, 21.285061602178981 ], [ -157.673952683240628, 21.285359883521355 ], [ -157.673614839418946, 21.285437883551417 ], [ -157.673325995610298, 21.285580133596028 ], [ -157.673012651793869, 21.285653571124186 ], [ -157.672767870489423, 21.28563978987837 ], [ -157.672488807929199, 21.285676477396262 ], [ -157.672307651638647, 21.285658133647317 ], [ -157.67209224533886, 21.285593883637961 ], [ -157.67183762028148, 21.285557196136718 ], [ -157.671729964009501, 21.285607664902706 ], [ -157.671592870234491, 21.285754477443732 ], [ -157.671450901456325, 21.285841664969986 ], [ -157.671269745167706, 21.285878383734822 ], [ -157.670882963831787, 21.285860039992301 ], [ -157.670324838711366, 21.285933446278079 ], [ -157.669903807376414, 21.286153696346336 ], [ -157.669815651107626, 21.286172040103679 ], [ -157.669678588575806, 21.286126165096476 ], [ -157.669512119788095, 21.286098633844773 ], [ -157.669335869750569, 21.28613535260946 ], [ -157.669140025960331, 21.286217946386241 ], [ -157.668973588428884, 21.286364727678176 ], [ -157.668728775886336, 21.286685977766222 ], [ -157.668650463374433, 21.286837384056554 ], [ -157.66859658836924, 21.287025509105323 ], [ -157.668523150871948, 21.287557790490844 ], [ -157.668322432088786, 21.287869821825204 ], [ -157.668155963308976, 21.288062540628626 ], [ -157.668028682034958, 21.288177228161313 ], [ -157.667871994503173, 21.288255228185729 ], [ -157.667710431968374, 21.288278196946507 ], [ -157.667318806879791, 21.288213946942641 ], [ -157.667201275603901, 21.288213946946303 ], [ -157.667127838089016, 21.288250634457786 ], [ -157.666980963062173, 21.288406665751417 ], [ -157.666912400551297, 21.288525947033413 ], [ -157.666726369266343, 21.28869572833171 ], [ -157.666628462996698, 21.288750790848546 ], [ -157.66621721290997, 21.288860915888943 ], [ -157.666065431629448, 21.28894350966435 ], [ -157.665928337853927, 21.289076572201932 ], [ -157.665546431537706, 21.289581353590194 ], [ -157.665365306502821, 21.289723541131426 ], [ -157.664944275166818, 21.289916259942792 ], [ -157.664738650123468, 21.289971322462993 ], [ -157.664552618835728, 21.290063103741765 ], [ -157.663842712449423, 21.290632072656326 ], [ -157.66338249360598, 21.290856885226955 ], [ -157.663304149840826, 21.29091654149433 ], [ -157.663083837295517, 21.291008322774175 ], [ -157.66262361844764, 21.291109260313796 ], [ -157.662476774663816, 21.291067947808038 ], [ -157.662466962164757, 21.291155135330168 ], [ -157.662271118380858, 21.291416666651738 ], [ -157.662109555848019, 21.2914946666763 ], [ -157.661928430808757, 21.291513041686549 ], [ -157.661732587014143, 21.291471729182319 ], [ -157.661365399433635, 21.291485510447224 ], [ -157.661301743172913, 21.291577260472167 ], [ -157.661252774416823, 21.29171035425701 ], [ -157.660998211873903, 21.29208197935797 ], [ -157.660856243101392, 21.292329760674424 ], [ -157.660694649318714, 21.292412354450143 ], [ -157.660420493015607, 21.292618823260376 ], [ -157.660033711684122, 21.292724354548852 ], [ -157.65955393032786, 21.292710604560373 ], [ -157.659284649016655, 21.292660135806138 ], [ -157.658990930198371, 21.292559167040025 ], [ -157.65887830517093, 21.292485792025172 ], [ -157.658765680146104, 21.292485792028675 ], [ -157.65864818012318, 21.292568354553016 ], [ -157.658486617598129, 21.29286663588271 ], [ -157.658334867570034, 21.293018010925344 ], [ -157.65804599251112, 21.293151073467666 ], [ -157.657874648727699, 21.293274979754013 ], [ -157.657894242486577, 21.29340344853556 ], [ -157.65790402373807, 21.293385073530658 ], [ -157.658031305016152, 21.293385073526693 ], [ -157.658334867587769, 21.293518136050526 ], [ -157.658667773914914, 21.293623667316567 ], [ -157.658746117686775, 21.293752136096277 ], [ -157.658853805213255, 21.29383013611244 ], [ -157.659196524041249, 21.293898979868995 ], [ -157.659269961558778, 21.293935667375887 ], [ -157.659358086581761, 21.294036636148405 ], [ -157.659842774186984, 21.293990729871805 ], [ -157.660058211735446, 21.294018261121966 ], [ -157.660327461797408, 21.294091698631956 ], [ -157.660709336882434, 21.294114636125787 ], [ -157.660851336912401, 21.294077917362163 ], [ -157.661154868220365, 21.293825573539543 ], [ -157.661414337026088, 21.293784261021106 ], [ -157.661482899539891, 21.29374757350978 ], [ -157.661477993296131, 21.293954042311611 ], [ -157.661399680787383, 21.294192636123778 ], [ -157.661267493263779, 21.294348667416962 ], [ -157.661047180721539, 21.294527573718614 ], [ -157.660670180641404, 21.294610167501048 ], [ -157.66018058678182, 21.294564292504845 ], [ -157.659921117972971, 21.29451838625144 ], [ -157.65974977418017, 21.294376167471182 ], [ -157.659646961657046, 21.294362386220936 ], [ -157.659441336613128, 21.294403667487686 ], [ -157.659098617794626, 21.294600980047765 ], [ -157.65890768025497, 21.294669823820954 ], [ -157.658702055210284, 21.294688167581967 ], [ -157.658383805138158, 21.294633105078105 ], [ -157.658256523858341, 21.29458263631944 ], [ -157.658207555093639, 21.294472511293399 ], [ -157.658207555091707, 21.294417448779615 ], [ -157.658266305100398, 21.294298167497921 ], [ -157.658422992632808, 21.294238542478112 ], [ -157.658491523893701, 21.294119229946109 ], [ -157.658432773878616, 21.294059573683018 ], [ -157.658080273796486, 21.293935667412992 ], [ -157.658001930025648, 21.293834729890158 ], [ -157.657938273755263, 21.293655792347362 ], [ -157.657796304971868, 21.293596136086855 ], [ -157.657717992454906, 21.293605323591596 ], [ -157.657673929946839, 21.293651198604454 ], [ -157.657634742438347, 21.293655792356827 ], [ -157.657678804950535, 21.293724604872676 ], [ -157.657664117452185, 21.293862261157589 ], [ -157.65770327371439, 21.293963198681634 ], [ -157.657771836231433, 21.294018261193276 ], [ -157.657742461226434, 21.294059573704541 ], [ -157.657864836268743, 21.29449085505868 ], [ -157.657664117479186, 21.294623948848258 ], [ -157.657654336230479, 21.294720292622674 ], [ -157.657815898771474, 21.294871698905546 ], [ -157.65785505503041, 21.294880855156624 ], [ -157.658050898830595, 21.295078167699888 ], [ -157.658168398859431, 21.295160761466903 ], [ -157.65843768017271, 21.295270886486076 ], [ -157.658594336457071, 21.295266292730037 ], [ -157.658638398969572, 21.295344292748187 ], [ -157.658648180228397, 21.295532417794973 ], [ -157.658609023974492, 21.295665511579514 ], [ -157.658491523955917, 21.295871949134852 ], [ -157.658374023934073, 21.295986636667227 ], [ -157.658222242653551, 21.29606923044264 ], [ -157.658070492620425, 21.296078417949666 ], [ -157.657884430076024, 21.295982074181349 ], [ -157.657815898807627, 21.295890292910514 ], [ -157.657737555031275, 21.295633355348642 ], [ -157.657693492520224, 21.295596636590819 ], [ -157.65764943001264, 21.295656292857139 ], [ -157.657561304994687, 21.295697574120211 ], [ -157.65744383621859, 21.295693011622735 ], [ -157.657331211196208, 21.295761824143476 ], [ -157.657262648679989, 21.295729699137571 ], [ -157.656954179867029, 21.295871949182793 ], [ -157.65673880481728, 21.295807699173441 ], [ -157.656552773525789, 21.295793949175795 ], [ -157.656435273500506, 21.295812292934059 ], [ -157.656400992242141, 21.295789355429367 ], [ -157.656410773497413, 21.295876542950896 ], [ -157.656214960956675, 21.295945355474231 ], [ -157.656131710941082, 21.296023355496356 ], [ -157.656033804674905, 21.296174761787302 ], [ -157.655926085904071, 21.296257355561341 ], [ -157.655862460894127, 21.296372074342038 ], [ -157.655681304605935, 21.296422543110321 ], [ -157.655593179588635, 21.296482168127991 ], [ -157.655534429579745, 21.296596886908549 ], [ -157.65551974208293, 21.296775824453803 ], [ -157.655446304567846, 21.296807949464124 ], [ -157.655372867049181, 21.296739105699189 ], [ -157.655338585798035, 21.296918074495057 ], [ -157.655235773279117, 21.297023574524676 ], [ -157.654986085726478, 21.297092418299691 ], [ -157.654863679448681, 21.297069480797763 ], [ -157.654824523185994, 21.296954762020274 ], [ -157.654878398194285, 21.296853824493329 ], [ -157.654868585686387, 21.296693230703436 ], [ -157.654888179439951, 21.296670293197078 ], [ -157.654834304426913, 21.296638168190711 ], [ -157.654785366917565, 21.296679480702579 ], [ -157.654731491910098, 21.296803355735278 ], [ -157.6546923356523, 21.296826293242244 ], [ -157.654780460672043, 21.296835480741784 ], [ -157.654800023183867, 21.297046543294012 ], [ -157.654927335720345, 21.297285105849763 ], [ -157.65495671073225, 21.297436512136745 ], [ -157.654878398218244, 21.297528293412167 ], [ -157.654751085691458, 21.297564980925316 ], [ -157.654565023149956, 21.297551230927684 ], [ -157.654476929378234, 21.297486980914346 ], [ -157.654354523092962, 21.297253012109593 ], [ -157.654158679290816, 21.297000637052523 ], [ -157.654173366793401, 21.296982293297479 ], [ -157.654163585531137, 21.296697824476567 ], [ -157.654109710512103, 21.296495949427719 ], [ -157.654006897985056, 21.296372074399908 ], [ -157.653938366719956, 21.296372074402043 ], [ -157.6538747104577, 21.29642254316666 ], [ -157.653938366741784, 21.296986855805947 ], [ -157.653992210503645, 21.296986855804271 ], [ -157.654026491763972, 21.297064887072732 ], [ -157.654080335527169, 21.297101574580228 ], [ -157.654202741811474, 21.297308043378102 ], [ -157.654251710577967, 21.297468637166784 ], [ -157.654251710581377, 21.297564980940894 ], [ -157.65416846056678, 21.297670512219916 ], [ -157.654036273038599, 21.297698043480928 ], [ -157.653855147996069, 21.297624637218199 ], [ -157.65385024174364, 21.297587918459158 ], [ -157.653781710477119, 21.297546637200966 ], [ -157.65375721047252, 21.297569574707467 ], [ -157.65346836666015, 21.29760629347566 ], [ -157.653287210366614, 21.297505355956048 ], [ -157.653164804088817, 21.297482387204113 ], [ -157.653106022827842, 21.297537480969744 ], [ -157.653096272827781, 21.297597105984973 ], [ -157.652968991551347, 21.297642981000418 ], [ -157.652949397801763, 21.297776043534348 ], [ -157.652738866508798, 21.297872387315024 ], [ -157.652352116434912, 21.298193574907494 ], [ -157.652136678888752, 21.298230293673402 ], [ -157.651950647600188, 21.298299106196428 ], [ -157.651651991283842, 21.2982853562023 ], [ -157.651441491241002, 21.298386293734133 ], [ -157.65110855367007, 21.298455106261738 ], [ -157.651030241154587, 21.298505575026823 ], [ -157.650893147379236, 21.298643231315559 ], [ -157.650790334861966, 21.298794637606665 ], [ -157.65069730360122, 21.299069918928474 ], [ -157.650628772340497, 21.299193793961621 ], [ -157.650609178592362, 21.299368137755884 ], [ -157.650545522336188, 21.299588356562992 ], [ -157.650525959840195, 21.299822356622183 ], [ -157.650462303582316, 21.299996731667822 ], [ -157.650359491064563, 21.300134356705485 ], [ -157.650148959768785, 21.300152700466633 ], [ -157.650095116009226, 21.300216950484401 ], [ -157.650095116010505, 21.300253637993588 ], [ -157.650158772276939, 21.300322481758833 ], [ -157.650197928538859, 21.300414231780582 ], [ -157.650237084797823, 21.300423419281664 ], [ -157.650335022318615, 21.300400513022872 ], [ -157.650354584823901, 21.300428013029144 ], [ -157.650276272314301, 21.300643638085571 ], [ -157.650276272323396, 21.300900575649887 ], [ -157.650178334808658, 21.301093263201185 ], [ -157.650090209791699, 21.301162106971169 ], [ -157.650046147285536, 21.301263044497809 ], [ -157.650051053549333, 21.301620888337233 ], [ -157.649928647280007, 21.301836575895045 ], [ -157.649786678504057, 21.301987950937374 ], [ -157.649786678506018, 21.302043013451161 ], [ -157.649869928529597, 21.302189825985316 ], [ -157.649874803536051, 21.302341232273065 ], [ -157.649762209773286, 21.302680732361562 ], [ -157.649718116021063, 21.30289179491578 ], [ -157.649723022281933, 21.303167076234541 ], [ -157.649776866047716, 21.303277201260435 ], [ -157.649786678556183, 21.303456107554922 ], [ -157.649727959794262, 21.303483638813635 ], [ -157.649522303497633, 21.303446951310864 ], [ -157.649429272228247, 21.303479076321807 ], [ -157.649365615967952, 21.303584576350211 ], [ -157.649213865939373, 21.303722232639402 ], [ -157.648973990890227, 21.303827763923302 ], [ -157.648856459617264, 21.303910326447635 ], [ -157.648758553352849, 21.30411220150123 ], [ -157.648778115863337, 21.304286545294264 ], [ -157.648758553367031, 21.304511357851158 ], [ -157.648812397131991, 21.304598576621313 ], [ -157.648944584663411, 21.304662764133251 ], [ -157.649052303443028, 21.304827920421246 ], [ -157.649062084705122, 21.305107795491004 ], [ -157.649145303476246, 21.305185795507935 ], [ -157.649164897235295, 21.30531888929065 ], [ -157.649267709765297, 21.30552529558911 ], [ -157.649297084776492, 21.305658358121509 ], [ -157.649267709780474, 21.305951983195932 ], [ -157.649062084739825, 21.306085045735653 ], [ -157.648964178474785, 21.306268545784643 ], [ -157.648959272236254, 21.306621827123244 ], [ -157.648880928476927, 21.306846608431965 ], [ -157.648895615989659, 21.307112733498126 ], [ -157.648876053493126, 21.307332952303874 ], [ -157.648934803509036, 21.307415514822708 ], [ -157.648787928478299, 21.307461389838771 ], [ -157.648719365966713, 21.307562327366185 ], [ -157.648729178470887, 21.30761738987966 ], [ -157.648778115984271, 21.307690796146506 ], [ -157.648910303515834, 21.307759639909623 ], [ -157.648998428538704, 21.30785595243098 ], [ -157.64904249104859, 21.307860546180759 ], [ -157.649145303569782, 21.307819264917214 ], [ -157.649179584829767, 21.307888077433379 ], [ -157.649155116076173, 21.30793854619678 ], [ -157.64904249105183, 21.30795229620373 ], [ -157.648929897279146, 21.308011952472174 ], [ -157.648885834771221, 21.30806242123619 ], [ -157.648885834787023, 21.308507421347592 ], [ -157.648915209795149, 21.308553327608166 ], [ -157.648998428564767, 21.308590015114749 ], [ -157.649013116069341, 21.308626733873496 ], [ -157.648934803554681, 21.308700140144314 ], [ -157.648895616048804, 21.308778108915053 ], [ -157.64897886608054, 21.309154327756644 ], [ -157.648851584805072, 21.30922773402899 ], [ -157.648807491047279, 21.30928279654416 ], [ -157.648773241055039, 21.309714046653177 ], [ -157.648866241084363, 21.309961765462301 ], [ -157.64896417861101, 21.310103984244847 ], [ -157.649125741149419, 21.31018198425933 ], [ -157.64908167864445, 21.31031501554401 ], [ -157.649086553646981, 21.310356328054205 ], [ -157.649150209913955, 21.310438890572893 ], [ -157.64916002242407, 21.310663703128867 ], [ -157.649078241167615, 21.310988859462817 ], [ -157.596140230134864, 21.329070865641029 ], [ -157.594939229834154, 21.328063615426181 ], [ -157.594318292175615, 21.32745561529325 ], [ -157.593697385774419, 21.327054615212155 ], [ -157.59292122932797, 21.326343115058137 ], [ -157.591912229079668, 21.325618708658133 ], [ -157.589713103554629, 21.324493270944746 ], [ -157.58816079070624, 21.324325114700965 ], [ -157.585858165201046, 21.324402739792113 ], [ -157.583827227245223, 21.32418283355026 ], [ -157.5818351017883, 21.323691239739151 ], [ -157.58078728902737, 21.32285042706118 ], [ -157.579260788650203, 21.321712051823567 ], [ -157.577566225714008, 21.319952770185672 ], [ -157.576246756623419, 21.318555676126806 ], [ -157.574280474880055, 21.316873988266774 ], [ -157.57296100581695, 21.316253081902307 ], [ -157.571551005483911, 21.315632144290639 ], [ -157.570425598974168, 21.315308737994645 ], [ -157.568368754747951, 21.31467489414986 ], [ -157.566803473139316, 21.314299737854572 ], [ -157.56619550424557, 21.314028081555428 ], [ -157.564733722642387, 21.313161362633796 ], [ -157.564086941236866, 21.31279917506318 ], [ -157.563427191067035, 21.312113549911956 ], [ -157.562767503371589, 21.310703549579305 ], [ -157.562198284475841, 21.310134361954436 ], [ -157.561603221815716, 21.309319393018807 ], [ -157.560762377866041, 21.308918361694491 ], [ -157.559899565148243, 21.308143517777232 ], [ -157.558585252306244, 21.306673986199996 ], [ -157.557250314456496, 21.305111329600063 ], [ -157.555739345318926, 21.303579704263374 ], [ -157.555108063894892, 21.302596547786735 ], [ -157.554621688741435, 21.301292609975246 ], [ -157.554466469928286, 21.300475047275292 ], [ -157.554766563620063, 21.296956483884678 ], [ -157.555294344935277, 21.2955076397554 ], [ -157.555801438782112, 21.295083358383391 ], [ -157.556712126399617, 21.292723826514134 ], [ -157.556660376268582, 21.289339763168176 ], [ -157.556825969952683, 21.286442137437319 ], [ -157.556743188628104, 21.284848418290739 ], [ -157.557043282406624, 21.283782511764468 ], [ -157.557405501209843, 21.283027011564009 ], [ -157.558223063852864, 21.281971448774275 ], [ -157.559402814084592, 21.281164229785492 ], [ -157.560417001782355, 21.28042947957 ], [ -157.561203501943027, 21.280067260704879 ], [ -157.562269439647423, 21.279197979204078 ], [ -157.563459533619692, 21.278059603882056 ], [ -157.565570690288894, 21.276745322237385 ], [ -157.566833253037032, 21.275886353233087 ], [ -157.5681682220482, 21.274944634205813 ], [ -157.569296253516967, 21.274096008958281 ], [ -157.57036215997357, 21.273288821223055 ], [ -157.571438472677301, 21.272336727201228 ], [ -157.572483629118693, 21.271229414391495 ], [ -157.573570285547646, 21.269511476427578 ], [ -157.574812160765191, 21.267917788489957 ], [ -157.576033286008567, 21.267183038268058 ], [ -157.577389005031222, 21.266437913039393 ], [ -157.57904478661527, 21.265558287767746 ], [ -157.580379786883356, 21.264813162539731 ], [ -157.581425005833466, 21.263954224792204 ], [ -157.583318849954679, 21.26263991190433 ], [ -157.584705569009373, 21.262608880603501 ], [ -157.585285100392639, 21.262764099374365 ], [ -157.586589069434581, 21.262888286864968 ], [ -157.587944757213762, 21.262329474182966 ], [ -157.589114163697133, 21.26163609897305 ], [ -157.589683351301773, 21.261046223807679 ], [ -157.591111476569154, 21.25970087967649 ], [ -157.592353320559369, 21.258748754399555 ], [ -157.593760758331285, 21.257662160333798 ], [ -157.594567977233652, 21.256937753877363 ], [ -157.595737383714805, 21.256182284901922 ], [ -157.597206915269055, 21.255623440966364 ], [ -157.598707478086027, 21.255230190821315 ], [ -157.60152235370515, 21.255188815723532 ], [ -157.603457572879279, 21.255116346895282 ], [ -157.605755010883598, 21.255054253058365 ], [ -157.607886855102123, 21.255012877981784 ], [ -157.609718574257045, 21.25504390918265 ], [ -157.610701699479279, 21.255199159190958 ], [ -157.611674512200693, 21.255395784209963 ], [ -157.613081918775976, 21.255820065522439 ], [ -157.613913200209595, 21.255830096749108 ], [ -157.61435482531283, 21.255996003026919 ], [ -157.615079231734995, 21.256347878092498 ], [ -157.615720856888117, 21.256679034405451 ], [ -157.616372857045036, 21.25705156572845 ], [ -157.617180044737637, 21.257465534556989 ], [ -157.617935513665543, 21.257786347113822 ], [ -157.619022138922645, 21.258283097204387 ], [ -157.619663764072527, 21.258521097244024 ], [ -157.620419232998216, 21.258779816035297 ], [ -157.621112576908018, 21.258976441062966 ], [ -157.621795608314812, 21.259152409835774 ], [ -157.622333733438182, 21.259286909852722 ], [ -157.622996046089696, 21.259442159870979 ], [ -157.623544546212429, 21.259493878616883 ], [ -157.624010233811447, 21.259390409826498 ], [ -157.624279327616392, 21.259266222287049 ], [ -157.624517327661863, 21.259069597230425 ], [ -157.624776046459033, 21.258790159652431 ], [ -157.625355577825076, 21.25845900330151 ], [ -157.625717796646853, 21.258231346983262 ], [ -157.626152452987156, 21.258076096930893 ], [ -157.626866546887271, 21.257869128106879 ], [ -157.627549547034903, 21.25778634681491 ], [ -157.627849640851764, 21.257807034310762 ], [ -157.628356765966856, 21.2579001905683 ], [ -157.629267422424192, 21.258086471836613 ], [ -157.63007464135984, 21.2583037843659 ], [ -157.63085079779006, 21.258562503156533 ], [ -157.631668329228688, 21.258800534440685 ], [ -157.632299610624102, 21.258976440715077 ], [ -157.633137860813264, 21.259100628220093 ], [ -157.634307267321049, 21.259100628183717 ], [ -157.63502792372509, 21.258964534377235 ], [ -157.635797517637798, 21.258769471804463 ], [ -157.636632642811975, 21.258489034208292 ], [ -157.637220455432441, 21.258232377875757 ], [ -157.637742049289784, 21.258017127805665 ], [ -157.638553393209236, 21.257752190214095 ], [ -157.639190862094182, 21.257594877654885 ], [ -157.640002237269812, 21.257503846356858 ], [ -157.64054036238872, 21.257512096342182 ], [ -157.640988893741905, 21.257634252608803 ], [ -157.641792643916261, 21.257553908813691 ], [ -157.643593613061057, 21.257494002492653 ], [ -157.645491863477048, 21.257426314916636 ], [ -157.647313301371668, 21.257232783561509 ], [ -157.64833936409326, 21.257104533497483 ], [ -157.649543020588482, 21.25653812706825 ], [ -157.650463458276278, 21.256113314433279 ], [ -157.651122927160714, 21.255804220585397 ], [ -157.652220833640456, 21.255459564214966 ], [ -157.653418458898869, 21.255302501638376 ], [ -157.65444924037152, 21.255174876574344 ], [ -157.65519530303385, 21.25511597028639 ], [ -157.656275147022143, 21.255125782755226 ], [ -157.657296116000992, 21.255233782750462 ], [ -157.658110897438235, 21.255449751529156 ], [ -157.65884717885956, 21.25570500157011 ], [ -157.660005554129071, 21.256107470384769 ], [ -157.660790898060526, 21.256343095419286 ], [ -157.661527148229709, 21.256539407945493 ], [ -157.662204523382144, 21.256627751696509 ], [ -157.663333429879202, 21.25657868914907 ], [ -157.664334742589432, 21.256284189044187 ], [ -157.665316430291142, 21.255871876410431 ], [ -157.666091961704041, 21.255646095079776 ], [ -157.667083461916633, 21.255479188757118 ], [ -157.667976805863134, 21.255469376226841 ], [ -157.668879931066357, 21.255587188728189 ], [ -157.669792900025527, 21.255812970006264 ], [ -157.670705868979525, 21.255891501247476 ], [ -157.671412681639111, 21.255999532502496 ], [ -157.671667900447062, 21.25604856375681 ], [ -157.672551431899421, 21.256264532533336 ], [ -157.673523275873322, 21.256539407571847 ], [ -157.674171213524829, 21.256784845113081 ], [ -157.674789651167004, 21.256951720135568 ], [ -157.675467026321513, 21.257098970151311 ], [ -157.676262182748445, 21.25714806388882 ], [ -157.677116245434547, 21.257089157597473 ], [ -157.678421839461492, 21.256784844980643 ], [ -157.679727495981069, 21.256274376062205 ], [ -157.680672902428512, 21.255967094705856 ], [ -157.681356121322381, 21.255778625887402 ], [ -157.682219996508564, 21.255660813330987 ], [ -157.682856121648967, 21.255668657063133 ], [ -157.683672840583398, 21.255794313319115 ], [ -157.684442528262736, 21.256069188363913 ], [ -157.685369184725857, 21.256320500897907 ], [ -157.686146716152422, 21.256469719661023 ], [ -157.687167653878817, 21.256508969639018 ], [ -157.68782737277138, 21.256430438348804 ], [ -157.688918998004112, 21.256210563259749 ], [ -157.690340467051442, 21.255762875603413 ], [ -157.691408529772815, 21.25537025047187 ], [ -157.692924248834771, 21.254749812769365 ], [ -157.694565624173265, 21.254097937555077 ], [ -157.695264561818078, 21.253838812468448 ], [ -157.695869280694382, 21.253642499900476 ], [ -157.696356187048565, 21.253556093613664 ], [ -157.697000187190156, 21.253548249841621 ], [ -157.697424281036405, 21.253626781098056 ], [ -157.698131062449107, 21.253823093625126 ], [ -157.69886143761363, 21.253925187377902 ], [ -157.699411187734768, 21.253925187360757 ], [ -157.699984500360216, 21.253901624836981 ], [ -157.700659875504556, 21.253775999784487 ], [ -157.701468781925513, 21.253571780958168 ], [ -157.702426907125187, 21.253249812097721 ], [ -157.703204376038059, 21.253014187014521 ], [ -157.704241063756996, 21.252747186915371 ], [ -157.705144157697902, 21.252519436830223 ], [ -157.705937407863132, 21.252252405488672 ], [ -157.706408595457816, 21.251993249159128 ], [ -157.706691345506982, 21.251624155307958 ], [ -157.70691909553625, 21.251035123903485 ], [ -157.707107564291249, 21.250006342390218 ], [ -157.70734315806331, 21.249165998422605 ], [ -157.7076259080944, 21.248286435693728 ], [ -157.707947876886095, 21.247461810477368 ], [ -157.708301283188291, 21.246739310285587 ], [ -157.708568314471734, 21.246024622598451 ], [ -157.708788189498449, 21.245412059938342 ], [ -157.709031658272266, 21.244571747220508 ], [ -157.709078814517056, 21.244131997109019 ], [ -157.709023814479849, 21.243425153183878 ], [ -157.708819626901146, 21.242474871702505 ], [ -157.70881962688415, 21.241995809082656 ], [ -157.70888243938353, 21.24158743397852 ], [ -157.709141595658821, 21.240692152496457 ], [ -157.709385064442415, 21.240126683597396 ], [ -157.709573533220833, 21.239757589749185 ], [ -157.709926970775854, 21.239113589577041 ], [ -157.710154689565968, 21.238830870749215 ], [ -157.710618064649111, 21.238296839351165 ], [ -157.71112068973477, 21.237590026658655 ], [ -157.711395533531658, 21.237205214053823 ], [ -157.711961002374181, 21.236302057560241 ], [ -157.712267283673526, 21.235791588672996 ], [ -157.712542158718747, 21.235359651056353 ], [ -157.712950533779463, 21.234535057087349 ], [ -157.713484565114214, 21.233608338088853 ], [ -157.713987190197344, 21.232830837878677 ], [ -157.714324877757008, 21.232414587764019 ], [ -157.714576190306218, 21.232241837712973 ], [ -157.714953190381436, 21.232021900146197 ], [ -157.715840596812654, 21.231621400018344 ], [ -157.716468878196082, 21.231480056213393 ], [ -157.716955784551061, 21.2314172124325 ], [ -157.717639034702415, 21.231440774917079 ], [ -157.719272566312185, 21.231440774866147 ], [ -157.719696628906433, 21.23146433735883 ], [ -157.720230660274893, 21.231487899848066 ], [ -157.720945347936492, 21.231605712355261 ], [ -157.721636441847323, 21.231849149894607 ], [ -157.722076223202265, 21.232076899937869 ], [ -157.722602410828188, 21.232359649992187 ], [ -157.722987223424099, 21.232673775058764 ], [ -157.723356348518223, 21.233035025137621 ], [ -157.723654786095892, 21.233372743962796 ], [ -157.72407100495596, 21.233891056579481 ], [ -157.724432286303625, 21.234401525445893 ], [ -157.724620755106031, 21.234707806766643 ], [ -157.724769973902568, 21.235092650608266 ], [ -157.724872067696481, 21.23569733825634 ], [ -157.724887723979748, 21.236537682216074 ], [ -157.724856380256057, 21.237472244950826 ], [ -157.724887724050859, 21.238540307717038 ], [ -157.724966286600761, 21.239459151694444 ], [ -157.725076255402314, 21.240228745633534 ], [ -157.725311849242928, 21.241320433399284 ], [ -157.725500318062586, 21.242113621091832 ], [ -157.72574378689913, 21.243040340066056 ], [ -157.72612075577149, 21.244147652831309 ], [ -157.726364224597717, 21.244783777982843 ], [ -157.726544849648917, 21.245105778057763 ], [ -157.72676475595685, 21.245372809367694 ], [ -157.727008193516298, 21.245537715651356 ], [ -157.727259506074432, 21.245616246913166 ], [ -157.727675724916679, 21.245631965654102 ], [ -157.728398256326386, 21.245647684385485 ], [ -157.729686225360922, 21.24567121560117 ], [ -157.731084131921023, 21.245734059323254 ], [ -157.732537007245213, 21.245851871807375 ], [ -157.733290944915183, 21.245961809311336 ], [ -157.734044882582367, 21.245993215545663 ], [ -157.734712413978826, 21.245977528020894 ], [ -157.735191476579587, 21.245843996722535 ], [ -157.735592007912516, 21.245694777922701 ], [ -157.736534414352491, 21.245200027769521 ], [ -157.737406164529972, 21.244791652640142 ], [ -157.738466383499258, 21.244391121256854 ], [ -157.739597258741071, 21.244186933670473 ], [ -157.741497790404026, 21.244029871071831 ], [ -157.742958071970008, 21.24387168348667 ], [ -157.744350322272737, 21.243761152165543 ], [ -157.745350541240697, 21.243695777117953 ], [ -157.747064479117626, 21.243680683310643 ], [ -157.747848573042234, 21.243735995799987 ], [ -157.748813604507092, 21.243801339536191 ], [ -157.749753510966599, 21.243871683274435 ], [ -157.750442104871269, 21.24395712077429 ], [ -157.75213088649727, 21.244072745750458 ], [ -157.753462855544655, 21.24418833948776 ], [ -157.754543480784264, 21.24423358946532 ], [ -157.755624106022225, 21.244233589431559 ], [ -157.756453418703757, 21.244203433148108 ], [ -157.757157106356601, 21.244143120611025 ], [ -157.758242762841206, 21.24401746429567 ], [ -157.758891137980214, 21.243911901749005 ], [ -157.759544544369305, 21.243776182944647 ], [ -157.760202982009446, 21.243640495390135 ], [ -157.760725700868676, 21.243474620332311 ], [ -157.761343919746395, 21.243238401503909 ], [ -157.761836482346666, 21.243007182680692 ], [ -157.76228885743663, 21.24273577634866 ], [ -157.762600482495941, 21.242474401273547 ], [ -157.762826670037498, 21.242243213708658 ], [ -157.763173451348536, 21.241810932339703 ], [ -157.763444888892593, 21.2413686509706 ], [ -157.763615763913918, 21.240911244600863 ], [ -157.76373638892295, 21.24041868197391 ], [ -157.763937451432213, 21.239433556721227 ], [ -157.763997763942996, 21.239363181701748 ], [ -157.764113357708823, 21.23909177538026 ], [ -157.764254107732853, 21.238895744076824 ], [ -157.764419920263634, 21.238734931531425 ], [ -157.764877357855568, 21.238488618955525 ], [ -157.765410139217522, 21.238337837651166 ], [ -157.76591273307551, 21.238262431366604 ], [ -157.766556108215042, 21.23820211883141 ], [ -157.767375358395213, 21.238197118804568 ], [ -157.768104171056791, 21.238227275039325 ], [ -157.76868720243769, 21.238297650038707 ], [ -157.769320515078164, 21.238327775026441 ], [ -157.770069421492707, 21.238317743750532 ], [ -157.770555609098693, 21.23828768122781 ], [ -157.771662046836127, 21.238114118649822 ], [ -157.772659984555844, 21.238114118618636 ], [ -157.773462703486445, 21.238222587370661 ], [ -157.774482328716346, 21.238374462376772 ], [ -157.775306703895524, 21.238309368584726 ], [ -157.776152766574086, 21.238092399754013 ], [ -157.777736516914331, 21.237853774644829 ], [ -157.77871273586922, 21.237571743293771 ], [ -157.780361548719895, 21.237224649405423 ], [ -157.781251017658008, 21.237007711823349 ], [ -157.782118799093638, 21.236855836758242 ], [ -157.782986580533134, 21.236812461720255 ], [ -157.783680799437548, 21.236855836709399 ], [ -157.784895674712686, 21.237072774225659 ], [ -157.785633299882022, 21.237268024251421 ], [ -157.786153956255163, 21.237506680544815 ], [ -157.786978362697454, 21.237810399344983 ], [ -157.787759362871697, 21.237875493086836 ], [ -157.788562050541486, 21.237680211762896 ], [ -157.789126113154083, 21.237354836663883 ], [ -157.789625082013146, 21.237333117892852 ], [ -157.79068811348094, 21.236877523995666 ], [ -157.791729457426214, 21.235922961224389 ], [ -157.792662332597644, 21.234968429706527 ], [ -157.793313145213887, 21.234209116996283 ], [ -157.793920614077507, 21.23364505433624 ], [ -157.794788395496937, 21.233037616657196 ], [ -157.795547676904846, 21.23277724156835 ], [ -157.797109708491746, 21.232582022720674 ], [ -157.799257458962956, 21.232538616392631 ], [ -157.801188271894176, 21.232712210125634 ], [ -157.802728553489402, 21.232885741370819 ], [ -157.803813303739759, 21.233211147668239 ], [ -157.804724460211162, 21.233796897786192 ], [ -157.805722397961716, 21.234664679221947 ], [ -157.807067460797953, 21.235792804461926 ], [ -157.808043711043752, 21.236660585898345 ], [ -157.809019961284122, 21.237376492296793 ], [ -157.810234867837863, 21.238396148763712 ], [ -157.811059274290955, 21.239003586389785 ], [ -157.811992118274901, 21.239806274061284 ], [ -157.813575837414447, 21.240956086799187 ], [ -157.815181212803395, 21.24195405574844 ], [ -157.816200869296381, 21.24247471209668 ], [ -157.81700355698851, 21.242908587180029 ], [ -157.817480838348189, 21.243038774697631 ], [ -157.818109963493669, 21.24323402472675 ], [ -157.818652338619216, 21.243407556003138 ], [ -157.819368245032194, 21.243559431018696 ], [ -157.820973651650263, 21.243971618571454 ], [ -157.82208005815383, 21.244253649857306 ], [ -157.822817683320835, 21.244383837366755 ], [ -157.823859027306241, 21.244557399877515 ], [ -157.824705090000947, 21.244796056160681 ], [ -157.82474846503527, 21.245490275082886 ], [ -157.825821652783446, 21.245826087633219 ], [ -157.826496371689473, 21.246038056415077 ], [ -157.827571746939014, 21.246397618971272 ], [ -157.82902659103209, 21.247038931586026 ], [ -157.829342841102431, 21.2470593065812 ], [ -157.829844966219724, 21.247248806612838 ], [ -157.830781403935077, 21.247507900398261 ], [ -157.831606622876819, 21.247791525443308 ], [ -157.832279654287049, 21.248131431757194 ], [ -157.833013185696757, 21.248081619221743 ], [ -157.83380696712149, 21.248083025447205 ], [ -157.834082217183692, 21.24812805669983 ], [ -157.834653154815726, 21.248306556726558 ], [ -157.835047467409396, 21.248500463012679 ], [ -157.835302623725397, 21.248777181823861 ], [ -157.83568468632123, 21.249104900643818 ], [ -157.836135030176138, 21.249266775670169 ], [ -157.836714999059296, 21.249422931941023 ], [ -157.837248467934842, 21.249650400731166 ], [ -157.839685187270533, 21.251034526000812 ], [ -157.840069999865364, 21.251319151059889 ], [ -157.840443999955653, 21.251542338603958 ], [ -157.840986281326252, 21.251577838595832 ] ] ] } },
{ "type": "Feature", "properties": { "sanctuary": "HIHWNMS", "datum": "NAD 83", "area_name": "BIG ISLAND", "poly_id": 5, "area_km": 386.2967, "area_nm": 112.6441, "area_sm": 149.1494, "area_acres": 95459.1181, "shape_leng": 1.7637114630299999, "shape_le_1": 1.7637065866499999, "shape_area": 0.0332806323143 }, "geometry": { "type": "Polygon", "coordinates": [ [ [ -156.105834944362101, 19.78631808512165 ], [ -156.105834944398595, 19.787520272922816 ], [ -156.105434225657405, 19.790726086236777 ], [ -156.104997069410416, 19.794004743320002 ], [ -156.104031663009295, 19.796044837607333 ], [ -156.103339506650741, 19.797501994241195 ], [ -156.102246600205973, 19.799032025904221 ], [ -156.101536225085113, 19.800215994970156 ], [ -156.101281225060916, 19.801272463991761 ], [ -156.101609100195759, 19.803330745748504 ], [ -156.101809444038082, 19.80491543364008 ], [ -156.10131766272599, 19.806445465286775 ], [ -156.101390506536887, 19.807920871904429 ], [ -156.101882319186359, 19.809268747228753 ], [ -156.102993413253529, 19.811636747791802 ], [ -156.103357725854408, 19.812310654200733 ], [ -156.10370378847395, 19.813731404547276 ], [ -156.103685601001473, 19.814769654807897 ], [ -156.103248444691502, 19.815971842620986 ], [ -156.102410538296994, 19.817301530476939 ], [ -156.101044444295809, 19.81895906217942 ], [ -156.099951506592191, 19.820197687519507 ], [ -156.099405100269166, 19.821764156676863 ], [ -156.099113662743605, 19.823039188254278 ], [ -156.099131881569036, 19.825388907592529 ], [ -156.098785787774204, 19.826427157862096 ], [ -156.09803897513757, 19.827356095615187 ], [ -156.096436068565851, 19.828412564673542 ], [ -156.095288537084116, 19.829122939882783 ], [ -156.0945235056885, 19.829887971345304 ], [ -156.093867786826991, 19.830980846637008 ], [ -156.093576349301401, 19.832255878214436 ], [ -156.093248474269984, 19.833603784811132 ], [ -156.092720286684937, 19.834642035085675 ], [ -156.091190223892028, 19.836117441747042 ], [ -156.0898058798779, 19.83748353587707 ], [ -156.089040848482313, 19.838248567339601 ], [ -156.088457973384635, 19.839268598861093 ], [ -156.087820473301491, 19.841162943103168 ], [ -156.087164723204893, 19.842747631018149 ], [ -156.086017191750273, 19.844350537701093 ], [ -156.084468941468828, 19.846335975740825 ], [ -156.082993534953999, 19.848339601283126 ], [ -156.081809565979171, 19.849541726616646 ], [ -156.080334159430549, 19.850434289380516 ], [ -156.0791320029345, 19.851071820823027 ], [ -156.077784096417332, 19.852073633610818 ], [ -156.075907939800118, 19.853621884049943 ], [ -156.074177564471228, 19.855370509535316 ], [ -156.072829657954571, 19.856390541077687 ], [ -156.070844251295512, 19.857355947623716 ], [ -156.069678501059741, 19.858066322833512 ], [ -156.06864025085423, 19.858849541808091 ], [ -156.067602000646559, 19.859559917014419 ], [ -156.066071969102438, 19.860998917416769 ], [ -156.065343375215917, 19.861800355137486 ], [ -156.064560125072859, 19.86278394915535 ], [ -156.063266906087108, 19.864423293351493 ], [ -156.061572905776728, 19.866518012672692 ], [ -156.060589280593859, 19.867647325482565 ], [ -156.058968186519621, 19.868758388305206 ], [ -156.057602061247252, 19.869723826084421 ], [ -156.056163092207669, 19.870652763856469 ], [ -156.055143060770632, 19.871909576699299 ], [ -156.054341591871889, 19.872838545703999 ], [ -156.053758716762502, 19.873476077129695 ], [ -156.053376216689117, 19.873840358481434 ], [ -156.0524290290453, 19.875989702796041 ], [ -156.051627591399864, 19.877027953078152 ], [ -156.050461841168953, 19.877902265829078 ], [ -156.048403559500883, 19.879104453686516 ], [ -156.045689558946265, 19.880579860380301 ], [ -156.041809808154056, 19.882710986020239 ], [ -156.039733307728, 19.883785673846212 ], [ -156.037347150978604, 19.884696392889516 ], [ -156.034268869102846, 19.886481455920876 ], [ -156.032247024945519, 19.887774706300164 ], [ -156.028130461598664, 19.889832988178313 ], [ -156.025817179855835, 19.890434082141983 ], [ -156.025361804759655, 19.890579800940927 ], [ -156.024888210922171, 19.891144457345398 ], [ -156.024341773335237, 19.892255551388882 ], [ -156.02333996063939, 19.893093426626244 ], [ -156.021682397803062, 19.894077051918003 ], [ -156.019769866158185, 19.894987770948422 ], [ -156.018494803399733, 19.895752802424962 ], [ -156.017602271974113, 19.896463177627393 ], [ -156.017256209408714, 19.896827490228173 ], [ -156.016982990621074, 19.89757427167287 ], [ -156.016509396789104, 19.898321084373045 ], [ -156.015106865252477, 19.899086115853056 ], [ -156.014196115069552, 19.899687209778573 ], [ -156.013631458719118, 19.900488678744932 ], [ -156.012830021057539, 19.900998678894641 ], [ -156.011536739533398, 19.901381179025758 ], [ -156.010188864235005, 19.901362991557871 ], [ -156.008895582690883, 19.90108974152454 ], [ -156.007820926195649, 19.900834741489831 ], [ -156.00598123828911, 19.900834741539882 ], [ -156.00157323731392, 19.900798304150651 ], [ -156.000170736998399, 19.900616179143121 ], [ -155.996819173767705, 19.90094402306649 ], [ -155.995507704733996, 19.901144398152418 ], [ -155.993868360647639, 19.902000492161704 ], [ -155.992575110387321, 19.902838367407014 ], [ -155.991136141352541, 19.903931273970244 ], [ -155.989660734816283, 19.9052427430893 ], [ -155.988221765797533, 19.906863868535027 ], [ -155.987056015604651, 19.908994962851249 ], [ -155.986163484194464, 19.910215400681629 ], [ -155.984870233946822, 19.911472213532033 ], [ -155.984050577544451, 19.912419370041903 ], [ -155.983504108716289, 19.913821932908565 ], [ -155.982866608649033, 19.91624449603356 ], [ -155.982429452363874, 19.918266340302612 ], [ -155.981591577196951, 19.918867434226179 ], [ -155.978640764040819, 19.918739934274459 ], [ -155.977584295055067, 19.918667059284893 ], [ -155.976108888501045, 19.91939565325778 ], [ -155.97485207575204, 19.920342841029566 ], [ -155.973504169246723, 19.921745372668056 ], [ -155.971828418922797, 19.923275435597446 ], [ -155.970972325009029, 19.924113310830915 ], [ -155.969533387226875, 19.925297279917061 ], [ -155.96818544946268, 19.926408342732444 ], [ -155.96649148038523, 19.927956624416925 ], [ -155.964833917569194, 19.929614187377837 ], [ -155.963231011007451, 19.93101671902329 ], [ -155.961646323190877, 19.932127844345146 ], [ -155.958841228860535, 19.933439313500454 ], [ -155.956928665968121, 19.934441126303795 ], [ -155.955307571895133, 19.935606876640357 ], [ -155.954578978000683, 19.936153314297265 ], [ -155.953759290354299, 19.937300845857465 ], [ -155.95314000900612, 19.938575877444215 ], [ -155.952302102660013, 19.941508471952808 ], [ -155.951864946361553, 19.943093159862304 ], [ -155.951409571299081, 19.944349972690041 ], [ -155.950899571208481, 19.945078566636724 ], [ -155.949478820930295, 19.94626253572244 ], [ -155.948185570672564, 19.947191504740712 ], [ -155.94660088285039, 19.948120442516899 ], [ -155.945562632659573, 19.949395505365086 ], [ -155.944214726160254, 19.950998443303956 ], [ -155.94290325716841, 19.952583099987265 ], [ -155.941446069396591, 19.954240631692834 ], [ -155.940662819251628, 19.955169600697253 ], [ -155.939788506588712, 19.956171413472429 ], [ -155.939242069003853, 19.957355382534399 ], [ -155.938750287692216, 19.958903632936309 ], [ -155.938240256364878, 19.960069351992722 ], [ -155.936983443626815, 19.961380852356033 ], [ -155.936254849736741, 19.962073008799546 ], [ -155.934906943216333, 19.962983759064766 ], [ -155.934269443084759, 19.963293415409822 ], [ -155.93283044280804, 19.964659540791807 ], [ -155.931391473791848, 19.966371728760645 ], [ -155.929733942220679, 19.967865354180585 ], [ -155.929005348324495, 19.968357135573832 ], [ -155.928531754495253, 19.969195010796994 ], [ -155.927784941886586, 19.971052948783615 ], [ -155.927202066779245, 19.971763323977754 ], [ -155.925198441357082, 19.972455480455981 ], [ -155.923285878444545, 19.97280154309485 ], [ -155.92146440929551, 19.972929074426393 ], [ -155.920298690297045, 19.973238699535813 ], [ -155.918222158610973, 19.974003731034301 ], [ -155.916418876988644, 19.974878043802786 ], [ -155.91501634544943, 19.975570200264652 ], [ -155.913249501335741, 19.976462731786722 ], [ -155.911446250957283, 19.977136700754922 ], [ -155.909970844390273, 19.977446325872759 ], [ -155.907712218900627, 19.977774201016452 ], [ -155.906327874848216, 19.97790170108609 ], [ -155.905234968354762, 19.977847076102087 ], [ -155.904342468146808, 19.977500982289474 ], [ -155.903704936752973, 19.977409919783938 ], [ -155.902630249015743, 19.977428169817731 ], [ -155.901974530125671, 19.97759204487668 ], [ -155.901519155036539, 19.977974576235088 ], [ -155.901100186202711, 19.978266013819628 ], [ -155.900754123638876, 19.978684951434207 ], [ -155.900572904861633, 19.979107826545278 ], [ -155.900404186079328, 19.979273170341365 ], [ -155.899141654557667, 19.979525514189024 ], [ -155.898749841976638, 19.979712076746505 ], [ -155.89848862317254, 19.979833358034046 ], [ -155.898124810595704, 19.979954639324383 ], [ -155.897509060463506, 19.980085264373905 ], [ -155.897023935358135, 19.980150545653466 ], [ -155.896650747778409, 19.980243826937027 ], [ -155.896221622685147, 19.980299795712746 ], [ -155.895689841319751, 19.980374483245939 ], [ -155.894980809919389, 19.980589045819073 ], [ -155.894514341071016, 19.980747639621555 ], [ -155.8938426534298, 19.980990202200697 ], [ -155.893198934543847, 19.981204764772059 ], [ -155.89247124688967, 19.981428671098033 ], [ -155.892014121792215, 19.9815499523909 ], [ -155.891556965445318, 19.981689889938455 ], [ -155.891398371662206, 19.981755202459151 ], [ -155.891267777886696, 19.981867139990811 ], [ -155.891071840350151, 19.98209104630234 ], [ -155.890903934070394, 19.982333608867791 ], [ -155.890707996537202, 19.982669483957437 ], [ -155.8904654652506, 19.983229234104552 ], [ -155.890306840228561, 19.983658390466598 ], [ -155.890185558962486, 19.984012890558894 ], [ -155.890110933957033, 19.984376734402261 ], [ -155.890008308943408, 19.98467526572999 ], [ -155.889915027682974, 19.985011109566841 ], [ -155.889812402671282, 19.985374953410965 ], [ -155.88970046515729, 19.985729453503012 ], [ -155.889597840145115, 19.986074641092454 ], [ -155.889383246360666, 19.986503797456027 ], [ -155.889243308840776, 19.986867641301171 ], [ -155.889066058812034, 19.987212828892648 ], [ -155.888832840019802, 19.987520672726269 ], [ -155.888627589981468, 19.987753922790407 ], [ -155.888422339940888, 19.987912516585801 ], [ -155.888207777393689, 19.98792186034397 ], [ -155.887909246076788, 19.987893860345057 ], [ -155.887629339760878, 19.987763235319871 ], [ -155.887396120954719, 19.987613985288743 ], [ -155.887106902134491, 19.987408735245072 ], [ -155.886845683321553, 19.987240766459998 ], [ -155.886668433277833, 19.987091516427345 ], [ -155.886472526979645, 19.986932953892861 ], [ -155.886220620669064, 19.986774360109884 ], [ -155.885912776844464, 19.986559766314368 ], [ -155.885558245510907, 19.986391860031848 ], [ -155.885278370445292, 19.986270578759015 ], [ -155.885007839132555, 19.986177266242926 ], [ -155.884653276550694, 19.986065328724454 ], [ -155.884326807725387, 19.98596270370756 ], [ -155.884000276400826, 19.985888047447695 ], [ -155.883505807538569, 19.985794766187702 ], [ -155.883095338695455, 19.985720141180117 ], [ -155.88264755734528, 19.985682828682915 ], [ -155.882255682259085, 19.98570148494824 ], [ -155.88182655716642, 19.985776109978641 ], [ -155.881276119555366, 19.986130641332601 ], [ -155.880772338203542, 19.986447828925918 ], [ -155.880380525623082, 19.986653078988088 ], [ -155.880128619322136, 19.986811672784743 ], [ -155.879755462995519, 19.987007579094065 ], [ -155.879456931684018, 19.987156860389653 ], [ -155.879074431607279, 19.987418079215626 ], [ -155.878617275264929, 19.987707266800651 ], [ -155.878234775188218, 19.987968485626617 ], [ -155.877870931365635, 19.988229704452088 ], [ -155.877460462532753, 19.98849092327881 ], [ -155.877208556230954, 19.988621548318456 ], [ -155.876947337426571, 19.988733485853654 ], [ -155.876695462374812, 19.988864110893296 ], [ -155.876368931062188, 19.989181298481789 ], [ -155.875939774728806, 19.989563798589487 ], [ -155.875473305892314, 19.990114236240359 ], [ -155.875193430840852, 19.990459392584615 ], [ -155.874848243276972, 19.990869892697063 ], [ -155.874670993244536, 19.991093799008087 ], [ -155.874577711979839, 19.991289705309811 ], [ -155.874493743216959, 19.991476299108935 ], [ -155.874400461953712, 19.991718861672371 ], [ -155.874279180683061, 19.991924111727204 ], [ -155.874204555675362, 19.992213330551841 ], [ -155.874120586918082, 19.99258648689781 ], [ -155.874055305665848, 19.992987643250309 ], [ -155.874008618179346, 19.993771299698341 ], [ -155.873952649428588, 19.994153799795907 ], [ -155.873915336930537, 19.99448964363123 ], [ -155.873859368178358, 19.994825518717086 ], [ -155.873738086915154, 19.995273300082815 ], [ -155.873579493142813, 19.995693112692525 ], [ -155.873448868123234, 19.996000987773378 ], [ -155.873364899360041, 19.996178237820168 ], [ -155.873206305582585, 19.996430144137719 ], [ -155.873019711800396, 19.99672867546775 ], [ -155.872889118030571, 19.997027206796258 ], [ -155.87276783676279, 19.997325738124502 ], [ -155.87267452424868, 19.997540331930921 ], [ -155.8726652117534, 19.997764238237398 ], [ -155.872665211760221, 19.997988113293609 ], [ -155.872665211770709, 19.998333300880279 ], [ -155.872674524286936, 19.998799769747148 ], [ -155.872646555539262, 19.999079676068192 ], [ -155.872637211801646, 19.9995554574379 ], [ -155.872627899310402, 19.999909957527176 ], [ -155.872487961792189, 20.000329770136386 ], [ -155.872273368007455, 20.000749613997638 ], [ -155.871984180457332, 20.00120670787026 ], [ -155.871704305406183, 20.001561239216887 ], [ -155.871471055362775, 20.001831770541152 ], [ -155.871256492823818, 20.002111676867262 ], [ -155.871088555293767, 20.002344895680388 ], [ -155.87092064901563, 20.002643395759904 ], [ -155.870734023985705, 20.00301661460869 ], [ -155.870566117710155, 20.0033991147093 ], [ -155.870444836442687, 20.003706958539894 ], [ -155.870276930166881, 20.004080146138154 ], [ -155.870164961400604, 20.004360021211475 ], [ -155.870053023888573, 20.004779833819931 ], [ -155.870006367639604, 20.005152990164898 ], [ -155.869894430123338, 20.005432865238213 ], [ -155.869847773874653, 20.005815365335529 ], [ -155.869838430133683, 20.006179209177148 ], [ -155.869735836374872, 20.006636365544729 ], [ -155.869661180118243, 20.006962865628743 ], [ -155.86956789886122, 20.007410678243726 ], [ -155.869511930111372, 20.007821178348326 ], [ -155.86947458636439, 20.008194334693034 ], [ -155.869409305108206, 20.008464897262751 ], [ -155.869325336348709, 20.008763428590001 ], [ -155.86922271134128, 20.009267209969288 ], [ -155.869176023840623, 20.00958439755021 ], [ -155.869129430087384, 20.009817647610042 ], [ -155.869008117577295, 20.01036805400155 ], [ -155.868924180077414, 20.010983804158453 ], [ -155.868858867577444, 20.011459585529703 ], [ -155.868830867590276, 20.012084648187425 ], [ -155.868784242601834, 20.012802992119081 ], [ -155.868756242615206, 20.013446711031474 ], [ -155.868728273871483, 20.013857211135324 ], [ -155.868774898894316, 20.014267711237135 ], [ -155.868914836438904, 20.014715492595769 ], [ -155.86904543023428, 20.015256586478106 ], [ -155.869082742772065, 20.016226867970737 ], [ -155.869129430295459, 20.016655993077229 ], [ -155.869194742818991, 20.016954524400418 ], [ -155.869213399088181, 20.017448962024076 ], [ -155.869185399102975, 20.018139305948186 ], [ -155.869138711600613, 20.018400556015067 ], [ -155.868886867802217, 20.018643118582823 ], [ -155.868392398952437, 20.018960306175927 ], [ -155.86805655513237, 20.019100243720192 ], [ -155.867552773775657, 20.019258868773726 ], [ -155.867272898718255, 20.019408118818813 ], [ -155.867030336171126, 20.019622681379296 ], [ -155.866703804857366, 20.019902587708454 ], [ -155.866405273548082, 20.020126462772794 ], [ -155.866097398485039, 20.020294400323344 ], [ -155.865826867181966, 20.020518306636923 ], [ -155.865519023376891, 20.020947463003068 ], [ -155.865369710853457, 20.02126465058678 ], [ -155.865285773342862, 20.021525869404655 ], [ -155.865267117098085, 20.021833744482485 ], [ -155.865229773353178, 20.022272213343616 ], [ -155.86525777337755, 20.022869275992793 ], [ -155.865304429650365, 20.023279776094608 ], [ -155.865453679698476, 20.023774213714713 ], [ -155.865621617248962, 20.024212682570262 ], [ -155.865826867302928, 20.024492557634964 ], [ -155.866060086114231, 20.024809776458291 ], [ -155.866162711143176, 20.025015026507045 ], [ -155.866190711155326, 20.025210932805482 ], [ -155.866078742385383, 20.02536952659835 ], [ -155.865910836101904, 20.025490807883376 ], [ -155.865696242306115, 20.025546776653272 ], [ -155.865546992276222, 20.025649401683093 ], [ -155.865472336013653, 20.025780026717936 ], [ -155.865425742258736, 20.025957276763709 ], [ -155.865435023521883, 20.026321120604841 ], [ -155.865369711013642, 20.026526339408143 ], [ -155.865229773490086, 20.026768870722865 ], [ -155.865136492225673, 20.026974152026945 ], [ -155.865136492238435, 20.027393964632385 ], [ -155.865155148505892, 20.027832464741987 ], [ -155.865239117285057, 20.028177621076399 ], [ -155.865351054817182, 20.028420152384257 ], [ -155.865593648630266, 20.028728058704989 ], [ -155.865836179941056, 20.028961277506959 ], [ -155.86597611747888, 20.029185183809378 ], [ -155.866060086251423, 20.029315808839897 ], [ -155.866069430009759, 20.029521058891191 ], [ -155.866013430000464, 20.029623683918487 ], [ -155.865640273679503, 20.030006184024703 ], [ -155.865500367403058, 20.030155434065989 ], [ -155.865276429861467, 20.030416652887684 ], [ -155.86516449234631, 20.030733840470383 ], [ -155.86507117984641, 20.031414903143975 ], [ -155.865024554850578, 20.031890684514721 ], [ -155.865024554866494, 20.032413122145933 ], [ -155.864940586107281, 20.032720997225535 ], [ -155.864744648568745, 20.032879591020691 ], [ -155.864614054795794, 20.033075497323441 ], [ -155.864614054804036, 20.0333460598914 ], [ -155.86469802358485, 20.03374721623986 ], [ -155.864772648613013, 20.034129716333887 ], [ -155.864856617390132, 20.0344095914019 ], [ -155.865033867442719, 20.034848060257197 ], [ -155.86526711751057, 20.035379841634391 ], [ -155.86548171132398, 20.035902279259776 ], [ -155.865733555144232, 20.036378060622415 ], [ -155.865994773965156, 20.036807248223088 ], [ -155.866470586594346, 20.037590873406941 ], [ -155.866675836647715, 20.037852092216973 ], [ -155.866881055456531, 20.038290561071502 ], [ -155.86718893054001, 20.038794342439648 ], [ -155.8673195243272, 20.039064873754036 ], [ -155.867496805630083, 20.039512686361675 ], [ -155.867571430654607, 20.039773905175259 ], [ -155.86769271193711, 20.039960498968817 ], [ -155.867935274497057, 20.040165780263774 ], [ -155.86817783705871, 20.040426967822761 ], [ -155.868327118347423, 20.040613561615565 ], [ -155.868401743370526, 20.040828124167426 ], [ -155.868364430868496, 20.041033374219992 ], [ -155.868168493331666, 20.0412479367792 ], [ -155.867897962032004, 20.041583780620918 ], [ -155.867804649516472, 20.041751718165635 ], [ -155.867720712005564, 20.042003593231179 ], [ -155.867636743249449, 20.042414093336568 ], [ -155.867506118237372, 20.042964530978363 ], [ -155.867291555709727, 20.043617562398211 ], [ -155.867132961940541, 20.044140000033746 ], [ -155.867058336934264, 20.044475875120121 ], [ -155.866909055659193, 20.044737093939798 ], [ -155.866750461878922, 20.044895687733952 ], [ -155.8666291806083, 20.045100937788799 ], [ -155.866479899343744, 20.045707312945154 ], [ -155.86643327434993, 20.04624843808233 ], [ -155.866498555624901, 20.046593594417249 ], [ -155.866535899393398, 20.046929469500583 ], [ -155.866591868164306, 20.047209344569357 ], [ -155.866713149446866, 20.047395938362921 ], [ -155.866899711994733, 20.04761050091173 ], [ -155.867254243333463, 20.047946344736431 ], [ -155.867590087166917, 20.048244876052266 ], [ -155.867767337212399, 20.048450126098981 ], [ -155.867916618502846, 20.048692688655841 ], [ -155.868131181064285, 20.049149813764817 ], [ -155.868476368666023, 20.049980126463957 ], [ -155.868765587502793, 20.050726439143524 ], [ -155.868989462568891, 20.051267564273335 ], [ -155.86914808761594, 20.051659408117438 ], [ -155.869315993918178, 20.052153845737042 ], [ -155.869521243974447, 20.052508314570488 ], [ -155.869857087809322, 20.052853533398039 ], [ -155.870230275400786, 20.053142752210519 ], [ -155.870584775490073, 20.053497252289901 ], [ -155.871032588102338, 20.053926408635498 ], [ -155.871359119433663, 20.054224939951581 ], [ -155.871760275783885, 20.05459812753438 ], [ -155.872105463369138, 20.054887315097613 ], [ -155.872317807170049, 20.055015283873967 ], [ -155.872316213419538, 20.055010440122793 ], [ -155.873614026233383, 20.055879409055688 ], [ -155.875144089111046, 20.057154440584242 ], [ -155.877329870904987, 20.05912165976876 ], [ -155.879369933913921, 20.060997785184369 ], [ -155.881191403116134, 20.06260069178731 ], [ -155.882484622187491, 20.063748223290268 ], [ -155.884014716324089, 20.065314692391983 ], [ -155.884579372726932, 20.066225442605322 ], [ -155.885107591655043, 20.068229068094162 ], [ -155.88559940428064, 20.068775536967994 ], [ -155.886892654593652, 20.069649818402304 ], [ -155.887548373517802, 20.070597006122316 ], [ -155.888295186222081, 20.071872037672179 ], [ -155.888641280074324, 20.072709912873179 ], [ -155.889041998924739, 20.073092444208321 ], [ -155.889697749079915, 20.073420288022774 ], [ -155.890790624341946, 20.074076038157649 ], [ -155.89213853091988, 20.07504141336333 ], [ -155.893814281342117, 20.076717194988483 ], [ -155.895471844263142, 20.078484039137003 ], [ -155.896892563373342, 20.079977633223344 ], [ -155.898185844952593, 20.081380164790307 ], [ -155.899388032756093, 20.082600540063982 ], [ -155.900608408068052, 20.083966696623783 ], [ -155.90184703338403, 20.085332790683061 ], [ -155.902648471096086, 20.086462134694813 ], [ -155.90386887767815, 20.088483978919282 ], [ -155.904488190347081, 20.089522197913123 ], [ -155.905781440680755, 20.091070479516656 ], [ -155.907220409805745, 20.092910167439388 ], [ -155.908677597683521, 20.094713449102482 ], [ -155.909387972865915, 20.095533105538937 ], [ -155.909952629259891, 20.096152418179049 ], [ -155.910936223266191, 20.097409230967827 ], [ -155.911537317178869, 20.098374606193847 ], [ -155.912265911129793, 20.099667887748765 ], [ -155.912830567557279, 20.101380075663357 ], [ -155.913814161609906, 20.104148732581869 ], [ -155.914688474382814, 20.106735233207601 ], [ -155.915690287193996, 20.109649608912203 ], [ -155.91650997494753, 20.111999359479974 ], [ -155.916801412565121, 20.113729734906638 ], [ -155.916947131368659, 20.114421922576518 ], [ -155.917129287742824, 20.117154110757799 ], [ -155.917347850374483, 20.119868080183533 ], [ -155.917402506809907, 20.125514737850423 ], [ -155.917748569421207, 20.12664405062462 ], [ -155.918349663337864, 20.127736925882683 ], [ -155.918987194752532, 20.128501957307392 ], [ -155.920152945054866, 20.129940926386919 ], [ -155.920990820285709, 20.131416332984582 ], [ -155.921373320412357, 20.132782458317269 ], [ -155.921555476730134, 20.13367492728646 ], [ -155.921537226763576, 20.134895365093538 ], [ -155.921336914244392, 20.13571502155493 ], [ -155.920571882887657, 20.137755084588363 ], [ -155.92028044536346, 20.139066584925814 ], [ -155.920298695430176, 20.141106616687793 ], [ -155.92040794549132, 20.142308804486809 ], [ -155.920717601844046, 20.143419898507432 ], [ -155.921209383238221, 20.144567430032215 ], [ -155.921682977119417, 20.145423523984306 ], [ -155.922794102433812, 20.147645743262093 ], [ -155.922939821252498, 20.148829712305531 ], [ -155.923030883839317, 20.150997275347557 ], [ -155.923431602735178, 20.152855182053312 ], [ -155.924105571686567, 20.154549182460396 ], [ -155.925253103260189, 20.156807807996337 ], [ -155.925981697207988, 20.157991777023785 ], [ -155.926491697352901, 20.159030027270621 ], [ -155.926728478695679, 20.160341496343609 ], [ -155.927511760190356, 20.162654778153264 ], [ -155.92824032291, 20.16454912235918 ], [ -155.92895069812846, 20.166534529088487 ], [ -155.929278573246535, 20.168009935700152 ], [ -155.929588229609976, 20.169467123557745 ], [ -155.92986144848166, 20.171452530299053 ], [ -155.930080011097431, 20.173638312092191 ], [ -155.930498948769895, 20.176224812730524 ], [ -155.931263980306056, 20.180013501161397 ], [ -155.931701136730965, 20.182545376785523 ], [ -155.932101855635409, 20.184676502309955 ], [ -155.932520824548419, 20.186953346620506 ], [ -155.932812262254487, 20.191543504015801 ], [ -155.933158324879486, 20.19311000439988 ], [ -155.93474298160416, 20.197117224113178 ], [ -155.936054481990197, 20.200213756105153 ], [ -155.937420607396263, 20.203565288159702 ], [ -155.937693826227019, 20.204221007066941 ], [ -155.937529888739675, 20.205805726219648 ], [ -155.937056294940987, 20.207627195440374 ], [ -155.936218419830226, 20.210049758572175 ], [ -155.935799482263292, 20.210887665044247 ], [ -155.935362325973813, 20.212745571773137 ], [ -155.935180169741983, 20.214639916004174 ], [ -155.934852294808906, 20.219157198398353 ], [ -155.934378732286177, 20.221816542829675 ], [ -155.934123701086662, 20.225277356206394 ], [ -155.93379585735525, 20.228228169456976 ], [ -155.933413326086935, 20.23037754500767 ], [ -155.932976169808768, 20.232599733078168 ], [ -155.932484388553462, 20.235951265184006 ], [ -155.932648326183312, 20.238974922189403 ], [ -155.932794045067624, 20.242271798013967 ], [ -155.932630107569594, 20.243510423329784 ], [ -155.932302232535875, 20.244767236154694 ], [ -155.931610076165697, 20.245841923943875 ], [ -155.931191138593761, 20.2465158616248 ], [ -155.930735763552065, 20.248428424618055 ], [ -155.930407888523916, 20.24986739373875 ], [ -155.930098232245911, 20.251178862826919 ], [ -155.929533575922648, 20.252854613263668 ], [ -155.928276763210135, 20.254985801333991 ], [ -155.927165638008432, 20.256424739226297 ], [ -155.926109200312141, 20.25764511456217 ], [ -155.924998075099182, 20.258719802362933 ], [ -155.924196637453718, 20.259758052645999 ], [ -155.923686606116092, 20.260577709116099 ], [ -155.923012668515781, 20.262162397033002 ], [ -155.921956199618506, 20.264967491517247 ], [ -155.921391543282823, 20.266242523103326 ], [ -155.920608324404952, 20.267717929745796 ], [ -155.919661136741865, 20.269229773901962 ], [ -155.918805042847822, 20.270705149296454 ], [ -155.918094667722556, 20.271743399577044 ], [ -155.917402511358063, 20.273000274912089 ], [ -155.91627316741247, 20.27476708788739 ], [ -155.915071010933303, 20.275969244472765 ], [ -155.914305948278951, 20.276461057117505 ], [ -155.912229479090172, 20.277153213598776 ], [ -155.908531884550456, 20.278118588943432 ], [ -155.907857915664607, 20.278555745321931 ], [ -155.906655759196639, 20.28012224574891 ], [ -155.905508227747021, 20.281889058724747 ], [ -155.90405103998998, 20.28402021555074 ], [ -155.902830633516885, 20.285550247219074 ], [ -155.902211320895447, 20.286060278614382 ], [ -155.901300601975663, 20.287098528900533 ], [ -155.900098414243587, 20.288209622963048 ], [ -155.898714101470034, 20.289284310771436 ], [ -155.896382569752234, 20.290868998734176 ], [ -155.894870756947, 20.291834374018599 ], [ -155.893577506680572, 20.292490092969143 ], [ -155.892156756384793, 20.293109405664037 ], [ -155.890681349819545, 20.293491937050913 ], [ -155.889861662145165, 20.293728718383047 ], [ -155.888732349412237, 20.294293374806159 ], [ -155.887584817931526, 20.295058406280177 ], [ -155.886419067698995, 20.29589628152301 ], [ -155.885253317465924, 20.296715938011253 ], [ -155.884178661004171, 20.297572032006155 ], [ -155.882994692018201, 20.298428157254079 ], [ -155.88161034799117, 20.299393532535003 ], [ -155.880043910157355, 20.299830688938112 ], [ -155.877785253415567, 20.300122126573676 ], [ -155.875909096756345, 20.300340689180352 ], [ -155.872612221039958, 20.300814283140319 ], [ -155.868459251371348, 20.300887158273088 ], [ -155.865763438269028, 20.300741439560724 ], [ -155.862885500120655, 20.300413564557552 ], [ -155.859661436904588, 20.3003771271372 ], [ -155.857220686353742, 20.300067439626531 ], [ -155.854775810808519, 20.299969658419268 ], [ -155.850142808797216, 20.268130650539735 ], [ -155.850255902565749, 20.267919087983433 ], [ -155.850522308889879, 20.268406150598583 ], [ -155.851220840294758, 20.268406150579381 ], [ -155.851725371647603, 20.268113212991853 ], [ -155.852229840508869, 20.268094900473379 ], [ -155.852482090558055, 20.267875181661196 ], [ -155.852908934402677, 20.267875181649458 ], [ -155.853394028267559, 20.26811321294598 ], [ -155.85366568458744, 20.268424463016771 ], [ -155.853956715905326, 20.268534338036407 ], [ -155.854596997291054, 20.268332931718152 ], [ -155.854985091117527, 20.2680216503792 ], [ -155.855606028745598, 20.267710369033857 ], [ -155.856285185139939, 20.267509025214554 ], [ -155.856673216475969, 20.267509025203886 ], [ -155.857507560400194, 20.26716108759345 ], [ -155.858109060531888, 20.267106150063096 ], [ -155.859118029488627, 20.266556837397232 ], [ -155.860107623455775, 20.266483618601601 ], [ -155.860534498544752, 20.26630049354382 ], [ -155.862241998922201, 20.266263899737659 ], [ -155.862280811425705, 20.266099087195144 ], [ -155.863037530336669, 20.265879368369088 ], [ -155.863813655510455, 20.265934305861556 ], [ -155.864842062006005, 20.266501930975995 ], [ -155.865637593428431, 20.26637374342188 ], [ -155.866530156125719, 20.26635543089272 ], [ -155.867092843731228, 20.265732899470713 ], [ -155.867325687519838, 20.265311743108413 ], [ -155.867713750105878, 20.26531174309774 ], [ -155.867752562620723, 20.265513149397307 ], [ -155.867927218908875, 20.265494868137914 ], [ -155.868431687776365, 20.265677993170076 ], [ -155.869033156659725, 20.265677993153524 ], [ -155.87093475080755, 20.264908930407845 ], [ -155.871128782099987, 20.264890617897905 ], [ -155.872215344799002, 20.263535648777321 ], [ -155.873437782551321, 20.262931398591764 ], [ -155.873709407604167, 20.262693367274448 ], [ -155.874155688948036, 20.262528554720731 ], [ -155.874233313961838, 20.262418710940977 ], [ -155.874679564059619, 20.262382085919484 ], [ -155.875203470419024, 20.262162335849819 ], [ -155.876212470640979, 20.262107429558263 ], [ -155.877202033351296, 20.26181446070737 ], [ -155.877454283399828, 20.261576398140576 ], [ -155.87772593969197, 20.260990460485779 ], [ -155.877745314677583, 20.26038621033333 ], [ -155.878075189739945, 20.260038303986782 ], [ -155.878579689849516, 20.259965053954485 ], [ -155.87933640877128, 20.260093241465896 ], [ -155.880151346445643, 20.259891803892831 ], [ -155.880267783963035, 20.259617147570562 ], [ -155.879879721354371, 20.258884709897096 ], [ -155.880015533870306, 20.258426928528266 ], [ -155.880752877771869, 20.258042397161301 ], [ -155.881393190399706, 20.25758461577859 ], [ -155.881723034221665, 20.257547990760308 ], [ -155.881858846747775, 20.257419803224344 ], [ -155.882557378152086, 20.257401521950534 ], [ -155.882887253215586, 20.257090209363184 ], [ -155.882984253229694, 20.256852146800668 ], [ -155.882770815680743, 20.256797209292728 ], [ -155.883003659475548, 20.256577490481082 ], [ -155.883352909536001, 20.256028146583358 ], [ -155.884478316008284, 20.255149208831419 ], [ -155.884517128520258, 20.255259083857979 ], [ -155.884672347298448, 20.255057646303069 ], [ -155.884652941040798, 20.254947771275969 ], [ -155.884866378585826, 20.254874521251693 ], [ -155.885370909922159, 20.254050489780635 ], [ -155.885370909913689, 20.253775833461585 ], [ -155.885467909927257, 20.253519489644471 ], [ -155.88606941004366, 20.252970114489816 ], [ -155.886321660087106, 20.252567239381591 ], [ -155.886632097652523, 20.252457395595435 ], [ -155.887233597789248, 20.252567239356495 ], [ -155.887524660351488, 20.25249398933007 ], [ -155.888029160440709, 20.251761520382043 ], [ -155.888184379208667, 20.251230488994281 ], [ -155.887951535379358, 20.250333207525113 ], [ -155.888708285508613, 20.249087988441257 ], [ -155.889076941795082, 20.247623019312833 ], [ -155.889096348017688, 20.24659748780449 ], [ -155.888979910456243, 20.245443800017672 ], [ -155.889232160486159, 20.244601424798969 ], [ -155.889736660574215, 20.243832268341748 ], [ -155.890047098123233, 20.243191330672079 ], [ -155.890105316863497, 20.242458799236324 ], [ -155.890823254512469, 20.242129174133719 ], [ -155.890959035788569, 20.242000986597759 ], [ -155.891288973358883, 20.241909424065675 ], [ -155.891385942126419, 20.24178123653078 ], [ -155.891657598436637, 20.241781236523309 ], [ -155.891754598462626, 20.241927736557464 ], [ -155.892123286042079, 20.241854486528911 ], [ -155.892453129857302, 20.241598080205382 ], [ -155.892938223690464, 20.240810611244083 ], [ -155.893151661204399, 20.239730142216615 ], [ -155.893520317534382, 20.239675204692666 ], [ -155.893520317496495, 20.23844820438423 ], [ -155.893694942508063, 20.237569141658454 ], [ -155.89406363008132, 20.237294454079269 ], [ -155.894548692687664, 20.237257829056716 ], [ -155.895635286666618, 20.236873235180148 ], [ -155.896178599274009, 20.236452016309325 ], [ -155.89639203678513, 20.23527992225884 ], [ -155.896818911857622, 20.234565672067557 ], [ -155.896838318101203, 20.234217734479572 ], [ -155.897362193197523, 20.233576734304037 ], [ -155.897439818206806, 20.23332032798746 ], [ -155.897653255752999, 20.233283702972379 ], [ -155.897633849461357, 20.23207498391908 ], [ -155.898177162052946, 20.231140952419373 ], [ -155.898836849679356, 20.230499889740095 ], [ -155.898914474686961, 20.230188577159701 ], [ -155.89906969347021, 20.230151952146233 ], [ -155.89893388092878, 20.229785670807903 ], [ -155.899147318455732, 20.229126358136305 ], [ -155.899127912179921, 20.228430389211905 ], [ -155.898875662107116, 20.22788095158074 ], [ -155.89846819325777, 20.227587920268299 ], [ -155.89829356821059, 20.227313170204031 ], [ -155.898293568200415, 20.226983513871176 ], [ -155.898642818245605, 20.225939576099183 ], [ -155.898545818192446, 20.224913919594048 ], [ -155.898759255706949, 20.223851638071181 ], [ -155.898992099498372, 20.223521981731924 ], [ -155.899360755822158, 20.223265544157339 ], [ -155.899651818373059, 20.22282598153885 ], [ -155.89965181833918, 20.221727075012648 ], [ -155.899904037127527, 20.22115929361301 ], [ -155.900292130953915, 20.220847887274065 ], [ -155.900505568500677, 20.220829606013602 ], [ -155.90046675596156, 20.219840543266084 ], [ -155.9005637559695, 20.219400980652935 ], [ -155.900524974696765, 20.218943074288916 ], [ -155.90066078721668, 20.218613417952326 ], [ -155.900699599710606, 20.218137167831564 ], [ -155.900893662242879, 20.217789167738761 ], [ -155.900777193465927, 20.21775254273275 ], [ -155.90079659968859, 20.216726854974432 ], [ -155.90093244345681, 20.216342261124037 ], [ -155.90116525600277, 20.216159042321586 ], [ -155.90161156858133, 20.2154996671436 ], [ -155.901805568622592, 20.215444729624458 ], [ -155.901863787333554, 20.213759604199332 ], [ -155.902019037365108, 20.213668072922069 ], [ -155.902581724989233, 20.213649729151985 ], [ -155.902872787536182, 20.213081916501277 ], [ -155.902872787524899, 20.212715572659214 ], [ -155.903028006308148, 20.212678947645742 ], [ -155.902853381259888, 20.212367572572276 ], [ -155.901941412292018, 20.211854697468443 ], [ -155.901436912157038, 20.21110372854357 ], [ -155.901378724594991, 20.209510134394655 ], [ -155.901223474553262, 20.209272009339081 ], [ -155.901301099536568, 20.208172977810733 ], [ -155.901281693200986, 20.205535320898367 ], [ -155.901960818295521, 20.203721882923965 ], [ -155.902057818292747, 20.202934226473342 ], [ -155.902251912081226, 20.202787663931176 ], [ -155.902620537144827, 20.202201507523739 ], [ -155.902368287067475, 20.201505413605737 ], [ -155.902601130845937, 20.2007543821606 ], [ -155.902717537120054, 20.200699444643593 ], [ -155.903008568415856, 20.200094944483684 ], [ -155.90300856839724, 20.199490444331772 ], [ -155.902795162081333, 20.198885944185715 ], [ -155.903008568362225, 20.198354725296355 ], [ -155.903920568532101, 20.197310568758898 ], [ -155.903921881023933, 20.197035568689753 ], [ -155.904107849815205, 20.197036974934999 ], [ -155.904110287315461, 20.197027787432617 ], [ -155.904100568563251, 20.197026631182592 ], [ -155.904099349812554, 20.197012881179187 ], [ -155.90408475605895, 20.197001412426701 ], [ -155.904003349790258, 20.196978474923174 ], [ -155.903979037284415, 20.196964693670367 ], [ -155.903970537282106, 20.196950943667154 ], [ -155.903925599771924, 20.196944006166635 ], [ -155.903915881019174, 20.196923412411731 ], [ -155.903895224764085, 20.196907349908273 ], [ -155.903900068514702, 20.196892443654384 ], [ -155.903921943518839, 20.196868349897731 ], [ -155.903911006016358, 20.196867193647741 ], [ -155.903951099774076, 20.196829381137132 ], [ -155.903947443521929, 20.196785756126271 ], [ -155.903930443517311, 20.196758224869821 ], [ -155.903935318518279, 20.196755912369103 ], [ -155.903923162264817, 20.19672953736281 ], [ -155.903925599765017, 20.19671922486015 ], [ -155.90394141226821, 20.196708881107121 ], [ -155.903964474773375, 20.19671003735678 ], [ -155.903979037275661, 20.196680224848876 ], [ -155.903979037275064, 20.196660724843984 ], [ -155.903986349776432, 20.196652693591773 ], [ -155.904004568530382, 20.196650381090677 ], [ -155.904017943533518, 20.196654974841472 ], [ -155.904034943537113, 20.196650381089842 ], [ -155.904067756043531, 20.196621724831747 ], [ -155.904122443555252, 20.196610256077363 ], [ -155.904137006058534, 20.196612537327539 ], [ -155.90414550605999, 20.196597631073558 ], [ -155.904096912297916, 20.196555193564226 ], [ -155.904065318540461, 20.19654028731135 ], [ -155.904034943533532, 20.196533381060448 ], [ -155.903981474770319, 20.196489787300962 ], [ -155.903863630993641, 20.196471443549584 ], [ -155.903853912241175, 20.196461131047261 ], [ -155.903849005989372, 20.196438193541635 ], [ -155.903818662231799, 20.196409506035252 ], [ -155.903864849741012, 20.196377381025915 ], [ -155.903864849739932, 20.196341818516977 ], [ -155.903898849746042, 20.196295943504516 ], [ -155.903925599752483, 20.196313162258111 ], [ -155.903951099757705, 20.196298256003661 ], [ -155.903966912258738, 20.196217943483042 ], [ -155.904000912266156, 20.196214505981239 ], [ -155.904010631018508, 20.19622138098271 ], [ -155.904024006021416, 20.196219099731767 ], [ -155.903997287264133, 20.196175474721535 ], [ -155.904005787264339, 20.19612041220746 ], [ -155.904056818524822, 20.196092912199148 ], [ -155.904092037282595, 20.196092912198182 ], [ -155.904133349790698, 20.196058505938407 ], [ -155.904158881046101, 20.196050474685688 ], [ -155.904181974800792, 20.196036693431591 ], [ -155.904208693555745, 20.196005724673068 ], [ -155.904211131055291, 20.195973599664935 ], [ -155.904206256053754, 20.195957568411032 ], [ -155.90418075604714, 20.195927724654236 ], [ -155.904149162289599, 20.195909380900492 ], [ -155.904137006036393, 20.195893318396791 ], [ -155.904141881037077, 20.195880693393487 ], [ -155.904157662290288, 20.195870380890465 ], [ -155.90416494354082, 20.195834818381332 ], [ -155.90418681854527, 20.195823349627844 ], [ -155.904195318546527, 20.195801537122126 ], [ -155.904150381034725, 20.195743037108663 ], [ -155.904151599784626, 20.195730443355462 ], [ -155.904172224789079, 20.195727005854028 ], [ -155.904175881039748, 20.195722412102779 ], [ -155.904166162285719, 20.195661599587762 ], [ -155.904192912290995, 20.195640974581842 ], [ -155.904201412292252, 20.195620318326419 ], [ -155.904196537290375, 20.195593943319928 ], [ -155.904207474791718, 20.195559537060976 ], [ -155.904183193535943, 20.19554575580818 ], [ -155.904183193534635, 20.195503318297508 ], [ -155.90416372477975, 20.195484943293437 ], [ -155.904183193533129, 20.195455130785405 ], [ -155.904192912284373, 20.195425318277653 ], [ -155.90419291228315, 20.195385162017558 ], [ -155.904213537287291, 20.195372537013814 ], [ -155.904224474789004, 20.195349599507754 ], [ -155.904252443544408, 20.195323255750367 ], [ -155.904257287295025, 20.195309443246757 ], [ -155.904256068543873, 20.195279630739311 ], [ -155.904232974787874, 20.195250943232733 ], [ -155.904228131036319, 20.195234880728826 ], [ -155.904247568539944, 20.195214255723112 ], [ -155.904253662290841, 20.195198193218896 ], [ -155.904253662289932, 20.195168349461408 ], [ -155.904247568538523, 20.19516722446129 ], [ -155.904253662288397, 20.195119036949006 ], [ -155.904277943543235, 20.195101818194019 ], [ -155.904277943542269, 20.195070849436235 ], [ -155.904269443540016, 20.195058255683303 ], [ -155.904248787285127, 20.195046786930988 ], [ -155.904252443535427, 20.195031849427135 ], [ -155.904274287289695, 20.195012349421642 ], [ -155.904279162290038, 20.194989411915742 ], [ -155.904268224787131, 20.194973349411995 ], [ -155.904206256022292, 20.194937786904767 ], [ -155.90420625602107, 20.194897661894679 ], [ -155.904183193515479, 20.19488159939128 ], [ -155.904151599756943, 20.194832286879755 ], [ -155.904150381005365, 20.194789818119112 ], [ -155.90410175599331, 20.194748505610061 ], [ -155.904081130988573, 20.194742786859194 ], [ -155.904049537230833, 20.194718693104008 ], [ -155.904015505971586, 20.194663630591101 ], [ -155.903991193465828, 20.194652161838896 ], [ -155.90397903721248, 20.194629224333458 ], [ -155.903953537206007, 20.194602849327531 ], [ -155.903913443447095, 20.194602849328628 ], [ -155.903895224692747, 20.194592536826541 ], [ -155.903889130940058, 20.194548943065755 ], [ -155.903903724691872, 20.194503036803816 ], [ -155.903896412189653, 20.194483536799122 ], [ -155.903880630935703, 20.194468630545803 ], [ -155.903833255924809, 20.19445488054366 ], [ -155.903784662163304, 20.194431911789213 ], [ -155.903772505910155, 20.194417005535804 ], [ -155.90378950591267, 20.194376849275244 ], [ -155.903782224660603, 20.194360818021416 ], [ -155.903755474654076, 20.194342443017536 ], [ -155.903743349650625, 20.194317224261528 ], [ -155.90378344340661, 20.194223161736787 ], [ -155.903760349651776, 20.194232317989727 ], [ -155.903736037146388, 20.194232317990387 ], [ -155.903714193391039, 20.194215130486672 ], [ -155.903712943389792, 20.194184161728923 ], [ -155.903697162136012, 20.194174974227046 ], [ -155.903691099634159, 20.194158911723179 ], [ -155.903695943384747, 20.194142849219006 ], [ -155.90369231838315, 20.194116474212478 ], [ -155.903702068384774, 20.194099286707893 ], [ -155.903700818384038, 20.194085505454467 ], [ -155.903685005880249, 20.194075192952308 ], [ -155.903685005879908, 20.194064849199709 ], [ -155.903691099631544, 20.194074036701853 ], [ -155.90370444338464, 20.194077474202345 ], [ -155.903714193386634, 20.19407175545064 ], [ -155.903717818387094, 20.194061411697948 ], [ -155.903699599632489, 20.194043067943827 ], [ -155.903688662130122, 20.194044192944421 ], [ -155.903681380878879, 20.194055692947504 ], [ -155.903651005871808, 20.194046505446032 ], [ -155.903623037114386, 20.194006349186715 ], [ -155.903629130865227, 20.193989161682225 ], [ -155.90362184961316, 20.193975380428959 ], [ -155.903629130863578, 20.193936380418958 ], [ -155.903587818353429, 20.19390306791172 ], [ -155.903547724594034, 20.193887036658793 ], [ -155.903535568340715, 20.193866411653943 ], [ -155.903507630834355, 20.193861817903549 ], [ -155.903497912081917, 20.193851505401234 ], [ -155.903496693331277, 20.193840036648382 ], [ -155.903506412082862, 20.193821661643494 ], [ -155.903519787085543, 20.193812505390831 ], [ -155.903519787084434, 20.193775786631608 ], [ -155.903500349579474, 20.193755130376953 ], [ -155.90350153707908, 20.193733349121441 ], [ -155.903480880823736, 20.193709224115949 ], [ -155.903477287071922, 20.193676005357702 ], [ -155.903460224567823, 20.193665661605564 ], [ -155.903451724565485, 20.193650755352053 ], [ -155.903450505814419, 20.193624380345462 ], [ -155.903437162061095, 20.193612911592947 ], [ -155.903420162057159, 20.193607161591956 ], [ -155.903404349552773, 20.193578474085189 ], [ -155.903404349551579, 20.193539474075383 ], [ -155.903417724553719, 20.193513099068397 ], [ -155.903401912049901, 20.193502786566238 ], [ -155.903378818294783, 20.193501630316582 ], [ -155.903367912042057, 20.19349244281457 ], [ -155.903375193292163, 20.193444286552271 ], [ -155.903397068296528, 20.193429349047907 ], [ -155.903399443296706, 20.193416755294688 ], [ -155.903383693292909, 20.193406411542519 ], [ -155.903339943282816, 20.193394942790839 ], [ -155.903339943282248, 20.193376599036224 ], [ -155.903332662030408, 20.193368567784411 ], [ -155.903355755784872, 20.193346786528302 ], [ -155.903355755784418, 20.193333005274845 ], [ -155.903321724526478, 20.193319255272311 ], [ -155.903308349522803, 20.193296286516905 ], [ -155.903287693267714, 20.193279099013154 ], [ -155.903290130767857, 20.193266474009928 ], [ -155.903260974510857, 20.19324925525639 ], [ -155.903254912009146, 20.193237786503676 ], [ -155.903269474512228, 20.19323206775184 ], [ -155.903280412014198, 20.193218255248066 ], [ -155.903339943276677, 20.193195348990674 ], [ -155.903454162049883, 20.193126536470245 ], [ -155.903476037054702, 20.193126536469649 ], [ -155.903495443309538, 20.193142567723147 ], [ -155.903507630812072, 20.193138005221662 ], [ -155.903522193313364, 20.193074911455405 ], [ -155.903544068317956, 20.193066880202782 ], [ -155.903568380822719, 20.193046223946926 ], [ -155.903565943321581, 20.193026692692086 ], [ -155.903590255826344, 20.193007223936526 ], [ -155.903592693326686, 20.193000348934735 ], [ -155.903573224571375, 20.192968223927195 ], [ -155.90356353706909, 20.192963630176308 ], [ -155.903536787063189, 20.192963630177044 ], [ -155.903500349555372, 20.192972817680353 ], [ -155.903473599549244, 20.192965942679354 ], [ -155.903472380798718, 20.192957911427371 ], [ -155.903490630802366, 20.192945286423697 ], [ -155.90349913080351, 20.192921192667413 ], [ -155.903489412051044, 20.192910880165091 ], [ -155.903461443294589, 20.192901692663547 ], [ -155.903462662044205, 20.192881036408323 ], [ -155.903443224538847, 20.192846630150203 ], [ -155.90337275577204, 20.192807630142337 ], [ -155.903370318270589, 20.192778942635197 ], [ -155.903337537012561, 20.192752567629469 ], [ -155.903335099511224, 20.192727286373191 ], [ -155.903315662006662, 20.192719286371712 ], [ -155.90331806825543, 20.192663098857526 ], [ -155.903313224504075, 20.19265391135535 ], [ -155.903293786999456, 20.192642442602995 ], [ -155.903286474497349, 20.192627536349455 ], [ -155.903304724500941, 20.192612661345215 ], [ -155.903305943250814, 20.192598848841708 ], [ -155.903296193248167, 20.192583942588239 ], [ -155.903265849490765, 20.192562161333591 ], [ -155.903258536988687, 20.192546098829755 ], [ -155.903282849493394, 20.192525442573896 ], [ -155.903288911993798, 20.192494473815948 ], [ -155.90331566199967, 20.192492161314625 ], [ -155.903324162001098, 20.192478380060937 ], [ -155.903319286999277, 20.192454317555022 ], [ -155.903309568246783, 20.192442848802401 ], [ -155.903320505748923, 20.192433661299795 ], [ -155.903320505748724, 20.192426786298075 ], [ -155.90328163073977, 20.192415317546253 ], [ -155.90326825573564, 20.192378598787393 ], [ -155.903288911990217, 20.192378598786828 ], [ -155.903292568240687, 20.192367130033841 ], [ -155.903324161996665, 20.192335036274912 ], [ -155.903335099498491, 20.192314380019422 ], [ -155.903332661997268, 20.192292567514009 ], [ -155.903318068243067, 20.192261598756627 ], [ -155.903307161990483, 20.19225588000549 ], [ -155.903291349487375, 20.1922685050091 ], [ -155.90327434948361, 20.192268505009562 ], [ -155.903225724472406, 20.192254723757433 ], [ -155.903178349462053, 20.192259317509894 ], [ -155.903157693207362, 20.192254723759305 ], [ -155.903144349453527, 20.192227192502752 ], [ -155.903123693198665, 20.192218005001006 ], [ -155.903113943196161, 20.192205411248114 ], [ -155.903123693197159, 20.192168692488629 ], [ -155.903107880693426, 20.192160661237029 ], [ -155.903104224441933, 20.192138848731659 ], [ -155.903087224437684, 20.192123911228361 ], [ -155.903031318174556, 20.192098723723568 ], [ -155.903022818172275, 20.192087254970922 ], [ -155.903022818171706, 20.192067754966018 ], [ -155.903031318173305, 20.192058567463473 ], [ -155.903069005681658, 20.192058567462439 ], [ -155.90307750568337, 20.192053973711054 ], [ -155.903079943182718, 20.19201384870091 ], [ -155.903067786929711, 20.192004661198926 ], [ -155.903019193168603, 20.191993192447384 ], [ -155.902931661896815, 20.191915192430191 ], [ -155.902932911896812, 20.191906004927844 ], [ -155.902960880652643, 20.191894536174193 ], [ -155.902943849397388, 20.191846348662551 ], [ -155.902951161898358, 20.191825692407161 ], [ -155.902948724397476, 20.191814223654351 ], [ -155.902930474392576, 20.191786692397926 ], [ -155.902879443130075, 20.191747692389526 ], [ -155.902863661874477, 20.191680036122953 ], [ -155.902836943118075, 20.191663973619654 ], [ -155.902836943117649, 20.191650192366179 ], [ -155.902874599373718, 20.191575661096437 ], [ -155.902896474378338, 20.191568754844091 ], [ -155.902896474377684, 20.191548098588896 ], [ -155.902879443123027, 20.191518286081877 ], [ -155.902875818121402, 20.191493036075627 ], [ -155.902903755626539, 20.191458629816218 ], [ -155.902940193134384, 20.191450598563204 ], [ -155.902946286885367, 20.191439098560142 ], [ -155.90294506813467, 20.191424223556439 ], [ -155.902914693127428, 20.191409286053517 ], [ -155.902906193125006, 20.191389786048848 ], [ -155.902879443119133, 20.191392098550157 ], [ -155.902818693104621, 20.191357661043188 ], [ -155.902783474346535, 20.191349661042135 ], [ -155.902738505585631, 20.191318661035577 ], [ -155.902714224329969, 20.191309504783945 ], [ -155.902689911823956, 20.191288848529425 ], [ -155.902674099320421, 20.191287692279559 ], [ -155.902657130566979, 20.191298036032642 ], [ -155.902643755563986, 20.191296879782705 ], [ -155.902632818061164, 20.191283098529542 ], [ -155.902630380559827, 20.191257879773286 ], [ -155.902579349297298, 20.19121772351458 ], [ -155.902561130543006, 20.191210848513364 ], [ -155.902535599286807, 20.191191348509154 ], [ -155.902516161781108, 20.191147754748737 ], [ -155.902525880532806, 20.191132848494721 ], [ -155.902513724279032, 20.191098442236409 ], [ -155.902490661773243, 20.19107550473128 ], [ -155.902494286772196, 20.191015817216179 ], [ -155.902476068017705, 20.191000910962934 ], [ -155.902491880520472, 20.190976848456451 ], [ -155.902472443015768, 20.190963067203523 ], [ -155.902493099269321, 20.190930942194875 ], [ -155.90247606801492, 20.190910285940159 ], [ -155.902465130511672, 20.190883910933831 ], [ -155.90247481801353, 20.190873598430972 ], [ -155.902506443020314, 20.190866723428385 ], [ -155.902525880523882, 20.190842629671792 ], [ -155.902542880527477, 20.190836879669877 ], [ -155.902552630529044, 20.190818535915 ], [ -155.902550193028247, 20.190809348412763 ], [ -155.902535599274643, 20.190796754659992 ], [ -155.902501599266913, 20.190792160909769 ], [ -155.902482161762123, 20.190776098406275 ], [ -155.902438411752257, 20.190770348406026 ], [ -155.902415317996486, 20.190748567151193 ], [ -155.902389817990496, 20.19073822339929 ], [ -155.90238131798796, 20.190716442144048 ], [ -155.902371536735615, 20.190710692142865 ], [ -155.902342411729165, 20.190710692143668 ], [ -155.902349692980238, 20.190693504639153 ], [ -155.902341224227854, 20.190677442135346 ], [ -155.902344849228001, 20.190655629629774 ], [ -155.902302317967298, 20.190614348370563 ], [ -155.902285317963504, 20.190613192120743 ], [ -155.902287755463817, 20.19060516086866 ], [ -155.902280442961569, 20.190584535863675 ], [ -155.902290192962596, 20.190548942104463 ], [ -155.902313255467618, 20.190546660853254 ], [ -155.902327849220455, 20.190532910849395 ], [ -155.902322974218748, 20.190512223344328 ], [ -155.902365505477405, 20.190487004586828 ], [ -155.902394661733751, 20.19048359833516 ], [ -155.902395880483795, 20.190476692083401 ], [ -155.902380099229703, 20.190458317079219 ], [ -155.902387380480803, 20.190439973324409 ], [ -155.902451786744479, 20.190420473317744 ], [ -155.902452974243772, 20.190389504559921 ], [ -155.902468786747619, 20.190400973312371 ], [ -155.902479724250099, 20.190402098312358 ], [ -155.90249794300388, 20.190394098309849 ], [ -155.902500380503852, 20.190375754555166 ], [ -155.902527099259629, 20.190372285803559 ], [ -155.902530755508934, 20.190322973291067 ], [ -155.902516161755273, 20.190309192038004 ], [ -155.9025270992571, 20.19028969203281 ], [ -155.902523443006118, 20.190283973281467 ], [ -155.902494286749373, 20.190274785779962 ], [ -155.902483380496506, 20.190258723276227 ], [ -155.902460255491434, 20.190262160777724 ], [ -155.902446911738053, 20.190247254524341 ], [ -155.902404380478458, 20.190242660774356 ], [ -155.90237766172325, 20.190264473280575 ], [ -155.902359442968901, 20.190254129528469 ], [ -155.902316911709107, 20.190242660776754 ], [ -155.902302317955247, 20.190222035771974 ], [ -155.902282880450684, 20.190214004520495 ], [ -155.902273161698076, 20.190199067017009 ], [ -155.902244005441133, 20.190184192014065 ], [ -155.902239161689693, 20.190171567011028 ], [ -155.902252505441936, 20.190148598254886 ], [ -155.902227005435606, 20.19012681700011 ], [ -155.902227005434753, 20.190099285743194 ], [ -155.902197849177867, 20.190084379490255 ], [ -155.902195411676303, 20.190052254482239 ], [ -155.90217475542093, 20.190025848226178 ], [ -155.902173536670034, 20.190006348221306 ], [ -155.902115224155835, 20.189963910712247 ], [ -155.902115224154585, 20.189923785702163 ], [ -155.902124911655477, 20.189882504441524 ], [ -155.902133442907143, 20.189875598189559 ], [ -155.902128599155361, 20.189852660683922 ], [ -155.902077536642651, 20.189807910674073 ], [ -155.902066630389641, 20.189788410669475 ], [ -155.902081192892297, 20.189770066914466 ], [ -155.902076317890845, 20.189757441911432 ], [ -155.902094567894466, 20.189743660657459 ], [ -155.902095786644196, 20.189726473153112 ], [ -155.902101849145424, 20.189721879401787 ], [ -155.902122505400428, 20.189736785654972 ], [ -155.902150442906475, 20.189731035652752 ], [ -155.90219541166698, 20.189749410656137 ], [ -155.9022512866797, 20.189759723157188 ], [ -155.90229381793884, 20.189751691904014 ], [ -155.902307192941237, 20.18973334814903 ], [ -155.902308411690456, 20.189698941890352 ], [ -155.902265880428075, 20.189602566867304 ], [ -155.902247661671566, 20.189522285597629 ], [ -155.902252505421615, 20.189489004339134 ], [ -155.902275599176221, 20.18947294183446 ], [ -155.902287755428148, 20.18944659807751 ], [ -155.902278036673721, 20.18937316055932 ], [ -155.90226831792117, 20.189361691806699 ], [ -155.90224522416591, 20.189355941805893 ], [ -155.902230630412106, 20.189337598051679 ], [ -155.902231880410795, 20.189285973038679 ], [ -155.902225786657908, 20.189235504276162 ], [ -155.902192974148676, 20.189172410511215 ], [ -155.902145599136958, 20.189133410502713 ], [ -155.902120067880986, 20.189123066750813 ], [ -155.902096974126067, 20.189128816752891 ], [ -155.902081192873027, 20.189143723007074 ], [ -155.902062974119218, 20.189150598009295 ], [ -155.902036224113004, 20.189141441757723 ], [ -155.902021661609353, 20.189127660504678 ], [ -155.901997349102345, 20.189074879242074 ], [ -155.901965755344264, 20.189040472984288 ], [ -155.901851567816408, 20.188956754216381 ], [ -155.901845474064402, 20.188936097961363 ], [ -155.901854005315784, 20.188918879206803 ], [ -155.901843036562724, 20.188899379202194 ], [ -155.901841849061896, 20.188879879197337 ], [ -155.901862474065496, 20.188848910438988 ], [ -155.901863692815368, 20.18883628543578 ], [ -155.901850349061903, 20.188819066681816 ], [ -155.901849130311319, 20.188808754179263 ], [ -155.901838192808611, 20.188799566677258 ], [ -155.901813880303337, 20.188804160429079 ], [ -155.901801724050358, 20.188793847926824 ], [ -155.901779880295294, 20.188788097925976 ], [ -155.901771349042519, 20.188758285418718 ], [ -155.90178109904403, 20.188736504162968 ], [ -155.901796880297184, 20.188726160409942 ], [ -155.901810255299608, 20.188707816654961 ], [ -155.901849130308136, 20.188705504153312 ], [ -155.901880724064227, 20.188675691644953 ], [ -155.901886786565512, 20.188675691644789 ], [ -155.901906224070729, 20.188703222901168 ], [ -155.901922036574121, 20.188700941650165 ], [ -155.901932942826306, 20.188692910397851 ], [ -155.901956036581396, 20.18869175414692 ], [ -155.901966974083621, 20.188686004145179 ], [ -155.901974286584419, 20.188659629138357 ], [ -155.902013161592919, 20.188656160386422 ], [ -155.902033817847212, 20.188645847883258 ], [ -155.902056911601676, 20.188625222877434 ], [ -155.902071474104986, 20.188627504127613 ], [ -155.902083630358248, 20.18864584788189 ], [ -155.902112786614623, 20.188643566630514 ], [ -155.902137099120267, 20.188651597881854 ], [ -155.902151661623378, 20.188648160380602 ], [ -155.90216744287622, 20.188627504124973 ], [ -155.902180817879298, 20.188629816625188 ], [ -155.902184474130308, 20.1886378166271 ], [ -155.902194192882632, 20.188642410377984 ], [ -155.902216067887309, 20.18863781662624 ], [ -155.902217317886766, 20.188610316619293 ], [ -155.902265880394879, 20.188525410346621 ], [ -155.902284099148289, 20.188503629090643 ], [ -155.902297474150316, 20.188473785332778 ], [ -155.902284099145987, 20.188429035321903 ], [ -155.9023035366491, 20.188391191561859 ], [ -155.902281661643713, 20.188372847807841 ], [ -155.90229138039544, 20.18835903530411 ], [ -155.902318099150676, 20.188338441548211 ], [ -155.902321755400038, 20.188290254035994 ], [ -155.902355786656472, 20.188253535275837 ], [ -155.902380099161661, 20.188248972774012 ], [ -155.902393442913962, 20.188226004017874 ], [ -155.902442067923516, 20.188188160257031 ], [ -155.902460255427457, 20.188184722755665 ], [ -155.90248700543367, 20.188192754006952 ], [ -155.902521036690473, 20.188169785250249 ], [ -155.902550192947047, 20.188173254000315 ], [ -155.902579349203364, 20.188168660248362 ], [ -155.90261578671263, 20.188207660257163 ], [ -155.902636442967378, 20.188212254007755 ], [ -155.902651036720926, 20.188223722760231 ], [ -155.902669255476297, 20.188266160270398 ], [ -155.902703286734578, 20.188290254025521 ], [ -155.902737317993427, 20.188332691535244 ], [ -155.902757942998136, 20.188338441536132 ], [ -155.902781036753055, 20.188331535283758 ], [ -155.902796849257101, 20.188348754037651 ], [ -155.902805349258841, 20.188345316536548 ], [ -155.902805349258443, 20.188331535283091 ], [ -155.902838161764549, 20.188292535272389 ], [ -155.902860005519301, 20.188291410271503 ], [ -155.902879443023124, 20.188275316516929 ], [ -155.902912255530737, 20.188285660268619 ], [ -155.902941443037122, 20.188283347767243 ], [ -155.902954786790275, 20.188290254018622 ], [ -155.902968161793012, 20.188283347766511 ], [ -155.902966943042003, 20.188259285260493 ], [ -155.902973005543203, 20.188253535258891 ], [ -155.902993661797751, 20.188253535258323 ], [ -155.903014318052982, 20.188274191512946 ], [ -155.903039849308527, 20.188270754011381 ], [ -155.903060505562792, 20.188261566508498 ], [ -155.903077505565847, 20.188238629002271 ], [ -155.903072661814122, 20.188216816496919 ], [ -155.903099380569444, 20.188196191491006 ], [ -155.903133411825536, 20.188150285228534 ], [ -155.903175943084847, 20.188146847726507 ], [ -155.903160099330705, 20.188125066471464 ], [ -155.903157693079436, 20.188102128965777 ], [ -155.90319416183678, 20.188078035208711 ], [ -155.903228161842691, 20.188025253944513 ], [ -155.903230599342862, 20.188012628941276 ], [ -155.903216005589229, 20.18800116018879 ], [ -155.90321600558903, 20.187994285187063 ], [ -155.903240318093992, 20.187981660183219 ], [ -155.903253693096588, 20.187967910179403 ], [ -155.903254911845806, 20.18793462892101 ], [ -155.903247599343587, 20.187915128916305 ], [ -155.903254911844044, 20.187877285156599 ], [ -155.90326097434513, 20.187869253904413 ], [ -155.903297443102758, 20.187854347649672 ], [ -155.903349661864127, 20.187847441396496 ], [ -155.903356943115512, 20.187840566394566 ], [ -155.903344818112572, 20.187831378892596 ], [ -155.90331806810525, 20.187786660132094 ], [ -155.903352099361229, 20.187736191368476 ], [ -155.90334603685875, 20.18769947260941 ], [ -155.903349661859124, 20.187685691355849 ], [ -155.903370318113332, 20.187673097602119 ], [ -155.903380036865002, 20.187657035097811 ], [ -155.903375193111003, 20.187562972574305 ], [ -155.903381286860963, 20.187517066312608 ], [ -155.903374005608697, 20.187496410057612 ], [ -155.903374005607418, 20.187455128797247 ], [ -155.903394630610904, 20.187418410037449 ], [ -155.903388568107886, 20.187364503774067 ], [ -155.903399443108327, 20.187301410007919 ], [ -155.903392161856317, 20.187287660004657 ], [ -155.903361818099057, 20.187270441251169 ], [ -155.903343599344197, 20.187244034995032 ], [ -155.9033423805935, 20.187230284991607 ], [ -155.903353318095384, 20.187213066236986 ], [ -155.90335209934554, 20.187225691240187 ], [ -155.903361818098119, 20.187239472493385 ], [ -155.90337400560071, 20.187237159992467 ], [ -155.903381286851499, 20.187209628735353 ], [ -155.90336791184825, 20.187200472483411 ], [ -155.903356943095986, 20.187206191235155 ], [ -155.903356943094991, 20.18717406622708 ], [ -155.903342380591113, 20.187152284972008 ], [ -155.903338755589715, 20.187132784967208 ], [ -155.903342380590146, 20.187121316214228 ], [ -155.903370318096279, 20.187119003712869 ], [ -155.903374005597243, 20.187124753714219 ], [ -155.903437161861063, 20.187119003711036 ], [ -155.903457818115243, 20.187105253707028 ], [ -155.903472380617529, 20.187075409949127 ], [ -155.90346753686535, 20.187039847440314 ], [ -155.903435943107581, 20.18701462868485 ], [ -155.903395849347362, 20.186971034924998 ], [ -155.903271911817768, 20.186902191161096 ], [ -155.903150411789738, 20.186865503655209 ], [ -155.903143130537899, 20.186858597403671 ], [ -155.903122474283322, 20.186858597404239 ], [ -155.903053161767417, 20.186840253651535 ], [ -155.90297059924896, 20.186834534902371 ], [ -155.902897692982322, 20.186819597400614 ], [ -155.902734880446104, 20.186813878653648 ], [ -155.902545317904526, 20.186827628662307 ], [ -155.902506442896168, 20.186835659915388 ], [ -155.902473661638851, 20.186834534916009 ], [ -155.902460255385336, 20.186817316162053 ], [ -155.902425036627335, 20.186810441161281 ], [ -155.902404380371678, 20.186774878652916 ], [ -155.902372786614393, 20.18676453490118 ], [ -155.902343630355858, 20.186698003635268 ], [ -155.902302317846676, 20.186698003636401 ], [ -155.902278036590701, 20.186677347381874 ], [ -155.902252505333479, 20.18662687861989 ], [ -155.902257380332571, 20.186562659853614 ], [ -155.902225786572842, 20.186473159832001 ], [ -155.902201474066516, 20.186443347325174 ], [ -155.902156536556049, 20.186427284822368 ], [ -155.902126161548324, 20.186394003564846 ], [ -155.902098192791641, 20.186379097311864 ], [ -155.90205931778172, 20.186335503551973 ], [ -155.902059317780726, 20.186303378543908 ], [ -155.902036224024613, 20.186271284786471 ], [ -155.902026505271493, 20.186239159778665 ], [ -155.902001005264992, 20.18621159727244 ], [ -155.9019973490133, 20.186184066015628 ], [ -155.901969411504865, 20.186110659747946 ], [ -155.901975474005155, 20.186076253489134 ], [ -155.901966974002306, 20.186045284731584 ], [ -155.901970630252947, 20.186039534730035 ], [ -155.902126161535136, 20.185966128457324 ], [ -155.902123724033771, 20.185939753450757 ], [ -155.90214072403711, 20.185924815946546 ], [ -155.902150442788212, 20.185891565937908 ], [ -155.902137099033979, 20.185849097177606 ], [ -155.902128599031641, 20.185835347174383 ], [ -155.902054474015017, 20.185828472174698 ], [ -155.902045942762726, 20.185814690921465 ], [ -155.902047161512229, 20.185790597165383 ], [ -155.902038661509238, 20.185755034656665 ], [ -155.90196697399324, 20.185750440907491 ], [ -155.901928098984143, 20.185734409654522 ], [ -155.901886786473455, 20.185686253393563 ], [ -155.901847911462227, 20.185601315873289 ], [ -155.901827255205234, 20.185521034603681 ], [ -155.901860067710714, 20.185463659588361 ], [ -155.901840630205953, 20.185449909585433 ], [ -155.901830880203391, 20.185436128332245 ], [ -155.901811442699085, 20.185436128332778 ], [ -155.901793192695351, 20.185445315835583 ], [ -155.901776223941567, 20.185445315836049 ], [ -155.90174097392935, 20.185303065801271 ], [ -155.901710630166377, 20.185097722000503 ], [ -155.901694817661649, 20.185059846991418 ], [ -155.901666880154579, 20.185031190734986 ], [ -155.901629192645657, 20.185011690731109 ], [ -155.9015320051233, 20.184986440727435 ], [ -155.901511348867842, 20.18495544072022 ], [ -155.901485848860091, 20.184887784453924 ], [ -155.901461536353537, 20.184848784444785 ], [ -155.901442098848605, 20.184830440690703 ], [ -155.901410505091178, 20.184815534437817 ], [ -155.901434817595742, 20.184789128180523 ], [ -155.901419005090474, 20.184731784416556 ], [ -155.901437223844027, 20.184716846912288 ], [ -155.901477317602911, 20.184715721910909 ], [ -155.90149675510699, 20.184708815658642 ], [ -155.901501630106736, 20.184665253147561 ], [ -155.901525942611727, 20.184653753144001 ], [ -155.901534442612132, 20.184604440631382 ], [ -155.901553848865404, 20.184571159372489 ], [ -155.901591536373218, 20.184553971867128 ], [ -155.901597630124144, 20.1845401906135 ], [ -155.90157694261859, 20.184509221856285 ], [ -155.90158303636963, 20.184498909353525 ], [ -155.901580598868776, 20.184488565600997 ], [ -155.90155384886279, 20.184486284351152 ], [ -155.901539286359338, 20.184478253099538 ], [ -155.901534442607357, 20.184448409342174 ], [ -155.901512567601941, 20.184430065588156 ], [ -155.901517442602682, 20.184419721835429 ], [ -155.901515005101885, 20.184412846833773 ], [ -155.901459098838956, 20.184394503080682 ], [ -155.901427505081216, 20.184369284325221 ], [ -155.901391067572803, 20.184357815573339 ], [ -155.901361911315462, 20.184330284317223 ], [ -155.901289005047829, 20.184282065557102 ], [ -155.901274411294452, 20.184277503056361 ], [ -155.901194223776855, 20.184282065559707 ], [ -155.901167505020823, 20.184278628059577 ], [ -155.90110553625621, 20.184251065554353 ], [ -155.900953661219773, 20.184160471785752 ], [ -155.900901411207741, 20.184144409283146 ], [ -155.900871036201096, 20.18414787803485 ], [ -155.90081516118957, 20.184174253043015 ], [ -155.900785973683725, 20.184196003049284 ], [ -155.900750723677078, 20.184233909309786 ], [ -155.90072522367322, 20.184291253074889 ], [ -155.900730098675155, 20.184319940581965 ], [ -155.900720379924195, 20.184357815591746 ], [ -155.900702129920916, 20.184383065598595 ], [ -155.900682692416723, 20.184386471849979 ], [ -155.900657192410193, 20.184357815593479 ], [ -155.900620723651571, 20.184339440589863 ], [ -155.90058672364259, 20.184293565579271 ], [ -155.900550254883882, 20.184272909325081 ], [ -155.900532036128766, 20.184238503066933 ], [ -155.900504098622093, 20.184222440563659 ], [ -155.900472504863643, 20.184174253052422 ], [ -155.90046644236125, 20.184139815543933 ], [ -155.900429942352133, 20.184107721786869 ], [ -155.900426348600689, 20.184087065531781 ], [ -155.900406911095217, 20.184048065522514 ], [ -155.900403254843752, 20.184027409267422 ], [ -155.900412973595735, 20.184020534265425 ], [ -155.900516254868592, 20.18402053426259 ], [ -155.900527192370816, 20.184013659260565 ], [ -155.900546629873958, 20.183976940500806 ], [ -155.900516254867028, 20.183970034249903 ], [ -155.900423911096482, 20.183966596751578 ], [ -155.900397223590289, 20.183957440500009 ], [ -155.900387442337859, 20.183949377998246 ], [ -155.900389879838173, 20.183942534246459 ], [ -155.90045794235337, 20.183945971745452 ], [ -155.900482223608634, 20.183942534243926 ], [ -155.900535692367811, 20.183855315470531 ], [ -155.900533223616947, 20.183846159218302 ], [ -155.900474942353583, 20.183830096715869 ], [ -155.900464004851301, 20.183834690467329 ], [ -155.900382598582496, 20.183809440463214 ], [ -155.900397223585486, 20.183801409210787 ], [ -155.900431192342836, 20.183796815458706 ], [ -155.900440911092062, 20.183700471684233 ], [ -155.900512598607946, 20.183700471682265 ], [ -155.900534473612993, 20.183707346683391 ], [ -155.900553911117214, 20.18370390918199 ], [ -155.900573348621634, 20.18370850293261 ], [ -155.900572129868522, 20.183616721659579 ], [ -155.900579442368752, 20.183569690397562 ], [ -155.900630442380049, 20.183570846646454 ], [ -155.900629286133551, 20.183693565427319 ], [ -155.900636567385618, 20.183708502930873 ], [ -155.900693661148239, 20.183707346679022 ], [ -155.9007884111696, 20.183718815429312 ], [ -155.900810286174391, 20.183716534178128 ], [ -155.90081634867559, 20.183711940426804 ], [ -155.900826067420894, 20.183490534120907 ], [ -155.900903848686823, 20.183448096608103 ], [ -155.900883192431195, 20.183413659100029 ], [ -155.900880754930199, 20.183398752846337 ], [ -155.900886786181189, 20.183387284093289 ], [ -155.900914786187002, 20.183375815339641 ], [ -155.90091841118749, 20.183365502836956 ], [ -155.900912348684926, 20.183324221576736 ], [ -155.900922067436426, 20.183303534071271 ], [ -155.900909911183135, 20.183285190317012 ], [ -155.900919629934663, 20.183264534061546 ], [ -155.900912348682397, 20.183242721556262 ], [ -155.90091719243307, 20.183228971552683 ], [ -155.900930567435836, 20.183223252800865 ], [ -155.900994973701046, 20.18325422155689 ], [ -155.901024129957477, 20.183253065305802 ], [ -155.901043567462295, 20.183270284059589 ], [ -155.901073942468997, 20.183269159058465 ], [ -155.901090942472166, 20.183249627803097 ], [ -155.90111156747642, 20.183239284049939 ], [ -155.901114036226261, 20.183216377794114 ], [ -155.901135911231194, 20.183218659044083 ], [ -155.901150473733452, 20.18318881528619 ], [ -155.901167504987171, 20.183186534035137 ], [ -155.90115534873334, 20.183149815276252 ], [ -155.901189348738797, 20.183082096508294 ], [ -155.901214848743876, 20.183063784002993 ], [ -155.901216098743561, 20.183044283998061 ], [ -155.901210036241565, 20.183022471492741 ], [ -155.901220942493438, 20.183004127737842 ], [ -155.901213661241201, 20.182984627733134 ], [ -155.901213661240604, 20.182965127728242 ], [ -155.901225817492872, 20.182951346474447 ], [ -155.901225817491849, 20.182918096466082 ], [ -155.901259848748197, 20.182880221455633 ], [ -155.901295067505288, 20.182856127698614 ], [ -155.901388630024854, 20.182818283936541 ], [ -155.90137284877062, 20.182795346431206 ], [ -155.90137284876991, 20.182772408925445 ], [ -155.901358255016021, 20.182751752670647 ], [ -155.90135825501568, 20.182740283917774 ], [ -155.901376473769091, 20.182718471411782 ], [ -155.901393473772742, 20.182715033910455 ], [ -155.901403223774565, 20.182704721407603 ], [ -155.901404442523869, 20.182672627649502 ], [ -155.901415380026208, 20.182670283898609 ], [ -155.9014384425316, 20.182679471400281 ], [ -155.901498005044289, 20.182663408894623 ], [ -155.901513786297897, 20.182666846395044 ], [ -155.901527161301146, 20.182676033896989 ], [ -155.901542973804624, 20.182676033896556 ], [ -155.901547786304803, 20.182646190138925 ], [ -155.901562380057499, 20.182629002634201 ], [ -155.901600036315756, 20.182626690132583 ], [ -155.901632848822544, 20.182610658877657 ], [ -155.901655942577463, 20.182604908875575 ], [ -155.901660786327881, 20.182581971369686 ], [ -155.901681442582174, 20.182572783866817 ], [ -155.901694817583859, 20.182533783856641 ], [ -155.90167903632971, 20.18251084635131 ], [ -155.901687536330996, 20.182492502596471 ], [ -155.901663223825039, 20.182472971342229 ], [ -155.901672942575772, 20.182427096330436 ], [ -155.90169116132941, 20.182414471326762 ], [ -155.901699661330838, 20.182399565072782 ], [ -155.901696036329071, 20.182367440064805 ], [ -155.901723973834692, 20.18234909630943 ], [ -155.901723973833924, 20.18232500255338 ], [ -155.901737348836576, 20.182313533800126 ], [ -155.901755567587145, 20.18220225252167 ], [ -155.901751911335879, 20.182187315018012 ], [ -155.901783505092396, 20.182171283763111 ], [ -155.901790817593451, 20.182152908758294 ], [ -155.901823598849717, 20.182120783749323 ], [ -155.901836973851857, 20.18209440874233 ], [ -155.901885567611657, 20.182062283732918 ], [ -155.901889255111399, 20.182026721223892 ], [ -155.901914692616344, 20.182004939967708 ], [ -155.901939036370322, 20.181959033705507 ], [ -155.901930536367473, 20.181926908697669 ], [ -155.901934192617489, 20.181901689941242 ], [ -155.901969411374267, 20.1818684086819 ], [ -155.901975473874245, 20.181823658670492 ], [ -155.90195603636522, 20.181671064882675 ], [ -155.901924442604525, 20.181551783603574 ], [ -155.90192322385272, 20.181501314840926 ], [ -155.901939036354463, 20.181443939826075 ], [ -155.90197063010919, 20.181370533556763 ], [ -155.902069036375138, 20.181180096006205 ], [ -155.902087255127526, 20.181127314742444 ], [ -155.902088473875978, 20.181067658477417 ], [ -155.902071473870365, 20.18100687721261 ], [ -155.901980348847331, 20.180915095942048 ], [ -155.901937817586031, 20.180854283427934 ], [ -155.901903817576397, 20.180786595911858 ], [ -155.90189044257221, 20.180746502152157 ], [ -155.901892848822172, 20.180728095897457 ], [ -155.90190988007538, 20.180708595892092 ], [ -155.901908661324143, 20.180677627134344 ], [ -155.901928098826886, 20.180627158371127 ], [ -155.901929317576275, 20.180599627114173 ], [ -155.901977911337156, 20.180601908363418 ], [ -155.902020442596353, 20.180595033360522 ], [ -155.90204353635113, 20.18058468960729 ], [ -155.902039880099636, 20.180560595851333 ], [ -155.902007098840897, 20.180513564590409 ], [ -155.901897723814812, 20.180452783328143 ], [ -155.9018746300587, 20.180420658320706 ], [ -155.90195725507661, 20.180409189565552 ], [ -155.90198525508211, 20.180385095808724 ], [ -155.901974286329818, 20.180389689560187 ], [ -155.901971848829163, 20.1803862520594 ], [ -155.901987630082573, 20.180383939558368 ], [ -155.902008286336638, 20.180366752053487 ], [ -155.902007098835639, 20.180342658297466 ], [ -155.901988848830996, 20.180324283293352 ], [ -155.901996130082239, 20.180310533289695 ], [ -155.90198397382909, 20.180295627036276 ], [ -155.901981567577764, 20.180271533280298 ], [ -155.901964536323618, 20.180257752027302 ], [ -155.90195969257158, 20.180227908269938 ], [ -155.901974286323963, 20.180199252012333 ], [ -155.901964536320691, 20.180162533253373 ], [ -155.901975473822574, 20.180145314498748 ], [ -155.90200222382785, 20.180124689492832 ], [ -155.902008286328595, 20.180105158237755 ], [ -155.901985255072134, 20.180060439477153 ], [ -155.901988848822555, 20.180048970724176 ], [ -155.902003411325609, 20.180043220722322 ], [ -155.90200588007562, 20.180026033217946 ], [ -155.901992536321245, 20.179980126956771 ], [ -155.901975473816805, 20.179958314451756 ], [ -155.901974286315692, 20.179930783194873 ], [ -155.901979130066366, 20.179917033191284 ], [ -155.901994942569416, 20.179902126937105 ], [ -155.902037442578234, 20.179883720681318 ], [ -155.902064192583595, 20.179865408175974 ], [ -155.902076317585653, 20.179844751920452 ], [ -155.902069036333017, 20.179811501912297 ], [ -155.9020483800779, 20.179794283158536 ], [ -155.901971848810632, 20.179783970658047 ], [ -155.901923223800168, 20.179794283161968 ], [ -155.901877067537811, 20.179724283145649 ], [ -155.901850348780982, 20.179695626889181 ], [ -155.901822411274594, 20.179688751888218 ], [ -155.901778630013609, 20.179647439379046 ], [ -155.901683879991737, 20.179618751874433 ], [ -155.901660786235595, 20.179585470616704 ], [ -155.901653504982221, 20.179528126852492 ], [ -155.901638942478627, 20.179516658100013 ], [ -155.901618286224419, 20.17952697060317 ], [ -155.901575754964654, 20.179516658101743 ], [ -155.901552661207575, 20.179453564336526 ], [ -155.901539286204326, 20.1794432518343 ], [ -155.901518629948498, 20.179401939324489 ], [ -155.901406848671854, 20.179342283062557 ], [ -155.901323036152462, 20.179314751807937 ], [ -155.901290223644594, 20.179296408054235 ], [ -155.901201504872603, 20.179220689287643 ], [ -155.901148067359117, 20.179165595525262 ], [ -155.90108000484264, 20.179120876765893 ], [ -155.901018036079108, 20.179126564269026 ], [ -155.900980379820624, 20.17912200176891 ], [ -155.90096822356756, 20.179109408016075 ], [ -155.90094878606169, 20.179058908003913 ], [ -155.900884411046405, 20.179025657997332 ], [ -155.900793286026158, 20.179024501749542 ], [ -155.90078112977335, 20.179019907998711 ], [ -155.900760473518062, 20.178996970493518 ], [ -155.900760473517693, 20.178985501740641 ], [ -155.90071550475642, 20.178943064231216 ], [ -155.900714286005837, 20.178931564228357 ], [ -155.900728879757537, 20.178882251715557 ], [ -155.900700942249728, 20.178829470453071 ], [ -155.900714286001858, 20.178803095446071 ], [ -155.900709442249735, 20.178769814187838 ], [ -155.900760473511014, 20.178767532935872 ], [ -155.900755598508511, 20.178721626674466 ], [ -155.900747129756041, 20.178702126669798 ], [ -155.900691192242959, 20.178680345415856 ], [ -155.900677848489522, 20.178665439162486 ], [ -155.900659629734207, 20.178622970402305 ], [ -155.90064991097961, 20.178543814132681 ], [ -155.900662004731373, 20.178514001624862 ], [ -155.900642629726093, 20.178481876617315 ], [ -155.900657192228778, 20.17846353286231 ], [ -155.900699723487861, 20.178452032858253 ], [ -155.900694848485756, 20.178419907850319 ], [ -155.900717942240362, 20.178403845345645 ], [ -155.900732535993058, 20.178385501590633 ], [ -155.900726442241051, 20.178364845335611 ], [ -155.900687567231927, 20.178347657832365 ], [ -155.900671785976812, 20.178296032819816 ], [ -155.900679067227401, 20.178261595310971 ], [ -155.900721598485546, 20.17822031404943 ], [ -155.900733723487065, 20.178182439039585 ], [ -155.900726442234202, 20.178142282779685 ], [ -155.900681473472247, 20.178076907764495 ], [ -155.900668129718241, 20.17804359525649 ], [ -155.900674192218816, 20.178018407749992 ], [ -155.900668129715854, 20.177965626486895 ], [ -155.900696067220764, 20.177924313975748 ], [ -155.900676629715406, 20.177889907717638 ], [ -155.9006936609685, 20.177866970211408 ], [ -155.900693660968074, 20.177853188957933 ], [ -155.900676629712933, 20.177809595197456 ], [ -155.90064262970526, 20.177805032697247 ], [ -155.900602504696508, 20.177809595199491 ], [ -155.900552692184334, 20.177772907691637 ], [ -155.900528410928928, 20.177771751442016 ], [ -155.900483442168479, 20.177754532688919 ], [ -155.90044334840934, 20.17774765768829 ], [ -155.900422660904098, 20.17772472018309 ], [ -155.90041906715291, 20.177713251430305 ], [ -155.900425129653513, 20.177689126424081 ], [ -155.90041419215072, 20.177677657671506 ], [ -155.90040450464781, 20.177651282665142 ], [ -155.90040691089601, 20.177575563896042 ], [ -155.900394754642889, 20.177561813892925 ], [ -155.900385035888661, 20.177494126376192 ], [ -155.900392317139278, 20.177463126368195 ], [ -155.900375317134717, 20.177436751362034 ], [ -155.900361942129763, 20.177372501346255 ], [ -155.900388660882498, 20.177268095069287 ], [ -155.900420254638419, 20.177233657559761 ], [ -155.900429942139482, 20.177199282550859 ], [ -155.900440910891774, 20.177193532549115 ], [ -155.900472504648661, 20.177190095047379 ], [ -155.900493160902727, 20.177174032542784 ], [ -155.900528410910539, 20.177174032541817 ], [ -155.900567285917617, 20.177123532528057 ], [ -155.900591567172796, 20.177116688775669 ], [ -155.900617098428683, 20.177125813777263 ], [ -155.900637754683203, 20.177123532526124 ], [ -155.900696067195156, 20.177091438766457 ], [ -155.900737379703884, 20.177077688761873 ], [ -155.900756817208247, 20.177079970011913 ], [ -155.900771410960999, 20.17706390750747 ], [ -155.900773848460972, 20.177046688753084 ], [ -155.900693660941329, 20.176984751239715 ], [ -155.900666910935144, 20.176976719988431 ], [ -155.900651129681762, 20.176980157489727 ], [ -155.900608598423162, 20.177006532497522 ], [ -155.900584285917773, 20.17700653249819 ], [ -155.900555129660859, 20.176991626245247 ], [ -155.900524754654015, 20.176988188745216 ], [ -155.900511379651277, 20.176995063747309 ], [ -155.900501660899636, 20.17701112625161 ], [ -155.900485879646254, 20.17701568875319 ], [ -155.900433629634563, 20.177011126253483 ], [ -155.900382598372829, 20.176997376251421 ], [ -155.900334004612091, 20.176999657503334 ], [ -155.90032428585971, 20.176991626251581 ], [ -155.900296317103368, 20.176987032501195 ], [ -155.900287817101287, 20.176979001249403 ], [ -155.900307254604655, 20.176950313741663 ], [ -155.900306035853959, 20.176936563738238 ], [ -155.900274442096276, 20.176913626233336 ], [ -155.900264723343639, 20.176897563729575 ], [ -155.900262317092398, 20.176875751224156 ], [ -155.900251379589349, 20.176855063719263 ], [ -155.900253817088242, 20.176800063705379 ], [ -155.900236785833869, 20.176781688701222 ], [ -155.900245285834558, 20.176742719941203 ], [ -155.900222223327262, 20.176671563673953 ], [ -155.900224660826751, 20.176637157415232 ], [ -155.900200348320595, 20.176611907409558 ], [ -155.900222223323595, 20.176552251143971 ], [ -155.900213692070793, 20.176522407386706 ], [ -155.900216129570225, 20.176488001127982 ], [ -155.900195473314682, 20.176455876120489 ], [ -155.900195473314113, 20.176437532365878 ], [ -155.900205160815602, 20.176415719860131 ], [ -155.900190598311099, 20.176374438600153 ], [ -155.900195473309623, 20.176290688578977 ], [ -155.900190598306665, 20.176231032314124 ], [ -155.900202785809114, 20.176221844811476 ], [ -155.900239223317016, 20.176216094809035 ], [ -155.900258660820896, 20.176202344805052 ], [ -155.900270817073107, 20.176186282300677 ], [ -155.900301160830736, 20.176216094807337 ], [ -155.900316973334242, 20.176216094806907 ], [ -155.900336442088928, 20.176228719809544 ], [ -155.90035587959315, 20.176225282308142 ], [ -155.900375317096831, 20.176205751052699 ], [ -155.900397223350637, 20.176171344793449 ], [ -155.900442129610212, 20.176159876039339 ], [ -155.900459160863335, 20.176138094783401 ], [ -155.900465223364023, 20.176117438528049 ], [ -155.900496817120853, 20.176111688525733 ], [ -155.900501660871669, 20.176102532273294 ], [ -155.900501660870646, 20.17606928226494 ], [ -155.90049316086828, 20.176054344761425 ], [ -155.900459160860379, 20.176041719759191 ], [ -155.900420254600533, 20.17600271975045 ], [ -155.900381379591266, 20.175980907246036 ], [ -155.900360723336064, 20.175960282241412 ], [ -155.900355879583259, 20.175904063477422 ], [ -155.900315785823608, 20.17588000097248 ], [ -155.900308442071065, 20.175850125965173 ], [ -155.900263535809671, 20.175801938454299 ], [ -155.90025381705621, 20.175759500943897 ], [ -155.90022706704832, 20.175696407178776 ], [ -155.90023316079899, 20.175674594673133 ], [ -155.900251379552628, 20.175662032169466 ], [ -155.900253817051578, 20.175609250906138 ], [ -155.900245285799031, 20.175587407150886 ], [ -155.900233160796034, 20.175577094648631 ], [ -155.900234379544315, 20.17551400088275 ], [ -155.900217348289544, 20.175480719624851 ], [ -155.900207629535771, 20.175427969611864 ], [ -155.900177254527932, 20.175392375853754 ], [ -155.90016509827359, 20.175338469590539 ], [ -155.900152942020526, 20.175325844587697 ], [ -155.900144473268028, 20.175306344583031 ], [ -155.900121379512427, 20.175291438329914 ], [ -155.900117723261388, 20.175283407077995 ], [ -155.900142035765725, 20.175249000818685 ], [ -155.900122598260253, 20.175211125809696 ], [ -155.90013350451099, 20.175157219545863 ], [ -155.900160254516322, 20.175137688290217 ], [ -155.900171192016956, 20.175079188275209 ], [ -155.900219785776784, 20.175049375766399 ], [ -155.900199129521212, 20.175017219508881 ], [ -155.900195473269235, 20.174978219499184 ], [ -155.900185754516883, 20.174971344497717 ], [ -155.900142035756915, 20.174963313246899 ], [ -155.900117723250389, 20.174926594488333 ], [ -155.900064254488058, 20.17491053198577 ], [ -155.900049691984066, 20.174885313229826 ], [ -155.899998660722048, 20.174862375725471 ], [ -155.899976785716632, 20.174842844471161 ], [ -155.899934254455076, 20.174774031955032 ], [ -155.899920879450121, 20.174709781939256 ], [ -155.899896598194175, 20.17469146943532 ], [ -155.899848004431192, 20.174618000668193 ], [ -155.899850410680671, 20.174584750659772 ], [ -155.899832191925725, 20.174554906902777 ], [ -155.899828535674203, 20.174531969397112 ], [ -155.899846785675606, 20.174445906874983 ], [ -155.899875941930873, 20.174406906864387 ], [ -155.899940316944736, 20.174394281859453 ], [ -155.899954941947612, 20.174382813106156 ], [ -155.899958535698005, 20.174369031852603 ], [ -155.899950035695753, 20.174357563099953 ], [ -155.899952473195441, 20.174328906842685 ], [ -155.899913598186032, 20.174303656837402 ], [ -155.899888098179275, 20.174266938078876 ], [ -155.899862566922963, 20.174246281824388 ], [ -155.899856504421081, 20.17422793806994 ], [ -155.899862566921485, 20.174198094312278 ], [ -155.899860129420148, 20.174172875556007 ], [ -155.899852848168308, 20.17416484430419 ], [ -155.899828535662749, 20.174159094303413 ], [ -155.899815191909482, 20.174148781801183 ], [ -155.899813973157706, 20.174099438038823 ], [ -155.899803035653719, 20.174048969276441 ], [ -155.899788441899972, 20.174032906772808 ], [ -155.899767785645253, 20.174028313022223 ], [ -155.899736191887428, 20.174001938016453 ], [ -155.899697316877024, 20.173943406752812 ], [ -155.899692473124418, 20.173894094240559 ], [ -155.899719191880024, 20.173882625486939 ], [ -155.899773879391972, 20.173878031734283 ], [ -155.899799379397933, 20.173887219235894 ], [ -155.899806691900011, 20.173903281739733 ], [ -155.899826160654669, 20.173913594241792 ], [ -155.899879566916638, 20.173919312991771 ], [ -155.899903879421856, 20.173913594239661 ], [ -155.899934254429184, 20.17393193799343 ], [ -155.899963410685217, 20.173918187989177 ], [ -155.899993785692004, 20.173920469238922 ], [ -155.900026598198679, 20.17390096923312 ], [ -155.900044816951919, 20.173875750476284 ], [ -155.900072785707749, 20.173863125472351 ], [ -155.900086129459993, 20.173840156716214 ], [ -155.90014081697197, 20.173835562963546 ], [ -155.900184535731057, 20.173817219207745 ], [ -155.900203973234824, 20.173798875452597 ], [ -155.900225848239614, 20.17379656295142 ], [ -155.900302410755103, 20.173748375437206 ], [ -155.900398410774045, 20.17367381291584 ], [ -155.900471285789934, 20.173665781661818 ], [ -155.900519910799375, 20.173622187899539 ], [ -155.90062072332077, 20.173591219138988 ], [ -155.900680285833914, 20.173590062887062 ], [ -155.900699723337908, 20.173579750383944 ], [ -155.900715504590636, 20.173555656627453 ], [ -155.90076169210036, 20.173538437871862 ], [ -155.900810285861638, 20.173554500374564 ], [ -155.900841879618724, 20.173557937874556 ], [ -155.900878317126626, 20.173553344122407 ], [ -155.900903848381319, 20.173521250363638 ], [ -155.900903848381887, 20.173539594118257 ], [ -155.900912348383343, 20.173525812864558 ], [ -155.900914785882861, 20.173492562856129 ], [ -155.900967035893416, 20.17345928159634 ], [ -155.900964598391937, 20.173429437838902 ], [ -155.900991317146833, 20.173396187829816 ], [ -155.900991317146264, 20.173376687824916 ], [ -155.900973098390267, 20.173312437809273 ], [ -155.900979192139943, 20.173259656545845 ], [ -155.900990067142004, 20.173248187792662 ], [ -155.900994973392585, 20.173230969038201 ], [ -155.900985254639579, 20.173203437781549 ], [ -155.900980379637218, 20.173162156521308 ], [ -155.900951223379877, 20.173133469014896 ], [ -155.900945160878138, 20.173120844011894 ], [ -155.900959723380481, 20.173092156504278 ], [ -155.900959723379685, 20.173065781497648 ], [ -155.900934223373355, 20.173043968992875 ], [ -155.900908692115479, 20.172971687725415 ], [ -155.900918410866808, 20.172945312718515 ], [ -155.900914785865154, 20.172917781461695 ], [ -155.900943942120676, 20.172886781453105 ], [ -155.900935442117145, 20.172832875189798 ], [ -155.900948785869389, 20.172809937683667 ], [ -155.90094637961846, 20.172797312680565 ], [ -155.900918410861266, 20.172765187673264 ], [ -155.900894129604467, 20.17271815641211 ], [ -155.900884410851177, 20.172681437653146 ], [ -155.900851598342967, 20.17265162514655 ], [ -155.900849160840892, 20.17260112513393 ], [ -155.900858879592704, 20.17258965638079 ], [ -155.900875910846452, 20.172589656380325 ], [ -155.900901410851731, 20.172577031376441 ], [ -155.900923285855782, 20.172551812619506 ], [ -155.90097794211681, 20.172516250109073 ], [ -155.900980379616982, 20.172504781356125 ], [ -155.90096944211362, 20.172473781348632 ], [ -155.90099981711947, 20.17244509384059 ], [ -155.901002254617964, 20.172378531323798 ], [ -155.90102778587206, 20.172328093810428 ], [ -155.90103506712245, 20.172287937550138 ], [ -155.901072723380423, 20.17227646879622 ], [ -155.901092160883934, 20.172251218789345 ], [ -155.901155348397452, 20.17223515628357 ], [ -155.901200348406178, 20.172195000022253 ], [ -155.901242817165127, 20.172178937517049 ], [ -155.901286567173258, 20.172128468753165 ], [ -155.901306004677252, 20.172118125000029 ], [ -155.901320598429805, 20.172096343744162 ], [ -155.90132666093038, 20.172071093737657 ], [ -155.901369192189861, 20.17207453123735 ], [ -155.901403223446863, 20.1720561874818 ], [ -155.901461535957111, 20.171967843708 ], [ -155.901471254708497, 20.171944937451986 ], [ -155.901478535958717, 20.171898999940236 ], [ -155.901493129711071, 20.171871468682912 ], [ -155.901501629712016, 20.171839312424609 ], [ -155.901516192214558, 20.171817562418749 ], [ -155.901551442221262, 20.171782031158855 ], [ -155.90155144222075, 20.171764781154511 ], [ -155.901040317107288, 20.171757999916831 ], [ -155.900932442078954, 20.171613281133421 ], [ -155.901010035828676, 20.171045343488586 ], [ -155.900874223292959, 20.170862093446267 ], [ -155.900913035797629, 20.170733843412975 ], [ -155.900660785741138, 20.170715530915295 ], [ -155.900156285639554, 20.171045343512002 ], [ -155.899904035573513, 20.170715530936043 ], [ -155.89972941051002, 20.169909374488274 ], [ -155.899807004236663, 20.168590217904669 ], [ -155.899380160340286, 20.166904561242816 ], [ -155.899380160327297, 20.166483186136936 ], [ -155.899651816609293, 20.165567092149299 ], [ -155.900117472930333, 20.164522716874121 ], [ -155.900078660389084, 20.163460060358172 ], [ -155.899865254078833, 20.163038591508119 ], [ -155.898992097618532, 20.162488935143944 ], [ -155.898448753730719, 20.161920935016123 ], [ -155.898351784941752, 20.161352934876064 ], [ -155.898448753656965, 20.15952065316301 ], [ -155.898332378602419, 20.158586184181409 ], [ -155.898060722262983, 20.157633371449446 ], [ -155.897750253423965, 20.15697374629222 ], [ -155.897633847112104, 20.15580102725075 ], [ -155.897071159455948, 20.154774933258352 ], [ -155.896857721876017, 20.153712182997175 ], [ -155.89685772184734, 20.152777682762377 ], [ -155.896683065549041, 20.152466182688897 ], [ -155.896062190400272, 20.152099713863823 ], [ -155.895771127818904, 20.151549963733675 ], [ -155.895286033950811, 20.151201838659492 ], [ -155.895305440178049, 20.150322275937967 ], [ -155.895111408869326, 20.14980921331437 ], [ -155.895286033878193, 20.148838025565574 ], [ -155.895266627586153, 20.147610306507637 ], [ -155.895383065107467, 20.14746371271762 ], [ -155.895732315180879, 20.147335462675823 ], [ -155.895848721443173, 20.146895650062131 ], [ -155.896120377741511, 20.146510837458013 ], [ -155.896081565223341, 20.146199337380807 ], [ -155.895693502613739, 20.145429712198069 ], [ -155.89588753385496, 20.143743836769179 ], [ -155.895286033683504, 20.142497742722576 ], [ -155.895130814881099, 20.1419113363295 ], [ -155.895150221120758, 20.141434898709257 ], [ -155.894975533566338, 20.140921804835131 ], [ -155.89423825212603, 20.140042179634317 ], [ -155.893248658137765, 20.13941911700487 ], [ -155.892996439318409, 20.138979304401275 ], [ -155.892744189235515, 20.138099710437192 ], [ -155.892763564220701, 20.137476647780122 ], [ -155.893054626754747, 20.136487053773521 ], [ -155.892899407929349, 20.135149272191672 ], [ -155.892685970370252, 20.13476442835082 ], [ -155.892006845197358, 20.134031396935246 ], [ -155.891929251404321, 20.133188396725576 ], [ -155.891579970067397, 20.132876865406857 ], [ -155.891172501210832, 20.13234539653449 ], [ -155.891191907447137, 20.131758958886628 ], [ -155.891677001279845, 20.130952614920762 ], [ -155.891890438809128, 20.130366177267604 ], [ -155.891871032545879, 20.130072989694462 ], [ -155.891638188725722, 20.129468177048889 ], [ -155.891715813728837, 20.129010051931669 ], [ -155.891366532386883, 20.128533520571501 ], [ -155.891347126093223, 20.127250676499738 ], [ -155.891444157349582, 20.126755801372763 ], [ -155.891288969800627, 20.126279332507298 ], [ -155.891541157343511, 20.125857832394509 ], [ -155.891521751080234, 20.12556455107136 ], [ -155.891269532256388, 20.124978144680941 ], [ -155.891424751030087, 20.124629925839212 ], [ -155.891385938510837, 20.12428170700279 ], [ -155.891269532227142, 20.124025113191511 ], [ -155.890881438388391, 20.123933488179109 ], [ -155.890609813322072, 20.123731894385891 ], [ -155.889639625563944, 20.122320675307883 ], [ -155.889232156717526, 20.122119081518388 ], [ -155.888553031563191, 20.121990769004732 ], [ -155.888475437781381, 20.121514300137143 ], [ -155.888339593992868, 20.121239393821789 ], [ -155.887155999955468, 20.120414643646967 ], [ -155.886787312354187, 20.119773174745895 ], [ -155.88663209354678, 20.119021737061356 ], [ -155.886942562354847, 20.118673518215385 ], [ -155.887291812427719, 20.118526893168998 ], [ -155.887369437430294, 20.118050361797156 ], [ -155.886981374833681, 20.117702142970295 ], [ -155.886166405890833, 20.117298955391277 ], [ -155.885564905755956, 20.117243986643913 ], [ -155.885467905730508, 20.117115674114334 ], [ -155.88550668697394, 20.116620798988951 ], [ -155.885370905688802, 20.116455892701229 ], [ -155.884439499227511, 20.116290892685235 ], [ -155.884381311709006, 20.116107611390781 ], [ -155.884536530481057, 20.115704392535246 ], [ -155.884536530472587, 20.115429454966172 ], [ -155.884109655355047, 20.114678017289059 ], [ -155.884109655344929, 20.114348110956183 ], [ -155.884730561703805, 20.113413360704371 ], [ -155.884943999247156, 20.113285079416322 ], [ -155.885176843049294, 20.113303391914549 ], [ -155.885409686841314, 20.112991829329921 ], [ -155.885254468051301, 20.112808516788107 ], [ -155.883255936367703, 20.113101798166408 ], [ -155.883139467587398, 20.112955173132757 ], [ -155.883139467581231, 20.1127535480821 ], [ -155.883721592684907, 20.11192876660899 ], [ -155.88370218642612, 20.111782141572686 ], [ -155.882712592454141, 20.111690485326712 ], [ -155.882557373660802, 20.111397235257279 ], [ -155.882479779875069, 20.110792391357453 ], [ -155.882693217411685, 20.110444141264129 ], [ -155.882712592360974, 20.108647922062346 ], [ -155.88304246741717, 20.108098046915199 ], [ -155.883449936245626, 20.107713140557379 ], [ -155.883624561263531, 20.107034952882223 ], [ -155.883546967468845, 20.10613682765873 ], [ -155.883158873620573, 20.105733608818046 ], [ -155.882731998521535, 20.105586952542861 ], [ -155.882712592250414, 20.105037077405246 ], [ -155.882596185967913, 20.104817139853175 ], [ -155.882382748420099, 20.104798796104404 ], [ -155.882169342128975, 20.105000421160884 ], [ -155.881761842040987, 20.105073733690435 ], [ -155.881199154394523, 20.104358889776222 ], [ -155.880966310588434, 20.104212264745748 ], [ -155.880248372924996, 20.104065608478518 ], [ -155.87945277897353, 20.103240795793045 ], [ -155.879316997680007, 20.102800889436242 ], [ -155.87945277892473, 20.101646107892435 ], [ -155.879161778851312, 20.101352826576704 ], [ -155.878734903750626, 20.101151201537718 ], [ -155.878540872450344, 20.100912920233153 ], [ -155.878424466153831, 20.100234701315959 ], [ -155.877687122214184, 20.099373201119668 ], [ -155.877687122209124, 20.099208232328227 ], [ -155.877997559769483, 20.098933294750676 ], [ -155.878036372266848, 20.098566700907533 ], [ -155.877764715947137, 20.098255075836661 ], [ -155.877687122167629, 20.097851794487468 ], [ -155.877434872093858, 20.097265231847015 ], [ -155.876833371936527, 20.096477012915425 ], [ -155.876639309372251, 20.095780481495748 ], [ -155.876328871795067, 20.095505512685143 ], [ -155.875824402927208, 20.095303887648267 ], [ -155.875358715311734, 20.094900606309665 ], [ -155.875494559048093, 20.093470824696784 ], [ -155.87535871526407, 20.093342512168267 ], [ -155.874951215173837, 20.093342512179387 ], [ -155.874795996386126, 20.093232512155982 ], [ -155.874737808861454, 20.092847574560871 ], [ -155.874893027618356, 20.091949355581001 ], [ -155.874660183798312, 20.091344449185399 ], [ -155.874330308716253, 20.091051167870727 ], [ -155.874000464891566, 20.090996167865914 ], [ -155.873495964772559, 20.090757855319811 ], [ -155.87328252720792, 20.090189573932879 ], [ -155.872506402032116, 20.090061261421827 ], [ -155.872331776989512, 20.089932948894365 ], [ -155.872254151962778, 20.0896213238182 ], [ -155.872545214510438, 20.089071386172112 ], [ -155.872486995740843, 20.088851417368438 ], [ -155.871691464298408, 20.088319761006591 ], [ -155.871148151660748, 20.087751542128672 ], [ -155.871167557908905, 20.087549917077489 ], [ -155.871788464284577, 20.087164916963847 ], [ -155.871788464280655, 20.087036635681613 ], [ -155.871206401640023, 20.086651635600788 ], [ -155.870934745308034, 20.085936697928599 ], [ -155.870779495269716, 20.085808416650611 ], [ -155.870430245190676, 20.085753385396313 ], [ -155.870333213904075, 20.085258447774628 ], [ -155.870022776324703, 20.084910135195592 ], [ -155.86872274476886, 20.084323510083699 ], [ -155.868257057162396, 20.084213541318775 ], [ -155.867868994578714, 20.084286853847775 ], [ -155.867810775805737, 20.083956916266473 ], [ -155.868121213359927, 20.083480259888272 ], [ -155.868121213350946, 20.083186947314587 ], [ -155.867694338229541, 20.082307009605184 ], [ -155.867752556978985, 20.081867040743084 ], [ -155.867597338189, 20.081683665701249 ], [ -155.867092838068345, 20.081390415641341 ], [ -155.866588337930835, 20.080547134193257 ], [ -155.866316712871281, 20.080565446705268 ], [ -155.866083869079233, 20.080877103039906 ], [ -155.865967431553457, 20.080877103043083 ], [ -155.865734587731708, 20.080217165383651 ], [ -155.866064462784607, 20.079557196458868 ], [ -155.86581221271868, 20.079227196382849 ], [ -155.865773400205057, 20.079062196342463 ], [ -155.865967431484023, 20.078603883722039 ], [ -155.86579280643582, 20.078292227398514 ], [ -155.865365931328995, 20.077888946058845 ], [ -155.865191306279684, 20.077540602226104 ], [ -155.865191306256719, 20.076788945787293 ], [ -155.865055493714891, 20.076403976944285 ], [ -155.864822649907723, 20.07622063315458 ], [ -155.862843493189814, 20.075249007964455 ], [ -155.860359836379217, 20.074900695444647 ], [ -155.860185211324875, 20.074387382820454 ], [ -155.859738929967619, 20.074112382763538 ], [ -155.859176242312259, 20.073104038775579 ], [ -155.85739111686047, 20.071252382109073 ], [ -155.856052272762497, 20.06956569422184 ], [ -155.855916460202792, 20.068594037731462 ], [ -155.856149303988104, 20.068062350091562 ], [ -155.85529555378173, 20.067494006222041 ], [ -155.855217928739961, 20.066687318521517 ], [ -155.855062709947703, 20.066430630961264 ], [ -155.854752272372849, 20.066228974669063 ], [ -155.853995522209743, 20.066375630976509 ], [ -155.853762678403143, 20.066210630941406 ], [ -155.853588053343231, 20.065513943271149 ], [ -155.852850709407591, 20.064780568107015 ], [ -155.852986553173139, 20.064303880483571 ], [ -155.852637271833487, 20.063900536641757 ], [ -155.852326834241268, 20.063130505206775 ], [ -155.851919365390387, 20.062782161380362 ], [ -155.851298458995643, 20.062543817587404 ], [ -155.851182021456481, 20.062103786230033 ], [ -155.851065615176168, 20.06195709869635 ], [ -155.850250646242927, 20.061865442445519 ], [ -155.850192458724479, 20.06168209865104 ], [ -155.850386490009043, 20.06140706732668 ], [ -155.85032827123888, 20.061168723518389 ], [ -155.849319302265485, 20.061168723545855 ], [ -155.848581958323109, 20.06021531707643 ], [ -155.846893864169715, 20.059243566878266 ], [ -155.846272957767695, 20.058766879275417 ], [ -155.845865488913489, 20.058308504171368 ], [ -155.845516238808784, 20.057410097705194 ], [ -155.845050551194475, 20.05704337887574 ], [ -155.844720707345743, 20.056199941172849 ], [ -155.844080363429327, 20.055393222237619 ], [ -155.84413858218258, 20.055075940906331 ], [ -155.843164113218336, 20.055126472195536 ], [ -155.843160019463937, 20.055012472167018 ], [ -155.843176300714219, 20.054902503388945 ], [ -155.843282175730195, 20.054658190824689 ], [ -155.843306613231903, 20.054536034543339 ], [ -155.843323581983498, 20.054465690775206 ], [ -155.843326988233059, 20.054426097015174 ], [ -155.843331769482432, 20.054370972001198 ], [ -155.843360894486239, 20.054283815728514 ], [ -155.843433707000258, 20.054215003209237 ], [ -155.843521082018469, 20.054178315697659 ], [ -155.843591488283806, 20.054169128193436 ], [ -155.843666738300755, 20.054178315693701 ], [ -155.843722550812657, 20.054164534438701 ], [ -155.843780800826153, 20.054182878191732 ], [ -155.843887613348841, 20.054150784430771 ], [ -155.844093925894356, 20.054146190673997 ], [ -155.844093925893389, 20.054114065665921 ], [ -155.844033238378671, 20.054072784407207 ], [ -155.844030800877192, 20.054040690649217 ], [ -155.844098769639686, 20.05395812812662 ], [ -155.844215300913277, 20.053884721855013 ], [ -155.844224988411497, 20.053756284322489 ], [ -155.844254113416042, 20.053694346806139 ], [ -155.844227457157018, 20.053591128030934 ], [ -155.844234738406584, 20.053524628014028 ], [ -155.844258957161117, 20.053497096756459 ], [ -155.844292925918154, 20.053481034251504 ], [ -155.844377894688023, 20.05351544050783 ], [ -155.844392457190963, 20.053506284255132 ], [ -155.844380300937587, 20.053483346749704 ], [ -155.844309957170253, 20.053426002987212 ], [ -155.844207988396334, 20.053382409229034 ], [ -155.844064800863805, 20.05335490922603 ], [ -155.844013832101751, 20.053329690471077 ], [ -155.844011394600358, 20.053302127964216 ], [ -155.844035675854911, 20.05327462795665 ], [ -155.844152175880197, 20.053258565449447 ], [ -155.844171582133811, 20.053235627943153 ], [ -155.844169207132666, 20.053214971688028 ], [ -155.844025957099745, 20.053176002932148 ], [ -155.843863332064643, 20.053205815444056 ], [ -155.843773519544214, 20.053187471691889 ], [ -155.843671582021557, 20.053185159194076 ], [ -155.843589050754076, 20.053210409202663 ], [ -155.843465238227338, 20.053233315461792 ], [ -155.843399769462536, 20.053224159211268 ], [ -155.843370644455547, 20.05320581545746 ], [ -155.843336613195532, 20.053125534188212 ], [ -155.843336613194651, 20.05309572168072 ], [ -155.843370644450772, 20.053049846668277 ], [ -155.843421550711184, 20.05302003415941 ], [ -155.843433706960155, 20.052898471628541 ], [ -155.843482269468382, 20.052815909106467 ], [ -155.843465238212474, 20.052744784089075 ], [ -155.843407050698659, 20.052714971583164 ], [ -155.84331239442713, 20.052696627831139 ], [ -155.843290550671327, 20.052664502823653 ], [ -155.843339050680697, 20.052618627810816 ], [ -155.843329363177759, 20.052593409054747 ], [ -155.843336613176888, 20.05251312778438 ], [ -155.843377925684592, 20.052464971521161 ], [ -155.843419144443004, 20.05244203401428 ], [ -155.843411863189658, 20.052384690250062 ], [ -155.843457956948811, 20.052350283990172 ], [ -155.843489550706437, 20.052370940244494 ], [ -155.843504113209605, 20.052368627743519 ], [ -155.843506519458032, 20.052299815226174 ], [ -155.84345314444468, 20.052249377714961 ], [ -155.843402175682627, 20.052224127710002 ], [ -155.843290550657343, 20.052205783958431 ], [ -155.843142456874489, 20.052203502711883 ], [ -155.843081769361618, 20.052221846468136 ], [ -155.842996831844971, 20.052292940238303 ], [ -155.842846331814059, 20.052373221512571 ], [ -155.842761394295621, 20.052384690267765 ], [ -155.842705550532827, 20.052370940265821 ], [ -155.842676425525326, 20.052336534007974 ], [ -155.842649738016434, 20.05223790898393 ], [ -155.842618175507766, 20.052182846470956 ], [ -155.8426133317557, 20.052150752713022 ], [ -155.842569644244151, 20.052088783948648 ], [ -155.842506550478419, 20.052031502685974 ], [ -155.84236573794513, 20.051962658922509 ], [ -155.842326925435316, 20.051921377663202 ], [ -155.842339050437005, 20.051889252654796 ], [ -155.842360894191557, 20.051880096401906 ], [ -155.842402144198957, 20.051822752636376 ], [ -155.842419175451283, 20.051774596373814 ], [ -155.842402144195887, 20.051721815111026 ], [ -155.842271081665302, 20.05167137760192 ], [ -155.842283206666394, 20.051618627588347 ], [ -155.842343894178015, 20.0515589713217 ], [ -155.842343894177446, 20.0515406275671 ], [ -155.842331769174478, 20.051531471315123 ], [ -155.842227394151877, 20.051547502571985 ], [ -155.842161862887025, 20.051536033820884 ], [ -155.842123019127939, 20.051520002567926 ], [ -155.842047769108973, 20.051444283800944 ], [ -155.842011362850684, 20.051437408800208 ], [ -155.841921550331051, 20.051446596304956 ], [ -155.841800206553131, 20.051412158799618 ], [ -155.841545362742778, 20.051281440023711 ], [ -155.841484675229509, 20.051288315027083 ], [ -155.841382706458631, 20.051343377543692 ], [ -155.841331737697317, 20.051343377545077 ], [ -155.841278362684108, 20.051297533785011 ], [ -155.841234675172331, 20.051228690018906 ], [ -155.841222518915373, 20.051088783734091 ], [ -155.841135143896111, 20.051091064987041 ], [ -155.841004081365554, 20.051040627477931 ], [ -155.840955550103359, 20.050992439967157 ], [ -155.840965237603427, 20.050923627449603 ], [ -155.840948237598923, 20.050900752444313 ], [ -155.840790487562941, 20.050866283689949 ], [ -155.840669112532225, 20.050740158661572 ], [ -155.84061814377003, 20.050710314905459 ], [ -155.840584175012793, 20.05071950240869 ], [ -155.840540487504796, 20.050774564923717 ], [ -155.840511362498688, 20.050786033677376 ], [ -155.840438549981798, 20.050760783673017 ], [ -155.840436112481001, 20.050751627420784 ], [ -155.840380299968501, 20.050747033671147 ], [ -155.840280768696857, 20.050760783677315 ], [ -155.84016183116961, 20.050730971173056 ], [ -155.840103581155887, 20.050703439917722 ], [ -155.840033206140305, 20.05070343991963 ], [ -155.840028331140701, 20.050751627431875 ], [ -155.839965237378124, 20.050797502445118 ], [ -155.839824456098029, 20.050834189958159 ], [ -155.839771049835974, 20.050825002457305 ], [ -155.839673956059698, 20.050669033670765 ], [ -155.839540456028487, 20.050614002410573 ], [ -155.839370580988032, 20.050522252392142 ], [ -155.839309893472858, 20.05046490862939 ], [ -155.839288049716004, 20.05039840861328 ], [ -155.839210362198941, 20.050402971116544 ], [ -155.839178830941478, 20.050386939863365 ], [ -155.839149705933352, 20.050331877350335 ], [ -155.839050174657871, 20.050219502324811 ], [ -155.839025893400844, 20.050164439811631 ], [ -155.838991924642158, 20.050127752303347 ], [ -155.838843862101783, 20.049877720994559 ], [ -155.838783174583398, 20.049714877205304 ], [ -155.838773455822803, 20.049437345885856 ], [ -155.838751674566083, 20.049375408370885 ], [ -155.838700705804314, 20.04935937711825 ], [ -155.838644830793243, 20.049402939630706 ], [ -155.838579299528959, 20.04940981463422 ], [ -155.83842879949222, 20.049297439610072 ], [ -155.838363268224498, 20.049191908335356 ], [ -155.838336580715435, 20.049088720810158 ], [ -155.838346268213741, 20.04896256452821 ], [ -155.838394830723246, 20.048921252016513 ], [ -155.838467643238516, 20.048893752007622 ], [ -155.838547737006934, 20.048916689511206 ], [ -155.838576862012729, 20.048893752004652 ], [ -155.838618143270025, 20.048834095738545 ], [ -155.838630268270748, 20.048769876972084 ], [ -155.838622987018368, 20.048744658215941 ], [ -155.838598705762649, 20.048733189463729 ], [ -155.838542893250434, 20.048737783216403 ], [ -155.838511330742392, 20.04870337695861 ], [ -155.838499205738174, 20.048652876946253 ], [ -155.838513768240489, 20.048623095688381 ], [ -155.838511330738669, 20.048581814428069 ], [ -155.838528330741468, 20.048549689419541 ], [ -155.838530736990322, 20.048494658155651 ], [ -155.838545299492893, 20.048471720649495 ], [ -155.838579299499997, 20.04845793939511 ], [ -155.838686080773698, 20.048460251892788 ], [ -155.838712799529048, 20.048441876887445 ], [ -155.838712799524501, 20.048292783099992 ], [ -155.838695799518575, 20.048221689332589 ], [ -155.838625424501743, 20.048180408074142 ], [ -155.838613268248281, 20.048155189318138 ], [ -155.838608424493714, 20.048040501789455 ], [ -155.838637549496895, 20.047932689261586 ], [ -155.838637549494791, 20.047863876744302 ], [ -155.838613268235832, 20.047746907965582 ], [ -155.83858898698, 20.047730845462205 ], [ -155.838516205713461, 20.047717064210723 ], [ -155.838487049455949, 20.047682689202873 ], [ -155.838353549413938, 20.047274407853948 ], [ -155.838309893152001, 20.047198720336123 ], [ -155.838268611889646, 20.047093189060735 ], [ -155.838096268094915, 20.046877564011254 ], [ -155.838016174322064, 20.046710157721389 ], [ -155.837999205563392, 20.046549563931503 ], [ -155.837904518036993, 20.046370657639137 ], [ -155.8379069555358, 20.04631331387467 ], [ -155.837882674278177, 20.046239938856893 ], [ -155.837761330498807, 20.046157345089455 ], [ -155.83768608047734, 20.045999095051751 ], [ -155.837647236716748, 20.045934876286672 ], [ -155.837615705459513, 20.045925688785214 ], [ -155.837511330437252, 20.045953220044964 ], [ -155.837472486678081, 20.045934876291422 ], [ -155.83743848666785, 20.045845376269856 ], [ -155.83743364291459, 20.045774313752144 ], [ -155.837377830400442, 20.045716969989247 ], [ -155.837358424145975, 20.045710063738053 ], [ -155.837246767871676, 20.045723844994537 ], [ -155.837198174109801, 20.045687126236636 ], [ -155.837171517849157, 20.045531157448185 ], [ -155.837122955336014, 20.045453188679929 ], [ -155.836994361556691, 20.045425657426502 ], [ -155.836967642800147, 20.045405001172035 ], [ -155.836967642797703, 20.045324719901878 ], [ -155.836938486539111, 20.045253626134809 ], [ -155.836889955277201, 20.045216938626908 ], [ -155.836758892748065, 20.045212344879314 ], [ -155.83666664272576, 20.045150407366268 ], [ -155.836576861452073, 20.045024251087021 ], [ -155.836554986444582, 20.044939376066292 ], [ -155.836530736438192, 20.044904969808311 ], [ -155.836508892679291, 20.044771938525489 ], [ -155.83646033016592, 20.044684782254912 ], [ -155.836470048917533, 20.044668719750618 ], [ -155.836535580181021, 20.044634313490185 ], [ -155.836530736428074, 20.044572375974763 ], [ -155.836516173923428, 20.044526500963642 ], [ -155.836482173914732, 20.044487500954766 ], [ -155.836482173913737, 20.044455407196704 ], [ -155.836496736416137, 20.044427875939398 ], [ -155.836559861430203, 20.044430157188252 ], [ -155.836593830186985, 20.04440725093157 ], [ -155.836564705178318, 20.044333844663928 ], [ -155.836528298919546, 20.044310907159151 ], [ -155.836448205151356, 20.044294844657298 ], [ -155.836419080143997, 20.044265032150598 ], [ -155.836399673887286, 20.044187032131536 ], [ -155.836321986366642, 20.044072344604839 ], [ -155.836321986365789, 20.04404481334792 ], [ -155.836343830119176, 20.043996657085234 ], [ -155.836334142615073, 20.043932438319363 ], [ -155.836181236331896, 20.043955375829281 ], [ -155.83612779881949, 20.043937000826112 ], [ -155.835953048777384, 20.043824657052642 ], [ -155.835829267500401, 20.043838375809457 ], [ -155.835783142489959, 20.043831500808984 ], [ -155.835737017477896, 20.043769594544681 ], [ -155.835693329967427, 20.043744344539526 ], [ -155.83568364245906, 20.043540188238506 ], [ -155.83566420495427, 20.043524125734997 ], [ -155.835603548690273, 20.043505781982045 ], [ -155.835540423674871, 20.043457625721665 ], [ -155.835470048653974, 20.043283281929789 ], [ -155.835288017359943, 20.043161719404203 ], [ -155.835183642332936, 20.043033281874763 ], [ -155.835147204822789, 20.042964469358477 ], [ -155.8351326735675, 20.04289793809216 ], [ -155.835142361068392, 20.042856656831521 ], [ -155.835091392306055, 20.042822250574268 ], [ -155.835088954803581, 20.042758000558191 ], [ -155.835052548544411, 20.042721313049967 ], [ -155.834996736031769, 20.042712156799183 ], [ -155.834880236006569, 20.042732781807533 ], [ -155.834843829748053, 20.042716750554494 ], [ -155.83487779850114, 20.04256993801669 ], [ -155.834877798499207, 20.042508000501133 ], [ -155.83485839224403, 20.042478187994174 ], [ -155.834727298462724, 20.042404781729292 ], [ -155.83461323593724, 20.04239559423009 ], [ -155.834554985924854, 20.042413969236289 ], [ -155.834518579666678, 20.04240937548612 ], [ -155.834518579663893, 20.042317625463077 ], [ -155.834387517129784, 20.042150156674573 ], [ -155.834346235869873, 20.042124937919354 ], [ -155.834263704601909, 20.042136406674484 ], [ -155.83425886085044, 20.042122656671161 ], [ -155.834239454595775, 20.042111187918803 ], [ -155.834229735842598, 20.042076750410416 ], [ -155.834183610830308, 20.042007969144397 ], [ -155.834054954548748, 20.041907031622532 ], [ -155.833972454530453, 20.041907031624778 ], [ -155.833931204522315, 20.041939125383955 ], [ -155.833875360759947, 20.041939125385472 ], [ -155.833865642007339, 20.041925375382291 ], [ -155.833865642004611, 20.041835906609812 ], [ -155.833851079500874, 20.041817562855599 ], [ -155.833851079500306, 20.041799219100994 ], [ -155.833809829489923, 20.041757937841744 ], [ -155.833749141975545, 20.041728125335911 ], [ -155.833751579473926, 20.041657000317969 ], [ -155.833737016969877, 20.041629469061451 ], [ -155.833686048208392, 20.041622594061113 ], [ -155.833576798184481, 20.041631781566387 ], [ -155.833545266926734, 20.041606531560898 ], [ -155.833540423174981, 20.041583594055275 ], [ -155.833440891900608, 20.041507906538964 ], [ -155.83327342311361, 20.041510219044099 ], [ -155.833198173095866, 20.041475812787503 ], [ -155.83315932933624, 20.041441375279909 ], [ -155.833088954317503, 20.041338156505887 ], [ -155.832931173024122, 20.041060625190461 ], [ -155.832720016717673, 20.040741781366112 ], [ -155.832686016706788, 20.040631687589372 ], [ -155.83272245421125, 20.040512406308423 ], [ -155.83272245420838, 20.040418343784793 ], [ -155.832699266701326, 20.040356718769946 ], [ -155.83403254815363, 20.037301155466196 ], [ -155.834062266909115, 20.037264342956131 ], [ -155.834062266899736, 20.036956967878925 ], [ -155.834028266882086, 20.036624342796298 ], [ -155.834025860624649, 20.036397217739314 ], [ -155.834016141871246, 20.036355967729207 ], [ -155.834011298114149, 20.036158686429793 ], [ -155.834020985614302, 20.036092155162823 ], [ -155.834008860611164, 20.036078405159692 ], [ -155.834011298105935, 20.035887998861796 ], [ -155.833999141852615, 20.035867373856956 ], [ -155.833999141849745, 20.035773311333312 ], [ -155.833982173092977, 20.035674686309008 ], [ -155.833967579325559, 20.035206748691873 ], [ -155.833957891822621, 20.035181498685777 ], [ -155.833943329312092, 20.034940623625676 ], [ -155.83389964179338, 20.034644717302537 ], [ -155.833783141758516, 20.034346529730804 ], [ -155.833705454238356, 20.034250185958715 ], [ -155.833656922976331, 20.03420659219908 ], [ -155.833630204219077, 20.034162998438855 ], [ -155.833372922903948, 20.033894623378433 ], [ -155.833307391636595, 20.033800560856591 ], [ -155.833239422869781, 20.033743217094024 ], [ -155.833033110316649, 20.033497779537985 ], [ -155.832817110262113, 20.033277560738536 ], [ -155.832722453986918, 20.033137623205953 ], [ -155.83221270385738, 20.032589373082093 ], [ -155.832176297597641, 20.032534310569247 ], [ -155.832050110065637, 20.03240127928926 ], [ -155.831982141297402, 20.032295748014597 ], [ -155.831836485010939, 20.032158122983986 ], [ -155.831681172470752, 20.031967747940381 ], [ -155.831608359952611, 20.031901216675646 ], [ -155.831472422417363, 20.031731466636703 ], [ -155.831346203635718, 20.031609872859583 ], [ -155.831020953552184, 20.031231372773352 ], [ -155.830897172271023, 20.031107497745602 ], [ -155.830637453453789, 20.030788653922553 ], [ -155.830377734637437, 20.030497310106433 ], [ -155.830156890831859, 20.030277091307113 ], [ -155.829962703281581, 20.030038528752463 ], [ -155.829933578274591, 20.030020153748644 ], [ -155.829673859457728, 20.029712778678483 ], [ -155.829331609370939, 20.029350309846734 ], [ -155.829380171879336, 20.029272341075821 ], [ -155.829423859387532, 20.029224153562538 ], [ -155.829489390648121, 20.0290957160285 ], [ -155.829520953154258, 20.029068153520718 ], [ -155.829579203163604, 20.028951215989771 ], [ -155.829693265683943, 20.028788278445731 ], [ -155.829812234453499, 20.028565809636628 ], [ -155.829877703215061, 20.028469434610646 ], [ -155.829919015723107, 20.028432747100307 ], [ -155.829996671985839, 20.028285965811325 ], [ -155.830011234486335, 20.028196465788447 ], [ -155.829979703225916, 20.02808405951107 ], [ -155.829741828156415, 20.027528903128093 ], [ -155.829753984408796, 20.027519715625445 ], [ -155.829644734378405, 20.027315559327139 ], [ -155.829608328119349, 20.027283434320058 ], [ -155.829540359354127, 20.027276559320175 ], [ -155.828649577893543, 20.026838402984296 ], [ -155.828622890389454, 20.026898059250005 ], [ -155.829503953097998, 20.027340778087289 ], [ -155.829768546928705, 20.028067965762766 ], [ -155.829795203185711, 20.02810468452126 ], [ -155.829819515694794, 20.028226278301144 ], [ -155.82979767194243, 20.028306559571913 ], [ -155.829341328112349, 20.028997059757732 ], [ -155.829326765610659, 20.02904752852081 ], [ -155.829258796848677, 20.029148466048014 ], [ -155.829246671847358, 20.02919434105986 ], [ -155.829224828093089, 20.029212684815057 ], [ -155.829205421838736, 20.029210403565017 ], [ -155.828986953033109, 20.028971809761018 ], [ -155.828914140513973, 20.02887318473822 ], [ -155.828851046748639, 20.028827309728417 ], [ -155.828773359230496, 20.028797497223028 ], [ -155.828455390405026, 20.028630028439604 ], [ -155.828035484056358, 20.028441903403749 ], [ -155.827921421529112, 20.028377684640716 ], [ -155.82788985902198, 20.028373090890415 ], [ -155.827770921493766, 20.028311153378088 ], [ -155.82769567147642, 20.028288247124387 ], [ -155.827588890200957, 20.028228559612288 ], [ -155.827479671425692, 20.028191872106039 ], [ -155.827355890146293, 20.028127622093258 ], [ -155.827314608886525, 20.028106997089193 ], [ -155.82730248388313, 20.028084059583762 ], [ -155.827159265099539, 20.028022122072091 ], [ -155.827134983844104, 20.028019840822182 ], [ -155.826984515058399, 20.027941809556669 ], [ -155.826914108792124, 20.027918872052819 ], [ -155.826851015026762, 20.027872997043005 ], [ -155.826671389984284, 20.027783528275414 ], [ -155.827025765043089, 20.027136621853295 ], [ -155.828185984066693, 20.027687184460088 ], [ -155.828210234070923, 20.027648184449628 ], [ -155.828200546568212, 20.02762984069529 ], [ -155.826996640034309, 20.027060934335079 ], [ -155.826605858719148, 20.027762903272013 ], [ -155.826552452456838, 20.027746840769424 ], [ -155.826268452389399, 20.02759771573967 ], [ -155.826210202376018, 20.027581653237227 ], [ -155.826195639872253, 20.027563309483011 ], [ -155.826147108611281, 20.027556434482598 ], [ -155.826047608587572, 20.027501371971468 ], [ -155.825906827304578, 20.02744174696031 ], [ -155.825838858539072, 20.027425684458123 ], [ -155.825678671001469, 20.02735684069518 ], [ -155.825503920961467, 20.027313278188984 ], [ -155.825154389633809, 20.027304090696163 ], [ -155.825132545879455, 20.02732015320079 ], [ -155.825035452108466, 20.027336215707461 ], [ -155.824858264571361, 20.027407309480129 ], [ -155.824642233276961, 20.027519715764221 ], [ -155.824567014512098, 20.027579372031255 ], [ -155.824554858259205, 20.027572497029848 ], [ -155.824550014508588, 20.027588528284017 ], [ -155.824489295746275, 20.027625278294895 ], [ -155.82421263944201, 20.027854653360016 ], [ -155.824195639438358, 20.027859247111639 ], [ -155.823875233124937, 20.028106997182558 ], [ -155.823836420617624, 20.028148278443989 ], [ -155.823671358084425, 20.028258403476141 ], [ -155.82350876430246, 20.028391434763964 ], [ -155.823421389284562, 20.028439622278437 ], [ -155.823394670529723, 20.028474028537804 ], [ -155.823394670530405, 20.028496966043573 ], [ -155.823210201743734, 20.028634622333154 ], [ -155.823195639240168, 20.028623091080654 ], [ -155.823195639237667, 20.028540559809922 ], [ -155.823212639239273, 20.028469434791599 ], [ -155.823217482986081, 20.028329497256323 ], [ -155.823059701694319, 20.028104684704118 ], [ -155.82303301418662, 20.02804505968987 ], [ -155.823035451681477, 20.027859247143137 ], [ -155.823142232943496, 20.027476153294003 ], [ -155.823144670442474, 20.027425684531259 ], [ -155.823299982963164, 20.026973746913519 ], [ -155.823355826722434, 20.026872809386656 ], [ -155.82338010797551, 20.026797121866981 ], [ -155.823414107981506, 20.02674665310338 ], [ -155.823423795482483, 20.026707653093318 ], [ -155.823486920493451, 20.026608996816822 ], [ -155.823518451748043, 20.026530996796374 ], [ -155.823525732996075, 20.026411715516215 ], [ -155.823496607986385, 20.026306215490507 ], [ -155.823363107947472, 20.025996496666338 ], [ -155.823326701685204, 20.025858871632757 ], [ -155.823329139181112, 20.025707465344659 ], [ -155.823409232940918, 20.025445934026788 ], [ -155.823404389188767, 20.025409246517704 ], [ -155.823443232946346, 20.025377121508583 ], [ -155.823435951693966, 20.02535187150243 ], [ -155.823455357946756, 20.025301402739231 ], [ -155.823440764191417, 20.025232590222345 ], [ -155.823445639191732, 20.025207371465878 ], [ -155.823389795422969, 20.024996308914375 ], [ -155.823380107918098, 20.024906840142162 ], [ -155.823392232918735, 20.024840308875131 ], [ -155.823382514161324, 20.024668246332169 ], [ -155.823321857894058, 20.024539777551549 ], [ -155.823083982834163, 20.024303496248653 ], [ -155.823093701585663, 20.024280558742621 ], [ -155.823071857830655, 20.024275996242075 ], [ -155.82305485782598, 20.024246152485041 ], [ -155.823006295314599, 20.024225496231164 ], [ -155.822870389029504, 20.024060339943375 ], [ -155.822838826521973, 20.024041996189617 ], [ -155.822797576511135, 20.023986933676909 ], [ -155.822783014006745, 20.023947933667507 ], [ -155.822741732746692, 20.023918121161138 ], [ -155.822724701491808, 20.023881402402377 ], [ -155.822695638984612, 20.023856152396821 ], [ -155.8226106702121, 20.023734589868596 ], [ -155.822586420206193, 20.023716246114653 ], [ -155.822557295198067, 20.0236611836016 ], [ -155.822554857694087, 20.023548746073427 ], [ -155.822440763915154, 20.02342715229598 ], [ -155.822399513904202, 20.023367527282137 ], [ -155.822353388890804, 20.023262027256873 ], [ -155.822341263884596, 20.023147308478389 ], [ -155.822353388885205, 20.023078495960778 ], [ -155.822394670142103, 20.023005058441214 ], [ -155.822462607655666, 20.022956902177267 ], [ -155.822622826434952, 20.022752714621632 ], [ -155.822688357697501, 20.022688495853725 ], [ -155.82274173270369, 20.022502683305607 ], [ -155.82274173270045, 20.022394839528516 ], [ -155.822729607696346, 20.02234896451732 ], [ -155.822736888946338, 20.022296214503875 ], [ -155.822724701442723, 20.022266370746713 ], [ -155.822683482682351, 20.02222508948746 ], [ -155.822530576396701, 20.022165433226615 ], [ -155.822474732632628, 20.022110370714309 ], [ -155.822474732631406, 20.022069089453932 ], [ -155.822494170134661, 20.022034683194768 ], [ -155.822579138900778, 20.02194521441999 ], [ -155.822574263896996, 20.021858026898215 ], [ -155.82255729514182, 20.021809870636584 ], [ -155.822566982641433, 20.02172727686558 ], [ -155.822605826398387, 20.021672214350687 ], [ -155.822678638913516, 20.021640089340647 ], [ -155.822812138942936, 20.021635495585866 ], [ -155.823045138993308, 20.021594214319173 ], [ -155.823137389013709, 20.021594214316675 ], [ -155.823156795268318, 20.021605683069026 ], [ -155.823185920274653, 20.02160108931708 ], [ -155.823210201527928, 20.021532276799139 ], [ -155.823188357771727, 20.021486401788209 ], [ -155.823198045271766, 20.021417558020659 ], [ -155.823105826498534, 20.021325808000114 ], [ -155.823083982742389, 20.021282214239754 ], [ -155.823076701488759, 20.021215682973239 ], [ -155.823108232743152, 20.021130807951064 ], [ -155.823142232749859, 20.021103276693225 ], [ -155.823215045266039, 20.02110555794183 ], [ -155.823283014031659, 20.021123932944601 ], [ -155.823299982785016, 20.021110151690678 ], [ -155.823299982784306, 20.021087214184917 ], [ -155.823219920265046, 20.021036745424407 ], [ -155.823198045258948, 20.020995464164635 ], [ -155.823207764009936, 20.02095646415458 ], [ -155.823275732774164, 20.020928932895817 ], [ -155.823299982778735, 20.020903682888818 ], [ -155.823299982777343, 20.020857807877285 ], [ -155.823241732763137, 20.020814214117923 ], [ -155.823173795247982, 20.020811932869194 ], [ -155.823166513995687, 20.020788995363628 ], [ -155.823181076498145, 20.020763745356891 ], [ -155.823222326506567, 20.020740807850014 ], [ -155.823227201506199, 20.020692620337773 ], [ -155.823273295265693, 20.020669682830764 ], [ -155.823273295264812, 20.020639870323276 ], [ -155.823290295267952, 20.020619245317629 ], [ -155.823273295261913, 20.020545807799646 ], [ -155.823331545273078, 20.020488464033665 ], [ -155.823338826522956, 20.020431120269063 ], [ -155.823319420264795, 20.020302651487324 ], [ -155.823224763991874, 20.020238401473751 ], [ -155.8231762014791, 20.020171870208355 ], [ -155.823149513971373, 20.020112213944095 ], [ -155.823144670217772, 20.020029651423492 ], [ -155.823176201472535, 20.01995621390418 ], [ -155.823210201478588, 20.019908057641167 ], [ -155.823365545258838, 20.019770401352378 ], [ -155.82337523275956, 20.019724526340593 ], [ -155.823326701496796, 20.019657995075193 ], [ -155.823329138996343, 20.01962587006706 ], [ -155.823399514009708, 20.01955246379671 ], [ -155.823448045269913, 20.019534120040802 ], [ -155.823525732784276, 20.019440057515055 ], [ -155.823530607783937, 20.019394182503401 ], [ -155.823523326530619, 20.01933911998977 ], [ -155.823460201513797, 20.019245057467856 ], [ -155.823445639009151, 20.019196869956144 ], [ -155.823452920259143, 20.019144119942698 ], [ -155.82336310773502, 20.019004151159979 ], [ -155.823258732709405, 20.018921588642069 ], [ -155.823161638936767, 20.018884869885486 ], [ -155.822948045137878, 20.018832119878027 ], [ -155.822843701366821, 20.01889865114757 ], [ -155.822780576352784, 20.018898651149282 ], [ -155.822710201336662, 20.018880276146579 ], [ -155.822494170038141, 20.018857338646679 ], [ -155.822467451281682, 20.0188389948928 ], [ -155.822462607529474, 20.018802276133702 ], [ -155.822501451287053, 20.018767869874008 ], [ -155.822620388813448, 20.018770151121352 ], [ -155.822724701334494, 20.018703651101813 ], [ -155.822783013845566, 20.018641713584685 ], [ -155.822787857596097, 20.018623338579935 ], [ -155.822751451336131, 20.018561401065366 ], [ -155.822763576336371, 20.018481119794867 ], [ -155.822739326329696, 20.018437526034582 ], [ -155.822751451328543, 20.018311307252549 ], [ -155.822848545094672, 20.018134682205549 ], [ -155.82290435760487, 20.018063557186167 ], [ -155.822892232599969, 20.01799015091806 ], [ -155.8228995138507, 20.017962619660949 ], [ -155.822826701329603, 20.017797463371437 ], [ -155.822826701328637, 20.017765338363372 ], [ -155.822889795089111, 20.017650650832849 ], [ -155.822999013860908, 20.017572619560294 ], [ -155.823045138869531, 20.017519869545779 ], [ -155.823064576372531, 20.017476275784315 ], [ -155.82313010763545, 20.017423494519274 ], [ -155.82317620139213, 20.017308806989217 ], [ -155.823171357640234, 20.017281275732437 ], [ -155.823064576362754, 20.017155088203637 ], [ -155.823035451352041, 20.017015150669277 ], [ -155.82306457635525, 20.016907306891405 ], [ -155.823098545111492, 20.016866025630108 ], [ -155.823096107608933, 20.016799494363461 ], [ -155.823161638870232, 20.016693963085178 ], [ -155.823151951364679, 20.016581556807207 ], [ -155.823132513858496, 20.016519619292172 ], [ -155.823132513856734, 20.016462244277765 ], [ -155.823159232610095, 20.016377369255725 ], [ -155.823185920115094, 20.016347556747508 ], [ -155.823219920120181, 20.016267244226416 ], [ -155.823227201369633, 20.016196119208352 ], [ -155.823253888874689, 20.016168587950716 ], [ -155.823299982631738, 20.016063025422952 ], [ -155.823450513908909, 20.01586118161817 ], [ -155.823482045165349, 20.015842837862706 ], [ -155.823506326420897, 20.015849712863776 ], [ -155.823547576429263, 20.015824494106315 ], [ -155.823647045201739, 20.015838275357076 ], [ -155.823722326469323, 20.015868056612522 ], [ -155.823986920277918, 20.015868056605338 ], [ -155.82409854530178, 20.015840556595407 ], [ -155.824149514063038, 20.015840556594021 ], [ -155.824219920330677, 20.015907056608814 ], [ -155.82437285786412, 20.015893337851221 ], [ -155.824443201630146, 20.015909369103341 ], [ -155.824472357887259, 20.015929994107733 ], [ -155.824477201638899, 20.015948400362227 ], [ -155.824719920439975, 20.015861181583727 ], [ -155.824904389231449, 20.015881837833916 ], [ -155.824943232989398, 20.015861181577669 ], [ -155.824977201745668, 20.015819900316377 ], [ -155.825054889257927, 20.015656994023356 ], [ -155.82505488925537, 20.01557211900203 ], [ -155.825035451749812, 20.015530806492183 ], [ -155.825035451747368, 20.015450525222018 ], [ -155.825059733000501, 20.015377118952927 ], [ -155.825139826768236, 20.015377118950756 ], [ -155.825149576770684, 20.015386275202793 ], [ -155.825190795528101, 20.015328931437264 ], [ -155.825198076777241, 20.015248650166907 ], [ -155.825215108029681, 20.015205056405495 ], [ -155.825263608038739, 20.015149993890347 ], [ -155.825287858043737, 20.015136212636229 ], [ -155.825326733050446, 20.015074243869609 ], [ -155.825290326789059, 20.01496418134295 ], [ -155.825290326787353, 20.01490911882912 ], [ -155.825331545543321, 20.014805868802071 ], [ -155.825331545539711, 20.014686556272103 ], [ -155.825414108055128, 20.014592493746239 ], [ -155.825423795553064, 20.014452556210831 ], [ -155.825409233048816, 20.014420431203146 ], [ -155.825375233040546, 20.014395212447742 ], [ -155.825125264232952, 20.014321774936075 ], [ -155.825098576725395, 20.014266743672984 ], [ -155.825076701720207, 20.014255243670689 ], [ -155.824994201698303, 20.014135962392956 ], [ -155.825006326695274, 20.013947837345388 ], [ -155.824986920440637, 20.013936368593026 ], [ -155.824957795431487, 20.013846899821345 ], [ -155.824962639180086, 20.013766587301038 ], [ -155.825023326690882, 20.013679399777498 ], [ -155.825103420457253, 20.013633524763808 ], [ -155.825190795476601, 20.013633524761438 ], [ -155.825249045488022, 20.013585337247751 ], [ -155.825253920486858, 20.013511930979181 ], [ -155.825287857990844, 20.013394930948877 ], [ -155.825287857989366, 20.013346743436763 ], [ -155.825227201724402, 20.013296274675739 ], [ -155.825200545465805, 20.013206805903984 ], [ -155.825130107946904, 20.013099024628833 ], [ -155.824986920411732, 20.012984274603888 ], [ -155.824969920406403, 20.012933774591662 ], [ -155.824965076650898, 20.012786962054921 ], [ -155.824921389136904, 20.012644712020379 ], [ -155.824831576614372, 20.01255749325091 ], [ -155.824831576613747, 20.012536899495746 ], [ -155.824860701619514, 20.012513961989193 ], [ -155.824948076638293, 20.012495586982205 ], [ -155.82501604540127, 20.01242677446308 ], [ -155.825074295411156, 20.012328118186719 ], [ -155.825093701659938, 20.012146868140661 ], [ -155.825224764186942, 20.012080336870405 ], [ -155.825219920434051, 20.012020680605549 ], [ -155.825113107909687, 20.011997743102686 ], [ -155.825076701650829, 20.011970211846755 ], [ -155.825086420400424, 20.01188533682517 ], [ -155.825103420403622, 20.011866993070104 ], [ -155.825149576663591, 20.011860086817116 ], [ -155.825251514187357, 20.011899118074155 ], [ -155.825334014205623, 20.011899118071916 ], [ -155.825421389224232, 20.011873868063216 ], [ -155.825523326747145, 20.011885336813318 ], [ -155.825550014252684, 20.011873868059723 ], [ -155.825596139263013, 20.011878461809619 ], [ -155.825659233026101, 20.011848618050411 ], [ -155.825715076786793, 20.011793555535071 ], [ -155.825705358033616, 20.011759149276688 ], [ -155.825671389274873, 20.011720149267809 ], [ -155.825676233025149, 20.01169261801077 ], [ -155.825734483036683, 20.011649024248236 ], [ -155.825770920544983, 20.011655899248979 ], [ -155.82580973305474, 20.011694899257719 ], [ -155.825836451810233, 20.011681118003537 ], [ -155.82595051433205, 20.011566430471635 ], [ -155.82596023308318, 20.011534305463311 ], [ -155.826016045593519, 20.011467774195079 ], [ -155.826033045594841, 20.011387492924452 ], [ -155.826006326837955, 20.011355367917105 ], [ -155.825926233068628, 20.011302586656029 ], [ -155.825918951816533, 20.011286524152183 ], [ -155.825923826816336, 20.011245211641675 ], [ -155.825889826807071, 20.011187867878203 ], [ -155.825783045532262, 20.011148867871295 ], [ -155.825707795512443, 20.011045649097415 ], [ -155.825685951752689, 20.010882742807102 ], [ -155.825649545492666, 20.010818492791945 ], [ -155.825574295475178, 20.010790992787072 ], [ -155.825438389195, 20.010786399039613 ], [ -155.825399545435914, 20.010772617787204 ], [ -155.825326732918285, 20.010722149026503 ], [ -155.825224764142575, 20.010618899003337 ], [ -155.825142295370142, 20.010481211470992 ], [ -155.825142295369517, 20.010460617715818 ], [ -155.82519807662851, 20.010350492686641 ], [ -155.825190795375107, 20.010290836421859 ], [ -155.825156857864982, 20.01020593015145 ], [ -155.825176232867904, 20.010160055139401 ], [ -155.825200545372581, 20.01013711763299 ], [ -155.825205357870118, 20.010020117603474 ], [ -155.825234482874947, 20.009967336339422 ], [ -155.825253920378771, 20.009951273834858 ], [ -155.825372826653961, 20.00991458632242 ], [ -155.825404357910116, 20.009887055064649 ], [ -155.825465076673225, 20.00987555506012 ], [ -155.825525764185443, 20.009836555048679 ], [ -155.825613139203909, 20.009806742538814 ], [ -155.825712639226424, 20.009822836290166 ], [ -155.825729639230531, 20.009834273792571 ], [ -155.825834014251598, 20.009767773773039 ], [ -155.825875264259082, 20.009712680008082 ], [ -155.82587770175715, 20.009632367487843 ], [ -155.825933514268456, 20.009595679977117 ], [ -155.82594807676918, 20.009515367456544 ], [ -155.82588254550177, 20.009419023684124 ], [ -155.825855857993702, 20.009347898666991 ], [ -155.825865576745514, 20.009336429913844 ], [ -155.825855857993105, 20.009327242411803 ], [ -155.825846139239673, 20.00928596115169 ], [ -155.82585585798995, 20.009224023635877 ], [ -155.825887420495604, 20.009180398624064 ], [ -155.825938389256009, 20.009150586115197 ], [ -155.82601604552309, 20.009148273612499 ], [ -155.826030608027111, 20.009173523618458 ], [ -155.826088858038958, 20.009139117358227 ], [ -155.826122889294965, 20.009088648594631 ], [ -155.826166514303651, 20.009056523585382 ], [ -155.826244201820856, 20.009056523583276 ], [ -155.826261170574327, 20.009047336080503 ], [ -155.826283045577497, 20.008992273566093 ], [ -155.826263639318881, 20.008850054780883 ], [ -155.826297608074128, 20.008776617261518 ], [ -155.826389826842075, 20.008694023488271 ], [ -155.826467514355983, 20.008586210959088 ], [ -155.826469951852602, 20.008455429676182 ], [ -155.826484483104906, 20.008425585918289 ], [ -155.826569451871421, 20.008349867146965 ], [ -155.826695670643147, 20.008145710842268 ], [ -155.826746639403098, 20.008102085829933 ], [ -155.826758764404957, 20.008074554572687 ], [ -155.82683160816984, 20.008033273310346 ], [ -155.826969951946893, 20.007916273277203 ], [ -155.82700148320356, 20.007904773273463 ], [ -155.827013639455402, 20.00787724201621 ], [ -155.827013639453924, 20.007829085754121 ], [ -155.826996639449135, 20.007794679495944 ], [ -155.826931108182805, 20.007735023232726 ], [ -155.826884983169549, 20.00763405445862 ], [ -155.826880139409411, 20.007335804383846 ], [ -155.826838889398175, 20.007266991867681 ], [ -155.826831608145369, 20.007227991858088 ], [ -155.826739358121131, 20.007101741828887 ], [ -155.826719951865357, 20.007053616817323 ], [ -155.826724795614439, 20.00698705430047 ], [ -155.826809733127789, 20.006808116753231 ], [ -155.826800045623713, 20.006743866737352 ], [ -155.826766045614931, 20.006702585477907 ], [ -155.826766045613937, 20.006670460469831 ], [ -155.826792764369316, 20.006652116714509 ], [ -155.826792764368349, 20.006619991706433 ], [ -155.826758764359852, 20.006587866699292 ], [ -155.826763639359569, 20.006544272938211 ], [ -155.82673935810314, 20.006509866680233 ], [ -155.826734514349994, 20.006441022913073 ], [ -155.826710233093991, 20.006420366658535 ], [ -155.826620420574244, 20.006424960412129 ], [ -155.826557326808768, 20.006374491651162 ], [ -155.826520920550678, 20.006374491652153 ], [ -155.826486920543744, 20.00639280415767 ], [ -155.826409264276833, 20.006404304162665 ], [ -155.826307326753692, 20.006383679160251 ], [ -155.826215076732069, 20.006344679152956 ], [ -155.826178670472245, 20.006287304139533 ], [ -155.826105857955298, 20.006259772884587 ], [ -155.825931107916404, 20.006252897887606 ], [ -155.825819451640314, 20.00620699162911 ], [ -155.825751482873784, 20.006158835368854 ], [ -155.825722357867164, 20.006151960367912 ], [ -155.825700514112725, 20.006165710371967 ], [ -155.825673826606817, 20.006165710372692 ], [ -155.825637420347675, 20.006131304115026 ], [ -155.825559732830214, 20.006122116614822 ], [ -155.825462639059424, 20.006145054123223 ], [ -155.825319451527747, 20.006145054127106 ], [ -155.825083982724124, 20.006096866621395 ], [ -155.825003920204978, 20.006048710361473 ], [ -155.824911670180484, 20.005915616580548 ], [ -155.824892232673193, 20.005816991556301 ], [ -155.824800013894617, 20.005548522741371 ], [ -155.824770888882483, 20.005360397694908 ], [ -155.824710201363246, 20.005169991398738 ], [ -155.824710201361142, 20.005101147631446 ], [ -155.824685951352308, 20.004986428853293 ], [ -155.824685951349494, 20.004894647580237 ], [ -155.824666513844306, 20.004864835073271 ], [ -155.82467138884283, 20.004779928801817 ], [ -155.824664107588376, 20.00468586627839 ], [ -155.824685951341451, 20.004628522513396 ], [ -155.824727201342483, 20.00436236619543 ], [ -155.824753888845919, 20.004279772423963 ], [ -155.824744201343123, 20.004259116169038 ], [ -155.824758763844613, 20.004201772404233 ], [ -155.824802451351246, 20.004100834877704 ], [ -155.824819451352852, 20.004029678609374 ], [ -155.824853420108752, 20.0039769285952 ], [ -155.824899545113567, 20.003800241049575 ], [ -155.824943232621308, 20.003736022282261 ], [ -155.82499420137836, 20.003596053495727 ], [ -155.825047607637941, 20.003522647225839 ], [ -155.825088857644147, 20.003426272200514 ], [ -155.825122826400843, 20.003398740942679 ], [ -155.825166513906908, 20.003279428411535 ], [ -155.825477201464111, 20.00289855330745 ], [ -155.825523326473387, 20.002866459548141 ], [ -155.8255524514787, 20.002829740788126 ], [ -155.825651951500305, 20.002815990781979 ], [ -155.825787889027481, 20.002719615754092 ], [ -155.825804889031303, 20.0027218970042 ], [ -155.825819451533619, 20.002692084496314 ], [ -155.82587285779482, 20.002671428239687 ], [ -155.825986920317774, 20.00259570946757 ], [ -155.82615923285536, 20.002577365708287 ], [ -155.826176232858785, 20.002565896954948 ], [ -155.826278201631368, 20.002565896952184 ], [ -155.826448107920442, 20.002614053209669 ], [ -155.826482076678673, 20.00263702196451 ], [ -155.826501482934077, 20.00267374072321 ], [ -155.826542764194244, 20.002708146980737 ], [ -155.826554889197979, 20.002742553239045 ], [ -155.826651982970986, 20.002793021999082 ], [ -155.826705357982462, 20.002781553244763 ], [ -155.826768482993543, 20.002685209468858 ], [ -155.826778201743423, 20.002611771950143 ], [ -155.826800045496526, 20.002554396935142 ], [ -155.826812170494776, 20.00240758439794 ], [ -155.826860701753162, 20.002329553127026 ], [ -155.826875295505033, 20.00228599061569 ], [ -155.826943233018937, 20.002246990604057 ], [ -155.826982076776034, 20.002198771840884 ], [ -155.827016045533327, 20.002189615587671 ], [ -155.827198108068671, 20.00202670929183 ], [ -155.827283045586086, 20.00198083427799 ], [ -155.827355889348951, 20.001872990498931 ], [ -155.827387420602548, 20.001762865470425 ], [ -155.827474795616439, 20.001581615422538 ], [ -155.827491795612815, 20.00133842786099 ], [ -155.827513639363588, 20.001205334076978 ], [ -155.827542764368076, 20.001141084060055 ], [ -155.827591295619527, 20.000833646481521 ], [ -155.827584045616845, 20.000799177723056 ], [ -155.827596170618619, 20.000769396465255 ], [ -155.827593733112053, 20.000569771415186 ], [ -155.827579170607407, 20.000523927654069 ], [ -155.827567045597647, 20.000289865095599 ], [ -155.827535483088184, 20.000209552576287 ], [ -155.827535483084489, 20.00008795879576 ], [ -155.827729670622574, 19.999925052499584 ], [ -155.827758795627204, 19.999865396233798 ], [ -155.827800045635371, 19.999833271224624 ], [ -155.827841326892155, 19.999755271203913 ], [ -155.827846170640839, 19.999677239934183 ], [ -155.827831608135114, 19.999594646163835 ], [ -155.827809764378571, 19.999539583650598 ], [ -155.82777335811943, 19.999502864892357 ], [ -155.827729670609131, 19.999482239888358 ], [ -155.827710233104, 19.999454708631969 ], [ -155.827719951854277, 19.999392739866156 ], [ -155.827756358109554, 19.999300958592112 ], [ -155.827756358107195, 19.999222958572531 ], [ -155.827702951841445, 19.999094489791716 ], [ -155.827717514342083, 19.999009552269982 ], [ -155.827690826834981, 19.998970583510921 ], [ -155.827700545583753, 19.998858145982414 ], [ -155.827579170545818, 19.998493333394084 ], [ -155.827581608043431, 19.998396958369817 ], [ -155.827603451797387, 19.998369427112305 ], [ -155.827666545560902, 19.998353364606565 ], [ -155.827690826814603, 19.998298302092081 ], [ -155.82769082681159, 19.998199614567294 ], [ -155.827666545555047, 19.998160645808163 ], [ -155.827605889290453, 19.998121645800008 ], [ -155.827499076763388, 19.998009208274667 ], [ -155.827511201763912, 19.997938083256479 ], [ -155.827530639268076, 19.997933489504806 ], [ -155.827562170523066, 19.997866958237239 ], [ -155.827630139286612, 19.997818801973299 ], [ -155.827690826800051, 19.997818801971651 ], [ -155.827732076810264, 19.99785317697917 ], [ -155.82776120181677, 19.997855458228955 ], [ -155.827787920573229, 19.997873864482848 ], [ -155.827829170582277, 19.997871583231156 ], [ -155.827952951857384, 19.99779583320878 ], [ -155.828122858144326, 19.997772864448407 ], [ -155.828137420646812, 19.997749926942252 ], [ -155.828098608136685, 19.997697176930053 ], [ -155.827977233107589, 19.997626020665471 ], [ -155.827933545596693, 19.997584739406289 ], [ -155.827766076809553, 19.997582458160256 ], [ -155.827736951802564, 19.997564083156426 ], [ -155.827763639307676, 19.997538833149367 ], [ -155.827858295577869, 19.997513614390467 ], [ -155.827933545594391, 19.997509020637278 ], [ -155.827955389348887, 19.9974975518838 ], [ -155.827962670599931, 19.997479208129 ], [ -155.827952951847038, 19.997453958122914 ], [ -155.827766076804892, 19.997428708121642 ], [ -155.827736951797647, 19.997401176865516 ], [ -155.827729670545239, 19.997375958109384 ], [ -155.827756358050721, 19.997362176855194 ], [ -155.827790326806706, 19.997311708091605 ], [ -155.827790326804973, 19.997254333077191 ], [ -155.827768483049425, 19.997231395572026 ], [ -155.827719951788026, 19.997208458067579 ], [ -155.827639858019978, 19.997199270567442 ], [ -155.827418982971494, 19.997213051826886 ], [ -155.827338889202935, 19.997185489322145 ], [ -155.82730488919438, 19.99715108306442 ], [ -155.827297607939329, 19.997038645536378 ], [ -155.827219951669349, 19.996946895515446 ], [ -155.82721507666173, 19.99673120796141 ], [ -155.827224795413059, 19.996703676704232 ], [ -155.827251482918712, 19.996694489201193 ], [ -155.827317045430846, 19.996616489179832 ], [ -155.82730248292529, 19.996540770411212 ], [ -155.8271447016362, 19.99640308288091 ], [ -155.827246639157238, 19.996352614115469 ], [ -155.827278201663404, 19.996325082857702 ], [ -155.827280639159852, 19.996189707823635 ], [ -155.827249076648116, 19.996033676535298 ], [ -155.827224795392482, 19.996024489033655 ], [ -155.827181107883547, 19.996049739041187 ], [ -155.827117982869282, 19.996040520290588 ], [ -155.827101014115016, 19.996022207786442 ], [ -155.827108295364525, 19.995953364018956 ], [ -155.827171420375834, 19.995866207745355 ], [ -155.827239357889823, 19.995831770234862 ], [ -155.827297607900761, 19.995767551467154 ], [ -155.827341295409468, 19.995735395207895 ], [ -155.827384982916982, 19.995664270188847 ], [ -155.827358295408629, 19.995583988919407 ], [ -155.827287920391115, 19.99551973890518 ], [ -155.827263639134486, 19.995478426395465 ], [ -155.827268482883738, 19.995418770130346 ], [ -155.827190826614668, 19.995356801366896 ], [ -155.827115576596952, 19.995322395110293 ], [ -155.82702576407732, 19.995329301364453 ], [ -155.827006357822683, 19.995317801362098 ], [ -155.826986982816436, 19.995253551346494 ], [ -155.826965076560754, 19.995226020090175 ], [ -155.826916545298985, 19.995193895083414 ], [ -155.826860701536248, 19.99518014508147 ], [ -155.8267879202713, 19.99521914509323 ], [ -155.826705357756367, 19.99532930137314 ], [ -155.82665682649656, 19.99535911388195 ], [ -155.826574295228255, 19.995359113884181 ], [ -155.82648207645704, 19.995331582629774 ], [ -155.82638498268264, 19.995237488858777 ], [ -155.826348576424039, 19.995219145105139 ], [ -155.826297607661076, 19.995164082592709 ], [ -155.82624660764904, 19.995138832587742 ], [ -155.826210201390012, 19.995106738830668 ], [ -155.826205388887587, 19.99506311381985 ], [ -155.826268451399329, 19.994989707549699 ], [ -155.826270920148886, 19.994955270040986 ], [ -155.826246607642616, 19.994927738784732 ], [ -155.826176232626068, 19.994895613778564 ], [ -155.826117982611805, 19.994849707518625 ], [ -155.826045170092527, 19.994746488744667 ], [ -155.825982076328074, 19.994730426242349 ], [ -155.825962670072926, 19.994702894985956 ], [ -155.825972357574159, 19.994673051228197 ], [ -155.8259383888157, 19.994640957471063 ], [ -155.82583885754417, 19.994656988727787 ], [ -155.825807295037947, 19.994682238734988 ], [ -155.825787888785158, 19.994732707498187 ], [ -155.825734482523643, 19.994741863751926 ], [ -155.825695670014568, 19.994725832498958 ], [ -155.825664107506526, 19.994691426241172 ], [ -155.825651951252638, 19.994652426231703 ], [ -155.825613138742568, 19.994604238720662 ], [ -155.825554888726288, 19.994491801193991 ], [ -155.825474794951845, 19.994271519890841 ], [ -155.825472357438741, 19.993856238536619 ], [ -155.825503919939592, 19.993654300985046 ], [ -155.825503919937347, 19.993580894716608 ], [ -155.825567013692762, 19.993298675894025 ], [ -155.825564576190772, 19.993250488381989 ], [ -155.825625263698583, 19.993064613333665 ], [ -155.82562770119759, 19.993014175820925 ], [ -155.825647107450692, 19.992975144560599 ], [ -155.82572963871749, 19.992926957046254 ], [ -155.825719919963944, 19.992881050785002 ], [ -155.825625263689062, 19.992750269504707 ], [ -155.825625263681673, 19.992507050693636 ], [ -155.825637419933912, 19.992493269439837 ], [ -155.825634982429875, 19.992376269410531 ], [ -155.825664107428224, 19.992110113092895 ], [ -155.825671388679694, 19.992105519341543 ], [ -155.825690794930011, 19.991974738058175 ], [ -155.825746638686638, 19.991784269258826 ], [ -155.82575632618591, 19.991690206734937 ], [ -155.825802451191436, 19.99153645669508 ], [ -155.825841294942421, 19.991284081630635 ], [ -155.825872857445859, 19.991167050350398 ], [ -155.825894701193704, 19.990937612792177 ], [ -155.825933513695588, 19.990715018985235 ], [ -155.825950513698416, 19.990685206477284 ], [ -155.825957794948295, 19.990627831462678 ], [ -155.826006326203668, 19.990451143916985 ], [ -155.826033044955267, 19.990308893880538 ], [ -155.82607673246153, 19.990196456351121 ], [ -155.826091294960293, 19.990049612563848 ], [ -155.826115607464004, 19.98999455004936 ], [ -155.826115607461929, 19.989925706282065 ], [ -155.826142263716036, 19.989866050016367 ], [ -155.826147107465005, 19.989797206248937 ], [ -155.826176232470118, 19.989753612487203 ], [ -155.826219951229035, 19.989728362479681 ], [ -155.826278201242076, 19.989732987479261 ], [ -155.826324295001115, 19.989693956218215 ], [ -155.826392263765399, 19.989668706210033 ], [ -155.82644323252461, 19.989599862441359 ], [ -155.82650148253623, 19.989558581179409 ], [ -155.826567013800712, 19.989558581177633 ], [ -155.826642263818201, 19.989586112432509 ], [ -155.826722357585169, 19.989560862424003 ], [ -155.826734513837408, 19.989544799919639 ], [ -155.826729638833456, 19.989450737396147 ], [ -155.826744201336368, 19.989439237392858 ], [ -155.826853451360449, 19.989436956139329 ], [ -155.826945670131778, 19.989466799894331 ], [ -155.827003920144051, 19.989446143637558 ], [ -155.827016045146166, 19.989427768632613 ], [ -155.827074295158042, 19.9893933623724 ], [ -155.827091295161011, 19.989368112365597 ], [ -155.827168982678018, 19.98936123736177 ], [ -155.827207795187462, 19.98938876861763 ], [ -155.827215076439728, 19.989411737373199 ], [ -155.827244201446177, 19.989411737372411 ], [ -155.827377701473381, 19.989333706099202 ], [ -155.827601014022179, 19.989313049837957 ], [ -155.827666545285439, 19.989271768575819 ], [ -155.827671420284219, 19.989196018556658 ], [ -155.827647139027448, 19.989150143545793 ], [ -155.827647139025146, 19.989074424776774 ], [ -155.827756357794613, 19.988918393484642 ], [ -155.827773357796417, 19.988854143468039 ], [ -155.82781220155303, 19.98878761220028 ], [ -155.827836451556209, 19.988716455931751 ], [ -155.827819451548834, 19.988597143402252 ], [ -155.827766076534232, 19.988505362130645 ], [ -155.827739357774789, 19.988388330851986 ], [ -155.827763639029172, 19.988356237093264 ], [ -155.827797639036476, 19.988349330840609 ], [ -155.827899576559531, 19.98836539334188 ], [ -155.828081607849299, 19.988347049582334 ], [ -155.828125295359854, 19.988376862088639 ], [ -155.828331607905056, 19.988360799579016 ], [ -155.828360732911079, 19.98834704957477 ], [ -155.82841170167427, 19.988411299589522 ], [ -155.828479670440601, 19.988452580848055 ], [ -155.828503951695467, 19.988436518343356 ], [ -155.828496670442377, 19.988388330831459 ], [ -155.828513639196473, 19.988397518333297 ], [ -155.82853307670041, 19.988386049579901 ], [ -155.828579201711477, 19.988413580835559 ], [ -155.828695701737246, 19.9884135808324 ], [ -155.828817045513205, 19.988383737071619 ], [ -155.828889889277775, 19.988333268306974 ], [ -155.828894733028449, 19.988319487053381 ], [ -155.828880170523007, 19.988246080785341 ], [ -155.828928701779859, 19.988117580751748 ], [ -155.828914139275071, 19.988067143239487 ], [ -155.828897170520548, 19.988041861983593 ], [ -155.828889889267316, 19.987989080720546 ], [ -155.828940858026186, 19.987908736948977 ], [ -155.828960264278749, 19.987851455684073 ], [ -155.829006389288139, 19.987823861925893 ], [ -155.829113170560902, 19.987796330666079 ], [ -155.829142295566754, 19.987775705660113 ], [ -155.829200545579624, 19.987775705658532 ], [ -155.829253951842389, 19.987805518164574 ], [ -155.829326764358569, 19.987807799413172 ], [ -155.829375295618547, 19.987782580655526 ], [ -155.829428701878754, 19.98772979939082 ], [ -155.829457826885118, 19.987727486889451 ], [ -155.829479670639103, 19.987697674381369 ], [ -155.829579201910747, 19.987686205625796 ], [ -155.829637451924668, 19.987720611882857 ], [ -155.82973454570029, 19.987855955664223 ], [ -155.829819514470643, 19.987906518174608 ], [ -155.829831639473866, 19.987924830678878 ], [ -155.829892264487427, 19.987929424428394 ], [ -155.829991827008996, 19.987913361921656 ], [ -155.830059795772712, 19.98786976815887 ], [ -155.830069483273803, 19.987835361899961 ], [ -155.830054920768021, 19.987750455629037 ], [ -155.82998210824951, 19.987672424361413 ], [ -155.829940858237109, 19.987564580585452 ], [ -155.829870483218969, 19.987479705566042 ], [ -155.829877701965017, 19.987296111769741 ], [ -155.829889889467296, 19.987282361765949 ], [ -155.829928670726076, 19.987289236766635 ], [ -155.829996670740115, 19.987254799256142 ], [ -155.830016108243541, 19.987227267998701 ], [ -155.829889889459366, 19.987020767950266 ], [ -155.829870483203308, 19.986963392936392 ], [ -155.829880170703461, 19.986896861669411 ], [ -155.829894733206174, 19.986880799164982 ], [ -155.830047639489123, 19.986850986653359 ], [ -155.830088920746874, 19.98680508039071 ], [ -155.830132608254047, 19.986722486618781 ], [ -155.830164170760241, 19.986697236611587 ], [ -155.830287952037395, 19.986688049105922 ], [ -155.830321920793864, 19.98665364284636 ], [ -155.830370452051881, 19.986564142822573 ], [ -155.830365608300383, 19.986550361569243 ], [ -155.830426295809161, 19.986396642778992 ], [ -155.830523389577593, 19.986295674001006 ], [ -155.830523389572988, 19.986144236462977 ], [ -155.830472420810111, 19.986091455201102 ], [ -155.830479702060757, 19.986059330192841 ], [ -155.830528233319654, 19.985997361425959 ], [ -155.830574358328732, 19.985960673915493 ], [ -155.830620452086691, 19.985887236395804 ], [ -155.830720014605703, 19.985786267617751 ], [ -155.830746702108229, 19.98567614258938 ], [ -155.830773389612716, 19.985627955076549 ], [ -155.83083645212551, 19.985591236315624 ], [ -155.830921452143741, 19.985570580058127 ], [ -155.830991827158357, 19.985538455048157 ], [ -155.831033108415852, 19.985485673783781 ], [ -155.831127764681753, 19.985318173739156 ], [ -155.831137452180826, 19.985217204963536 ], [ -155.831178733439486, 19.985201142458383 ], [ -155.831234545951702, 19.985196548705723 ], [ -155.831258827206199, 19.985169017448147 ], [ -155.831253952203127, 19.985102486181567 ], [ -155.831173889680656, 19.984946454894558 ], [ -155.831135045921258, 19.984918892388681 ], [ -155.83103795214879, 19.984886767383248 ], [ -155.830817077094935, 19.984723861098328 ], [ -155.83077579583437, 19.98467567358734 ], [ -155.830783077084078, 19.984613736071587 ], [ -155.830831639593328, 19.984563236057593 ], [ -155.830860764598043, 19.9845058610424 ], [ -155.831074358394886, 19.984492111033155 ], [ -155.831118045904844, 19.984501267284276 ], [ -155.831149608410215, 19.98444848602016 ], [ -155.831135045906649, 19.984437017267677 ], [ -155.831013670880111, 19.984448486023847 ], [ -155.83094329586433, 19.984441611024028 ], [ -155.830940858362965, 19.984414079767177 ], [ -155.830952983365307, 19.984402611013973 ], [ -155.831020952130331, 19.984402611012129 ], [ -155.831042795884827, 19.984391142258662 ], [ -155.831050077134989, 19.984342954746356 ], [ -155.831011233374767, 19.984290173484158 ], [ -155.83097242086555, 19.984269517230018 ], [ -155.830933577107032, 19.984271829731657 ], [ -155.83082188958565, 19.98438195476233 ], [ -155.830588920787164, 19.984482923544011 ], [ -155.830540389526391, 19.984482923545325 ], [ -155.830433577001372, 19.984437017286687 ], [ -155.830025795661584, 19.984453079801774 ], [ -155.829996670654793, 19.984441611049682 ], [ -155.829940858140333, 19.984372736033897 ], [ -155.829904451879969, 19.984297048515874 ], [ -155.829838920613014, 19.984214454746908 ], [ -155.829836483111023, 19.984168548485449 ], [ -155.829775826845633, 19.984102048470394 ], [ -155.829775826844639, 19.984069892212311 ], [ -155.829807358100084, 19.984019392198775 ], [ -155.829802483098291, 19.983996485943159 ], [ -155.829766076839775, 19.983980392190105 ], [ -155.829540358040305, 19.983996485950261 ], [ -155.829462701771206, 19.983934485936793 ], [ -155.829418983007798, 19.983810579656861 ], [ -155.829365607992912, 19.983709642132961 ], [ -155.829319482977525, 19.983537517090983 ], [ -155.829290357969398, 19.983482454577953 ], [ -155.829171420439138, 19.983353985798914 ], [ -155.829081607918113, 19.983317235792114 ], [ -155.829081607916891, 19.983275954531749 ], [ -155.829054920410016, 19.983243798274398 ], [ -155.829045201656356, 19.983193360761987 ], [ -155.829025795401066, 19.983161204504441 ], [ -155.828899576620756, 19.983083235738281 ], [ -155.828846170357508, 19.983034954477603 ], [ -155.828836451603792, 19.982984516965196 ], [ -155.828787920340488, 19.982899610695203 ], [ -155.828763670331853, 19.982791766918769 ], [ -155.828775795333968, 19.982773423163831 ], [ -155.828756389078222, 19.982725235652257 ], [ -155.828756389076744, 19.982677016890154 ], [ -155.828792764081328, 19.982562298110359 ], [ -155.828736951564565, 19.982417735575567 ], [ -155.828698107804513, 19.982369548064518 ], [ -155.82866657654705, 19.982353485561337 ], [ -155.828506357761029, 19.982335173061081 ], [ -155.828484514001701, 19.982185985524204 ], [ -155.828467545247321, 19.982165329269478 ], [ -155.828467545243541, 19.982041422988363 ], [ -155.828501513999612, 19.981993235475347 ], [ -155.828518513999569, 19.981867016693183 ], [ -155.828564639004412, 19.981690329147568 ], [ -155.828642295266718, 19.981529704105128 ], [ -155.828710264028899, 19.981435610329658 ], [ -155.828787920290949, 19.981265797784904 ], [ -155.828882607808168, 19.981141891501228 ], [ -155.828928701565758, 19.981054735228089 ], [ -155.829016076583258, 19.980995047710731 ], [ -155.829064639093588, 19.980981266455956 ], [ -155.829098607850113, 19.980949172696985 ], [ -155.829088889094947, 19.980850485172454 ], [ -155.829074326590728, 19.980816047664206 ], [ -155.829074326577853, 19.980391547557609 ], [ -155.829127732833001, 19.980171235000839 ], [ -155.829127732831381, 19.980118484987585 ], [ -155.829147139084597, 19.980081734977833 ], [ -155.829212701591729, 19.979838516164975 ], [ -155.82926607660076, 19.979746734890487 ], [ -155.829266076599851, 19.979716891132991 ], [ -155.829312201607479, 19.979631984860422 ], [ -155.829351045362046, 19.979498891075941 ], [ -155.829472389135077, 19.979372703540974 ], [ -155.829467545383295, 19.97934970353532 ], [ -155.829496670389915, 19.979354328535695 ], [ -155.829513670393339, 19.979342859782356 ], [ -155.829503951639424, 19.979285484768212 ], [ -155.829516076640459, 19.979230422254059 ], [ -155.829569482899473, 19.979138640979567 ], [ -155.829605889156511, 19.979104203469923 ], [ -155.829642295412754, 19.979044547203959 ], [ -155.82972967043014, 19.978980297185466 ], [ -155.829787951691259, 19.978920672168908 ], [ -155.829821920448495, 19.978911453415673 ], [ -155.829843764201996, 19.978867828404123 ], [ -155.829877701708597, 19.978838015895722 ], [ -155.829921389217844, 19.97882423464107 ], [ -155.830025795488808, 19.978753109620389 ], [ -155.830057357995713, 19.978750828368955 ], [ -155.830181139271303, 19.978691172100632 ], [ -155.830224826779897, 19.978654422090212 ], [ -155.830268514289259, 19.978645265836732 ], [ -155.830397170567863, 19.978649859584397 ], [ -155.830467545586089, 19.978737047104385 ], [ -155.830467545587197, 19.978773765863604 ], [ -155.830491826843001, 19.978787547116415 ], [ -155.830516108099374, 19.978819672123816 ], [ -155.830525795602739, 19.978860984633929 ], [ -155.830569483114033, 19.978913734645996 ], [ -155.830571920615313, 19.97893898465227 ], [ -155.830630170629775, 19.978989484663376 ], [ -155.83070545189662, 19.978996359663064 ], [ -155.830778201914342, 19.979049140924346 ], [ -155.830809795672366, 19.979083515932118 ], [ -155.830914170695735, 19.979092734681611 ], [ -155.831003951968398, 19.97918451595222 ], [ -155.831008826970191, 19.979207484707857 ], [ -155.83103067072534, 19.979218953460148 ], [ -155.831023389476258, 19.979301547231085 ], [ -155.831013670724502, 19.979315328484805 ], [ -155.831045233232317, 19.979342859740871 ], [ -155.831103483245158, 19.979340547238706 ], [ -155.831200577015039, 19.979287765972824 ], [ -155.831256389527482, 19.979290078471887 ], [ -155.831283108283941, 19.979308453475781 ], [ -155.831290389536179, 19.979329078480763 ], [ -155.831358327051561, 19.979340547231796 ], [ -155.831375327054104, 19.979299265970976 ], [ -155.831278233279619, 19.979200578448832 ], [ -155.83127823327888, 19.97917764094306 ], [ -155.831348639542114, 19.979099609671557 ], [ -155.831343764537849, 19.978994047145189 ], [ -155.831421452050819, 19.978854078357937 ], [ -155.831423889546102, 19.978681984564652 ], [ -155.831452983301659, 19.978652140806368 ], [ -155.831462702052931, 19.97862232829862 ], [ -155.831443295797499, 19.97858560953992 ], [ -155.831334077020841, 19.978502984522137 ], [ -155.831268545754284, 19.978436453257196 ], [ -155.831042795695254, 19.978138140688404 ], [ -155.83104038944316, 19.978085359425222 ], [ -155.831101045704372, 19.978011921905132 ], [ -155.831098639452819, 19.977979796897138 ], [ -155.831020951934249, 19.977933890637711 ], [ -155.83103067068194, 19.977787046850572 ], [ -155.831042795683544, 19.977750296841009 ], [ -155.831088920693901, 19.97775492184093 ], [ -155.83112288945091, 19.977738859335972 ], [ -155.831186014459718, 19.977569046791626 ], [ -155.831258826971663, 19.977431359255082 ], [ -155.8312952332289, 19.977403796747158 ], [ -155.831385045748561, 19.977396921743004 ], [ -155.831443295761886, 19.977410702994881 ], [ -155.831486983272157, 19.9774313592489 ], [ -155.831508827030149, 19.977534609274226 ], [ -155.831530670784502, 19.977518546769605 ], [ -155.831562264541446, 19.977516265518176 ], [ -155.831574358293267, 19.977488734260938 ], [ -155.83160835830077, 19.977488734260014 ], [ -155.831637452058146, 19.97751854676671 ], [ -155.831695733324239, 19.977624109291643 ], [ -155.831802514600497, 19.977711296810643 ], [ -155.831836483357193, 19.977683765552811 ], [ -155.83187292086555, 19.977692953054131 ], [ -155.831892327120471, 19.977713609308783 ], [ -155.831923889627859, 19.977727359311388 ], [ -155.831948170884829, 19.977780140573984 ], [ -155.831984545893079, 19.97778704682473 ], [ -155.832118045921248, 19.977741140559587 ], [ -155.832171452183985, 19.97777098431564 ], [ -155.832181170935769, 19.977759484312479 ], [ -155.83224426469954, 19.97775260930905 ], [ -155.832270983454919, 19.977736546804291 ], [ -155.832321952215892, 19.977725078050028 ], [ -155.832348639721204, 19.977704421794119 ], [ -155.832351077221148, 19.977686078039447 ], [ -155.832387483477532, 19.977630984274629 ], [ -155.832370483473341, 19.97761723427163 ], [ -155.832385045976451, 19.977612640520093 ], [ -155.832409327230067, 19.977555265505028 ], [ -155.832453014739542, 19.977548390502111 ], [ -155.832460295988767, 19.97746807798174 ], [ -155.832506389747891, 19.977433640471848 ], [ -155.832511264747779, 19.97739464046192 ], [ -155.832467577237423, 19.977371702957345 ], [ -155.832467577236514, 19.97734185919985 ], [ -155.832569514758376, 19.977318921691339 ], [ -155.832569514754624, 19.97719498416021 ], [ -155.832530702244526, 19.977144515398592 ], [ -155.83242635846949, 19.977080265385286 ], [ -155.832409327215004, 19.977057327879987 ], [ -155.832409327213583, 19.977011421618457 ], [ -155.832389952207706, 19.976958640355715 ], [ -155.83234135844603, 19.976928796599548 ], [ -155.832283108432904, 19.976919609098822 ], [ -155.832266108428342, 19.976894390342945 ], [ -155.832258827175423, 19.976850765332188 ], [ -155.832205452160991, 19.976763577811745 ], [ -155.832164170900569, 19.976722265302485 ], [ -155.832086514632238, 19.976683296544802 ], [ -155.832071952128473, 19.976667202791155 ], [ -155.832054952124679, 19.976664921541047 ], [ -155.832040389620119, 19.976621296530485 ], [ -155.83200882711256, 19.97660295277673 ], [ -155.831894764587673, 19.976614421532698 ], [ -155.831766108306823, 19.976536390266595 ], [ -155.831727264545805, 19.976456077747482 ], [ -155.83170301453967, 19.976430827741794 ], [ -155.831557389505377, 19.976361983978453 ], [ -155.831535514499848, 19.976341358973865 ], [ -155.831414170716073, 19.976111858919523 ], [ -155.831409326962813, 19.976038452651224 ], [ -155.831440858218627, 19.976001733891145 ], [ -155.831462701971134, 19.975923702620957 ], [ -155.831450576966773, 19.975868640107464 ], [ -155.831297670677486, 19.975689640066655 ], [ -155.831244264412192, 19.975574890039283 ], [ -155.831234545657821, 19.975501483771108 ], [ -155.83123698315481, 19.97538442124165 ], [ -155.83126854566018, 19.975331639977544 ], [ -155.831409326930299, 19.974966764882112 ], [ -155.831423889427754, 19.974776327333888 ], [ -155.831462701928302, 19.974510108515986 ], [ -155.831491826922104, 19.974092483410328 ], [ -155.831518576927579, 19.974078733406156 ], [ -155.831618045700282, 19.974101639659214 ], [ -155.831642295704881, 19.974076452152236 ], [ -155.831635014452075, 19.974037389642621 ], [ -155.831567076935613, 19.973989202132362 ], [ -155.831562264434126, 19.973975452129036 ], [ -155.831591389439808, 19.973950202121905 ], [ -155.831710295715339, 19.973924952112352 ], [ -155.831775826980277, 19.973938733364029 ], [ -155.831821951992367, 19.974000670878329 ], [ -155.831831639495419, 19.974030514635565 ], [ -155.831877764505521, 19.974028233383748 ], [ -155.831897170758936, 19.973998389625727 ], [ -155.831870483250867, 19.97392723335858 ], [ -155.831841358242968, 19.973879045847269 ], [ -155.83192388951025, 19.973846920836962 ], [ -155.832054952039329, 19.973849233333993 ], [ -155.832113202052994, 19.973874483338761 ], [ -155.83217629582029, 19.973984608364702 ], [ -155.832219983330589, 19.974005264618711 ], [ -155.832246702086508, 19.974005264617983 ], [ -155.832287952094845, 19.973977733359952 ], [ -155.832329233351203, 19.973888233336361 ], [ -155.832317077095837, 19.973798733314219 ], [ -155.832324358346028, 19.9737528583025 ], [ -155.832406889610724, 19.973633514520298 ], [ -155.832545233387151, 19.973495795731971 ], [ -155.832588952144675, 19.973424701962934 ], [ -155.832571920889166, 19.973367326948985 ], [ -155.832496702120892, 19.973314545687771 ], [ -155.832426358353047, 19.97323879567066 ], [ -155.832409327097594, 19.973183733157292 ], [ -155.832406889594864, 19.973110295638911 ], [ -155.832423889597209, 19.973064389376926 ], [ -155.832470045855359, 19.972995545608384 ], [ -155.83253070211768, 19.972958826847531 ], [ -155.832550077121113, 19.972931295590094 ], [ -155.832770983417305, 19.972841795561624 ], [ -155.832889920943614, 19.972841795558399 ], [ -155.832931170953572, 19.972869358064209 ], [ -155.832999139721494, 19.972963420585994 ], [ -155.833091358494954, 19.97306438935885 ], [ -155.83313263975478, 19.973087358113499 ], [ -155.833210296024134, 19.973158483129261 ], [ -155.833200608522674, 19.973181451885281 ], [ -155.833227296029236, 19.973202076889745 ], [ -155.833246702284839, 19.973245701900165 ], [ -155.833246702286573, 19.973303045664572 ], [ -155.833210296030813, 19.973378795684575 ], [ -155.833215171034027, 19.973449920702297 ], [ -155.833244296042494, 19.973516483218233 ], [ -155.833246702293991, 19.973548576976224 ], [ -155.833324389809491, 19.973491233209717 ], [ -155.833336514810981, 19.973452233199588 ], [ -155.833416608578204, 19.973436170693397 ], [ -155.833499139846424, 19.973433858190578 ], [ -155.833593796116361, 19.973399451929371 ], [ -155.833654483628436, 19.973355858166784 ], [ -155.833700608636207, 19.973275514395361 ], [ -155.833766139900547, 19.973270951892442 ], [ -155.833792827406882, 19.97328467064516 ], [ -155.833824389913019, 19.9732571706374 ], [ -155.833863233669433, 19.973183733117914 ], [ -155.833953014939425, 19.973188326866627 ], [ -155.833972452443106, 19.973167670610913 ], [ -155.834006421200399, 19.973160795608273 ], [ -155.834018577451786, 19.973117201846993 ], [ -155.83398945244403, 19.973073576836832 ], [ -155.833991858692883, 19.973018483072927 ], [ -155.834054952456512, 19.973007014318334 ], [ -155.834098671217333, 19.973046045576957 ], [ -155.834120514971346, 19.973018483069445 ], [ -155.834135077474571, 19.973018483069048 ], [ -155.83405010870257, 19.97291295179485 ], [ -155.83404770244718, 19.972752326754577 ], [ -155.834147202465516, 19.972630701721343 ], [ -155.834210327477933, 19.972580201706954 ], [ -155.834338952505931, 19.972564139199445 ], [ -155.834365671261281, 19.972545764194102 ], [ -155.834450608780372, 19.972554951694111 ], [ -155.834508858795004, 19.972612326706933 ], [ -155.834574390064176, 19.97276607674377 ], [ -155.834596233819838, 19.972793608000092 ], [ -155.834627796327311, 19.972809670503267 ], [ -155.834627796327993, 19.972832639259035 ], [ -155.834647202582318, 19.972832639258513 ], [ -155.834647202581607, 19.972809670502745 ], [ -155.834661765084206, 19.972789014247159 ], [ -155.834652077579761, 19.972713295478407 ], [ -155.834676327584589, 19.97269495172316 ], [ -155.834703046340564, 19.972697232972994 ], [ -155.8347540151033, 19.972745420483715 ], [ -155.834836546372003, 19.972759201734942 ], [ -155.834860796376518, 19.972731670477376 ], [ -155.834868077626936, 19.972692639217371 ], [ -155.834797702608853, 19.97261001419853 ], [ -155.834768577599817, 19.972525139178011 ], [ -155.834770983849467, 19.972495295420451 ], [ -155.835037983902083, 19.972281889109638 ], [ -155.835079265160601, 19.972261232853331 ], [ -155.835122952670304, 19.972261232852148 ], [ -155.835159358929872, 19.97231170161383 ], [ -155.835183640185761, 19.972327795367203 ], [ -155.835190921438027, 19.972350732872783 ], [ -155.835217608943935, 19.972350732872062 ], [ -155.835261296454235, 19.97237135787605 ], [ -155.835304983963965, 19.972373670375447 ], [ -155.835392358981522, 19.972313982858097 ], [ -155.835472452749173, 19.972311701605349 ], [ -155.835528296512734, 19.972350732863639 ], [ -155.835661796543775, 19.972401201622695 ], [ -155.835661796544343, 19.972419545377296 ], [ -155.835676359047795, 19.972426451628642 ], [ -155.835766171566945, 19.97240348287043 ], [ -155.836023452870762, 19.97230023283754 ], [ -155.836164202901642, 19.972291045331424 ], [ -155.836227327916419, 19.972316295336057 ], [ -155.836275827928375, 19.972357607845112 ], [ -155.836285577931818, 19.972398920355229 ], [ -155.83628310918445, 19.972504482881792 ], [ -155.836365671704812, 19.972573295396835 ], [ -155.836462765476284, 19.972573295394206 ], [ -155.83658170300464, 19.972639857907701 ], [ -155.83664967177171, 19.972706420422572 ], [ -155.836727328038648, 19.972699545418745 ], [ -155.836831703060028, 19.972642170401514 ], [ -155.836967640589137, 19.972610014139747 ], [ -155.837122953123583, 19.972612326636124 ], [ -155.837263734405553, 19.972639857889227 ], [ -155.837336546923325, 19.972692639150505 ], [ -155.83739967193813, 19.972720201655715 ], [ -155.837555015722671, 19.972727076653236 ], [ -155.837630234490661, 19.972770670412139 ], [ -155.837635109491487, 19.9727614829097 ], [ -155.837703078258045, 19.972811982920543 ], [ -155.837768609524574, 19.972878514185471 ], [ -155.837792859531817, 19.972940482950374 ], [ -155.837792859532954, 19.9729772017096 ], [ -155.837773453279766, 19.973013920469342 ], [ -155.837715203268942, 19.973082764238203 ], [ -155.837567140738514, 19.973160795511813 ], [ -155.837550171986351, 19.973213576775528 ], [ -155.837603547003056, 19.973374201814412 ], [ -155.837647234515572, 19.973468295586855 ], [ -155.837686078275567, 19.973514201847333 ], [ -155.837843890812451, 19.97357845185919 ], [ -155.838001609600013, 19.973665639376808 ], [ -155.838130265878476, 19.973665639373323 ], [ -155.838331703420153, 19.973569264343666 ], [ -155.838545297217365, 19.973566983087309 ], [ -155.838559890970856, 19.973576139339212 ], [ -155.838598703477544, 19.973514201822603 ], [ -155.838588984722577, 19.97342010804924 ], [ -155.838656953486492, 19.973383389288177 ], [ -155.838690953492659, 19.973337451775723 ], [ -155.838698234742083, 19.973266358007674 ], [ -155.838717640995725, 19.973245701751956 ], [ -155.839004047305451, 19.97312404546366 ], [ -155.839470078659986, 19.973169982962563 ], [ -155.839474922410346, 19.973147014206667 ], [ -155.839528328670383, 19.973087357940237 ], [ -155.839530766170384, 19.973068982935562 ], [ -155.839579297428514, 19.972984076662922 ], [ -155.839644828691291, 19.972926732896756 ], [ -155.83978317247005, 19.97286476412744 ], [ -155.839817172476387, 19.97282573286672 ], [ -155.840171547548692, 19.972623795306411 ], [ -155.840251641314467, 19.972559545288107 ], [ -155.840324453829538, 19.9725251390275 ], [ -155.840360860086435, 19.972486139016716 ], [ -155.840387578842041, 19.972476951513691 ], [ -155.84049920386397, 19.972385138987608 ], [ -155.840598735133909, 19.972316295217624 ], [ -155.84062786014016, 19.972309420215119 ], [ -155.84072495391186, 19.972316295214213 ], [ -155.840802610178912, 19.972311701460949 ], [ -155.840875453940924, 19.972176295174975 ], [ -155.840931266451236, 19.972109763906762 ], [ -155.841021078968879, 19.97203632638589 ], [ -155.841254079016664, 19.971910107597878 ], [ -155.841324454030485, 19.97185270133156 ], [ -155.841501672814161, 19.971669170030669 ], [ -155.841552641575021, 19.971655388775829 ], [ -155.841649735346522, 19.9716553887732 ], [ -155.841703110357543, 19.971630138765416 ], [ -155.84183661038341, 19.971508513731255 ], [ -155.841892454145693, 19.971506232479172 ], [ -155.841899704146698, 19.971485576223788 ], [ -155.841984672915601, 19.97149016997264 ], [ -155.842086610438855, 19.971513107475634 ], [ -155.842324485494771, 19.97162098249628 ], [ -155.842467704276686, 19.971627857494131 ], [ -155.842477423028555, 19.97161866999156 ], [ -155.842474954276526, 19.971568201228958 ], [ -155.842416704262462, 19.971529169970729 ], [ -155.842370610501717, 19.971513107467949 ], [ -155.842309922986914, 19.971467201208061 ], [ -155.842312329235199, 19.971393763689559 ], [ -155.842331766738454, 19.971359357430384 ], [ -155.842445829261379, 19.971281326157708 ], [ -155.8425550792808, 19.971125263615566 ], [ -155.8426327355468, 19.97108626360367 ], [ -155.842688548058732, 19.971072482348692 ], [ -155.842754110570752, 19.970989888576174 ], [ -155.842834204336327, 19.970918732306139 ], [ -155.842860891841099, 19.970882013546198 ], [ -155.842909454350803, 19.970847607286245 ], [ -155.842957985607455, 19.970712201000921 ], [ -155.843169141898841, 19.970535513450844 ], [ -155.843212829406838, 19.970480450935831 ], [ -155.843300204424651, 19.970429950920785 ], [ -155.843453141954569, 19.970301419634371 ], [ -155.84345314195312, 19.970253232122268 ], [ -155.8434701419568, 19.970250950871243 ], [ -155.843450673199101, 19.970138513343532 ], [ -155.843443391943737, 19.970014575812602 ], [ -155.843465235698375, 19.970007700810289 ], [ -155.843474985700823, 19.970016888312337 ], [ -155.843482266950645, 19.969959513297724 ], [ -155.843618173226361, 19.969814919507744 ], [ -155.84366429823595, 19.969794263251309 ], [ -155.843758954506711, 19.96978738824701 ], [ -155.843960423295613, 19.969601513194885 ], [ -155.844028392059641, 19.969567075684402 ], [ -155.844193423346184, 19.969567075679926 ], [ -155.8442201733518, 19.969557919426904 ], [ -155.844300204616871, 19.969470700652828 ], [ -155.844358454628633, 19.969431700641454 ], [ -155.844414298389211, 19.969374325625541 ], [ -155.844608485932127, 19.969372013119706 ], [ -155.844817235974915, 19.969259575585816 ], [ -155.84492401724745, 19.969222856823698 ], [ -155.844933735999234, 19.969211388070566 ], [ -155.844924017246257, 19.969183856813903 ], [ -155.844987142256656, 19.96906679428281 ], [ -155.845030829765705, 19.969046106776425 ], [ -155.845055079770191, 19.969016325518293 ], [ -155.845232267306017, 19.968906169235833 ], [ -155.845292954818774, 19.96888320047842 ], [ -155.845380329835876, 19.968809762957616 ], [ -155.845402173589548, 19.968770762947234 ], [ -155.845513829861687, 19.968685856672892 ], [ -155.845572079872795, 19.968626200406334 ], [ -155.845586642376276, 19.968635356658236 ], [ -155.845584204875308, 19.96862160665485 ], [ -155.845613361130916, 19.968594044147142 ], [ -155.845674017393463, 19.968564231638009 ], [ -155.845712861150758, 19.968522919126588 ], [ -155.845897329937856, 19.968398981590468 ], [ -155.845907048689412, 19.968378356585024 ], [ -155.84610364248141, 19.968330137817592 ], [ -155.846312392527011, 19.968309481556748 ], [ -155.846421611299405, 19.968249856538829 ], [ -155.846453173805401, 19.968217700279894 ], [ -155.846608517589971, 19.968224575277407 ], [ -155.846686173855829, 19.968180981514351 ], [ -155.846875486395561, 19.968109856491367 ], [ -155.846890048898302, 19.968093731486924 ], [ -155.847064830185388, 19.968040950218942 ], [ -155.847110955194495, 19.968004262708472 ], [ -155.847436205263818, 19.967917075177773 ], [ -155.847472580272665, 19.967942325183131 ], [ -155.847533267788577, 19.968024950202228 ], [ -155.847550267794134, 19.968084606466743 ], [ -155.847591517804631, 19.968128200226577 ], [ -155.847870674116365, 19.968128200219009 ], [ -155.847897361622643, 19.968139668971169 ], [ -155.847919205377195, 19.968130481468272 ], [ -155.847977455391003, 19.968160325224179 ], [ -155.848149799179879, 19.96818557522586 ], [ -155.848353674225166, 19.968190168971482 ], [ -155.848382799231814, 19.968197075222431 ], [ -155.848557549270197, 19.968187856465381 ], [ -155.848732330556857, 19.968121325193934 ], [ -155.848802736822051, 19.968107543938569 ], [ -155.848870674337064, 19.968107543936728 ], [ -155.849004174365717, 19.96807773142562 ], [ -155.849326986936035, 19.968040950157643 ], [ -155.84937067444514, 19.968022637651863 ], [ -155.849426486956219, 19.967981325139981 ], [ -155.849492018221014, 19.967990512640501 ], [ -155.84957698699165, 19.968050168903179 ], [ -155.849669205763121, 19.968084606409324 ], [ -155.849749330780838, 19.968084606407153 ], [ -155.84989011205937, 19.967997387631446 ], [ -155.849938643319746, 19.96798588762724 ], [ -155.850001737082806, 19.967956075118046 ], [ -155.85010611210555, 19.96794460636233 ], [ -155.850273580890274, 19.967868887588786 ], [ -155.850370674660951, 19.967841356329242 ], [ -155.850601268458519, 19.967726606294178 ], [ -155.850768737244039, 19.967676106276958 ], [ -155.850914393524192, 19.967607262505734 ], [ -155.85113283107205, 19.967591199995777 ], [ -155.851358549870127, 19.967529231224098 ], [ -155.851438706136321, 19.967478762459255 ], [ -155.851496893646811, 19.967398449937512 ], [ -155.851552737407388, 19.967341043671592 ], [ -155.851591549913877, 19.967272231153263 ], [ -155.851715362438711, 19.96718729362858 ], [ -155.851739643692127, 19.967123043611792 ], [ -155.851788174950485, 19.967042731090313 ], [ -155.851873143716801, 19.966962387317839 ], [ -155.85191683122585, 19.966941731061468 ], [ -155.852115862519952, 19.966944043556659 ], [ -155.852144956275851, 19.966925731051269 ], [ -155.852157112524793, 19.96680176226981 ], [ -155.852174112527365, 19.96676273100956 ], [ -155.852343987558896, 19.966563105954833 ], [ -155.852375550065545, 19.966551605951086 ], [ -155.852438675079526, 19.96655160594938 ], [ -155.852586737615326, 19.966652605970722 ], [ -155.852688675137983, 19.966654887218528 ], [ -155.852734800147289, 19.966625043459789 ], [ -155.852793050155697, 19.966478168421329 ], [ -155.852868268920844, 19.966427699656617 ], [ -155.852865862669461, 19.966400168399776 ], [ -155.852831862660878, 19.966365730892051 ], [ -155.85283430015977, 19.966310637128149 ], [ -155.852790612648761, 19.966267043368394 ], [ -155.852778487644912, 19.966228043358932 ], [ -155.852814893900359, 19.966140824586041 ], [ -155.852861018909351, 19.966101824575002 ], [ -155.852955675178976, 19.966058230811491 ], [ -155.85300420643847, 19.966016918299804 ], [ -155.853127987714004, 19.965954949530893 ], [ -155.85328820649778, 19.965899855762711 ], [ -155.853482362787531, 19.965794293230957 ], [ -155.853564894053164, 19.965707105706819 ], [ -155.853603737809607, 19.9656359494379 ], [ -155.853695956577951, 19.965569386918702 ], [ -155.853763925342321, 19.9655464494111 ], [ -155.853868300365434, 19.965546449408265 ], [ -155.853904706622842, 19.965525793152086 ], [ -155.853970237887069, 19.965516605648009 ], [ -155.854033331653056, 19.965583168163018 ], [ -155.854079456663356, 19.96558544941233 ], [ -155.854302769208914, 19.965459230624592 ], [ -155.854295487951646, 19.965273355578127 ], [ -155.854314925455355, 19.965252699322413 ], [ -155.854399862973168, 19.965220574312042 ], [ -155.854462956736995, 19.965215980559176 ], [ -155.854516362999078, 19.965225168060044 ], [ -155.854555206757283, 19.965211386805532 ], [ -155.854581894261912, 19.965170074294431 ], [ -155.85461830051554, 19.965023199256574 ], [ -155.854613456762308, 19.964952074238834 ], [ -155.854657144268998, 19.964853386712875 ], [ -155.854657144268145, 19.964825855455974 ], [ -155.854761519286626, 19.964674386665102 ], [ -155.85476392553656, 19.964653730409857 ], [ -155.854817331796653, 19.964596355394008 ], [ -155.854851300552127, 19.96452979287638 ], [ -155.854943550569686, 19.96443569910025 ], [ -155.855057644338331, 19.964217699042425 ], [ -155.855069769339622, 19.964171792780569 ], [ -155.855137738101661, 19.964073105253952 ], [ -155.855365894394509, 19.963820667684395 ], [ -155.85555036318172, 19.963701323899432 ], [ -155.855746956970506, 19.963545261354913 ], [ -155.855766363224632, 19.963540698853254 ], [ -155.855887738247674, 19.96341444881827 ], [ -155.855924144503035, 19.963324948794806 ], [ -155.856011519518916, 19.96321251126421 ], [ -155.856069769527608, 19.96307251122748 ], [ -155.856069769523998, 19.962953167447523 ], [ -155.856030957013644, 19.962895792434171 ], [ -155.856009082005329, 19.96278104240595 ], [ -155.855984863248665, 19.962737448645658 ], [ -155.856004238248346, 19.962585979857106 ], [ -155.856040644502713, 19.962464354825585 ], [ -155.856098894512883, 19.962374854801531 ], [ -155.856120738265531, 19.962301417282511 ], [ -155.856171707024203, 19.9622164797598 ], [ -155.856229957035225, 19.962154510992661 ], [ -155.856254238288784, 19.962094854727027 ], [ -155.856346488305292, 19.961966354692272 ], [ -155.856397457065299, 19.961925042180521 ], [ -155.856465425829242, 19.961888323419451 ], [ -155.856475113330561, 19.961860760912273 ], [ -155.856516394589846, 19.961865385912315 ], [ -155.856598925857327, 19.961840104653724 ], [ -155.856812550901481, 19.961736854622021 ], [ -155.856945988429771, 19.961695542108028 ], [ -155.857006675942074, 19.961658823347168 ], [ -155.857021238438392, 19.96143160453973 ], [ -155.857040675940539, 19.961360479521339 ], [ -155.857089207199323, 19.961296198253887 ], [ -155.857193582220589, 19.961234260735512 ], [ -155.857222707225816, 19.961195229474928 ], [ -155.857225144718655, 19.960940479410898 ], [ -155.857242113471017, 19.960894573148924 ], [ -155.857351332242018, 19.960791323120034 ], [ -155.857382894747559, 19.960743104357071 ], [ -155.857467863514927, 19.960694916842677 ], [ -155.857484832267545, 19.960658198082996 ], [ -155.85762076979276, 19.960497573038985 ], [ -155.857628051043264, 19.960460823029564 ], [ -155.857647457297617, 19.960463135529611 ], [ -155.857649894798755, 19.960481479284152 ], [ -155.857836769834023, 19.960281822978963 ], [ -155.85789017609514, 19.960258885471767 ], [ -155.857979988615085, 19.960261166719892 ], [ -155.858103769893233, 19.960286447972894 ], [ -155.858353769948309, 19.960277229213798 ], [ -155.858433894964975, 19.960242822952992 ], [ -155.858438738715108, 19.960210697944799 ], [ -155.858380488699595, 19.960125760425054 ], [ -155.858380488695531, 19.959992666641632 ], [ -155.858351363688996, 19.959988072891278 ], [ -155.858322238680444, 19.959919229124782 ], [ -155.858319801177799, 19.959850354107544 ], [ -155.858356207434895, 19.959818229098495 ], [ -155.85838048868888, 19.959772322836312 ], [ -155.858373207435676, 19.959719541573261 ], [ -155.858344082428403, 19.959692010317145 ], [ -155.858356207430035, 19.959657604058176 ], [ -155.858414457441825, 19.959620854047376 ], [ -155.858492144956074, 19.959524479021066 ], [ -155.858506707458048, 19.959483166510307 ], [ -155.858504269955432, 19.959414322743083 ], [ -155.858487269950274, 19.959368416482018 ], [ -155.85845086369153, 19.959345478977248 ], [ -155.85838048867592, 19.959345478979156 ], [ -155.858351363668731, 19.959320228973613 ], [ -155.858618394977981, 19.959325166467615 ], [ -155.858516519925729, 19.95834563497446 ], [ -155.859253863803303, 19.957171415909681 ], [ -155.859894176428298, 19.956621040754165 ], [ -155.861058364168116, 19.956033915575219 ], [ -155.861349426724729, 19.955777071752863 ], [ -155.861291207942969, 19.955153290347837 ], [ -155.861465832934897, 19.953612071206191 ], [ -155.861213582854049, 19.95278647725576 ], [ -155.86129120786012, 19.952419539661534 ], [ -155.861524051648843, 19.951997539549296 ], [ -155.861970332989273, 19.951722351968122 ], [ -155.862474833096428, 19.951575570667604 ], [ -155.863406177057527, 19.95174066443381 ], [ -155.863600208349368, 19.95170397691934 ], [ -155.864550989788597, 19.95100678921856 ], [ -155.864803271073811, 19.950327914041303 ], [ -155.865346521179561, 19.949850882656836 ], [ -155.865521146204884, 19.949410538791561 ], [ -155.865753989997501, 19.949116976211556 ], [ -155.866122677572378, 19.948896788646291 ], [ -155.8661032713064, 19.948511507300104 ], [ -155.866510740134345, 19.948107850937728 ], [ -155.866743583917525, 19.94750235077942 ], [ -155.867364490295472, 19.947190444434305 ], [ -155.867965990423556, 19.947025319376561 ], [ -155.868063021690546, 19.946878538087084 ], [ -155.868451084275847, 19.946860163071957 ], [ -155.868295865483702, 19.946603350511698 ], [ -155.868373459240871, 19.94627306917668 ], [ -155.868257052964594, 19.946254694175227 ], [ -155.868257052952345, 19.945851037823896 ], [ -155.868373459224188, 19.945722600288502 ], [ -155.868664521788617, 19.945722600280618 ], [ -155.868858553072073, 19.945410662697054 ], [ -155.869304834409689, 19.945043725092852 ], [ -155.869731709488008, 19.94451163119772 ], [ -155.869731709475246, 19.944089599841778 ], [ -155.869906334507192, 19.943869412281778 ], [ -155.870236209576291, 19.943740974740599 ], [ -155.870469022121682, 19.94353916218364 ], [ -155.870895897211682, 19.943392380885225 ], [ -155.871730272395695, 19.943374037108015 ], [ -155.871866084907424, 19.942768505702333 ], [ -155.872118334952688, 19.942419911857989 ], [ -155.872312366245609, 19.942419911852735 ], [ -155.872758647615456, 19.943117130765664 ], [ -155.8730303039506, 19.943942818465569 ], [ -155.873360147774662, 19.943979505965832 ], [ -155.87411686668483, 19.943740974635446 ], [ -155.876328867140842, 19.942640036799155 ], [ -155.877842336197915, 19.941722661527869 ], [ -155.877958773718092, 19.941539161478662 ], [ -155.878036367473044, 19.941135505125235 ], [ -155.878308023782552, 19.941117161363273 ], [ -155.878172211233078, 19.940474942455754 ], [ -155.877609523581327, 19.939575848495323 ], [ -155.877493054792239, 19.939135473387942 ], [ -155.877842336063907, 19.937300566667915 ], [ -155.877881117298557, 19.93651156646882 ], [ -155.8775318984313, 19.935190409896677 ], [ -155.877570679662057, 19.934272909665335 ], [ -155.878269211039907, 19.933392159425349 ], [ -155.879181179991093, 19.933373815646039 ], [ -155.879976711419857, 19.933465534397506 ], [ -155.881257336717056, 19.933924284477953 ], [ -155.881781243082969, 19.933924284463757 ], [ -155.881820055589316, 19.933850878194281 ], [ -155.882440930723874, 19.933759128154431 ], [ -155.882693212023014, 19.933538940592332 ], [ -155.883197649632393, 19.933465534310233 ], [ -155.8836439622211, 19.933135252965251 ], [ -155.884943993757048, 19.933080221666206 ], [ -155.885157431294203, 19.932749909077522 ], [ -155.885720118903663, 19.932254471437929 ], [ -155.886787306625308, 19.931777377539259 ], [ -155.886923150395887, 19.931465408707286 ], [ -155.887466431752159, 19.931006689827431 ], [ -155.8878157442972, 19.929942377050846 ], [ -155.888009744328969, 19.929575376953476 ], [ -155.888669463208771, 19.929043220552046 ], [ -155.889076932042798, 19.928841376740348 ], [ -155.889057525776252, 19.928437657889546 ], [ -155.888417213106834, 19.927520157676629 ], [ -155.888009744257829, 19.927226563863989 ], [ -155.887408244119769, 19.927061407588834 ], [ -155.887175400312145, 19.92685956379448 ], [ -155.887020150267801, 19.92652925121579 ], [ -155.887078369020116, 19.926180594876705 ], [ -155.887020150252226, 19.926015438586838 ], [ -155.887252994048168, 19.925831907284469 ], [ -155.889484400786756, 19.925666782182567 ], [ -155.890376963473585, 19.925318157070894 ], [ -155.890648619772037, 19.92493275071681 ], [ -155.890939651067526, 19.924308813052342 ], [ -155.890881432287387, 19.923739969161144 ], [ -155.890687369729449, 19.923244500292064 ], [ -155.890532182167902, 19.922345281320588 ], [ -155.890687369663283, 19.921060718494012 ], [ -155.890687369616074, 19.919500874352558 ], [ -155.890299338258558, 19.918785155433444 ], [ -155.8898336506428, 19.918363092840139 ], [ -155.88919333799285, 19.918087811538392 ], [ -155.889057525462789, 19.918087811542076 ], [ -155.888708275378889, 19.917867592746262 ], [ -155.888145556497761, 19.91764740520625 ], [ -155.887738087643157, 19.917170248847537 ], [ -155.88752465007434, 19.916454529923694 ], [ -155.887505243787245, 19.915371779652489 ], [ -155.887660462539912, 19.914325748135781 ], [ -155.887815743814826, 19.914013779303286 ], [ -155.888630650217294, 19.913096154050937 ], [ -155.889639619165422, 19.912270310066372 ], [ -155.890182931777275, 19.91199502873258 ], [ -155.890473963090528, 19.911958341215495 ], [ -155.891327713268254, 19.911591278600252 ], [ -155.891696400842022, 19.911334372275807 ], [ -155.892918807357375, 19.911169184701247 ], [ -155.893151651153886, 19.9110040284035 ], [ -155.89336508869161, 19.910692028319424 ], [ -155.893520307476479, 19.910710372069815 ], [ -155.89441287015498, 19.910086403139069 ], [ -155.894800932739173, 19.910031340614736 ], [ -155.895499464130893, 19.909609246739908 ], [ -155.897672652104859, 19.909389059125807 ], [ -155.898409964758997, 19.909095371532135 ], [ -155.898817464849145, 19.909095371521097 ], [ -155.89887565235756, 19.908948590232683 ], [ -155.899050277396185, 19.908948590227954 ], [ -155.89938015243024, 19.907663871146639 ], [ -155.900156277571881, 19.906672839626946 ], [ -155.900195090061544, 19.906048839469307 ], [ -155.901301090272824, 19.904947651663036 ], [ -155.901281684009632, 19.904654057839892 ], [ -155.900971246419346, 19.903938245168678 ], [ -155.900932433897964, 19.903516120063806 ], [ -155.901378715214975, 19.902469994789222 ], [ -155.901339902685322, 19.901772557115272 ], [ -155.900893652571057, 19.901258681998417 ], [ -155.900893652547182, 19.900469463050385 ], [ -155.901087652582305, 19.900212556730665 ], [ -155.902407090358537, 19.899698619065983 ], [ -155.903998153184233, 19.898836025056461 ], [ -155.904483247028168, 19.898395524932795 ], [ -155.904657872052354, 19.897918337308333 ], [ -155.905045965872091, 19.897386055914271 ], [ -155.905783278517333, 19.896798743246947 ], [ -155.906307184878187, 19.896633555691309 ], [ -155.906675841195863, 19.896174711816204 ], [ -155.906675841185859, 19.895844336733305 ], [ -155.906054934782446, 19.895312055366574 ], [ -155.905511622140068, 19.894577898947073 ], [ -155.905239997076706, 19.894467773926788 ], [ -155.9047160906903, 19.893788648770581 ], [ -155.904793715688555, 19.893164617361897 ], [ -155.905589247098931, 19.892650710961423 ], [ -155.906190747211923, 19.891989929529348 ], [ -155.906132559686853, 19.891586179429613 ], [ -155.905453465736173, 19.889915866528916 ], [ -155.9054146219637, 19.889456991414832 ], [ -155.905317590690061, 19.889383585149037 ], [ -155.905317590667835, 19.888649428714842 ], [ -155.905666871983954, 19.888282303613277 ], [ -155.905957903282768, 19.887768365976449 ], [ -155.907102715989254, 19.886226521808616 ], [ -155.907995278661076, 19.885382177822624 ], [ -155.908810216340157, 19.885345490291364 ], [ -155.909508747754614, 19.885675865355342 ], [ -155.909916216594155, 19.885657521589714 ], [ -155.910944591793765, 19.884739771331628 ], [ -155.911546091916193, 19.884390989977842 ], [ -155.912186404551647, 19.884189083659855 ], [ -155.912652092131879, 19.883436520958433 ], [ -155.912244623275114, 19.882885864581315 ], [ -155.912399842057795, 19.882830802063307 ], [ -155.912302842010234, 19.88196808309949 ], [ -155.912399842019482, 19.881564239245549 ], [ -155.913234185916735, 19.880334395164414 ], [ -155.913564060984129, 19.880150863859441 ], [ -155.913622279737552, 19.879838801279572 ], [ -155.914107342335939, 19.879545113692767 ], [ -155.91453421742807, 19.879471676162794 ], [ -155.914553654927374, 19.879306488620831 ], [ -155.915271561314455, 19.878590582171796 ], [ -155.915271561296663, 19.878003207024435 ], [ -155.914767061146847, 19.876736644220344 ], [ -155.914825279898082, 19.876351144122054 ], [ -155.914708873616775, 19.876167612829157 ], [ -155.914844686134614, 19.875763737724164 ], [ -155.915407373748451, 19.87541495637144 ], [ -155.915756655063461, 19.875011143760688 ], [ -155.916222311412497, 19.874882643715846 ], [ -155.916358155188703, 19.874754143679937 ], [ -155.917347717909081, 19.874809206166965 ], [ -155.917832811779675, 19.875249768764366 ], [ -155.918686561963426, 19.875084549949811 ], [ -155.920859749884471, 19.873120393148259 ], [ -155.921655281295358, 19.872624736752385 ], [ -155.921829906326735, 19.872386142937813 ], [ -155.922043343873895, 19.872386142932037 ], [ -155.923149344072357, 19.870862517519889 ], [ -155.92332400034374, 19.870293454872414 ], [ -155.923324000321543, 19.869559173438212 ], [ -155.923518031605028, 19.869247079604669 ], [ -155.923576250353989, 19.868788173237981 ], [ -155.923653844119485, 19.868733110722076 ], [ -155.923809062833328, 19.866401703883039 ], [ -155.923906125350896, 19.866273203848177 ], [ -155.923537437754959, 19.865795922488431 ], [ -155.923362781441398, 19.864969828535934 ], [ -155.92314934388088, 19.864529234681193 ], [ -155.922683656220784, 19.862638390469478 ], [ -155.922683656196909, 19.861848984021456 ], [ -155.922916499988958, 19.86153692143688 ], [ -155.922935906236034, 19.861298233876475 ], [ -155.923188156287381, 19.861151390082824 ], [ -155.923091125000383, 19.860637358706509 ], [ -155.922586656120018, 19.860013171063578 ], [ -155.922353812288037, 19.859003483316609 ], [ -155.922334406011004, 19.858250795628333 ], [ -155.922120968457165, 19.858030483078842 ], [ -155.921829905890633, 19.857957045568291 ], [ -155.921655280858687, 19.858177358128277 ], [ -155.921286624532172, 19.858342608179704 ], [ -155.921344812052808, 19.858599608242596 ], [ -155.921926937210856, 19.859572577220902 ], [ -155.922004530989682, 19.859958108565511 ], [ -155.921926937229159, 19.860178421122885 ], [ -155.921228405807028, 19.859590952244403 ], [ -155.920704561899583, 19.858214076913203 ], [ -155.920607499339326, 19.856928982843474 ], [ -155.92072393685288, 19.856525076489003 ], [ -155.921228405699964, 19.856047763855639 ], [ -155.921228405686662, 19.855607169995121 ], [ -155.921364249467246, 19.855625513746059 ], [ -155.921189624423647, 19.855460294959336 ], [ -155.921228405680012, 19.855386857439864 ], [ -155.9222179996421, 19.855166544857838 ], [ -155.92245081219798, 19.855313419888379 ], [ -155.922722468524114, 19.855845826264584 ], [ -155.922994124839192, 19.856011045048678 ], [ -155.924235937611996, 19.855955951251271 ], [ -155.924837437726097, 19.855331763578448 ], [ -155.924992719010987, 19.855350138578849 ], [ -155.92561359413935, 19.855056388488375 ], [ -155.925904656695337, 19.854781013411429 ], [ -155.926040469225939, 19.854799357162353 ], [ -155.926118062981999, 19.85443220081816 ], [ -155.927068844415516, 19.85355095057141 ], [ -155.927418094494897, 19.85362438808038 ], [ -155.927942000850749, 19.85329391923332 ], [ -155.928718126001229, 19.852596294037351 ], [ -155.928698750991401, 19.852412700241821 ], [ -155.928795751010057, 19.852320918966178 ], [ -155.929921157511586, 19.852412700208756 ], [ -155.930871907712856, 19.852118950109357 ], [ -155.931589845369302, 19.852045512571518 ], [ -155.932715251853637, 19.851568168671356 ], [ -155.933413783236404, 19.850852168472876 ], [ -155.935024252321824, 19.850172855758931 ], [ -155.935121283596061, 19.850264668279326 ], [ -155.936751158939614, 19.849713886847098 ], [ -155.938497471828384, 19.849805699322886 ], [ -155.938652690617658, 19.849970918110113 ], [ -155.939157221985823, 19.850191230651731 ], [ -155.939506440824687, 19.850576761988968 ], [ -155.939603472091676, 19.850429918199509 ], [ -155.940515472297136, 19.850558418207058 ], [ -155.941213941199294, 19.850484980669755 ], [ -155.941931878866285, 19.850760355719384 ], [ -155.94264981653771, 19.851182637055857 ], [ -155.943387097969548, 19.851806855942467 ], [ -155.944260285691911, 19.852779887412868 ], [ -155.944900598331202, 19.852706481127129 ], [ -155.945405098451573, 19.853000199937135 ], [ -155.945560348497537, 19.853385731279634 ], [ -155.945482692240944, 19.853734543869212 ], [ -155.945560348512544, 19.853881418903949 ], [ -155.946414067450149, 19.853844700121627 ], [ -155.946840942546686, 19.853918137628487 ], [ -155.947423036408111, 19.853349012469995 ], [ -155.947733505222857, 19.853220481179353 ], [ -155.948218567830594, 19.853238856170837 ], [ -155.949130536792694, 19.853587668733624 ], [ -155.950023099488817, 19.85355094995025 ], [ -155.95027534953627, 19.853275574874356 ], [ -155.950935068434262, 19.853349012374913 ], [ -155.951808224873389, 19.853220481069037 ], [ -155.952002256160711, 19.853036918517748 ], [ -155.952720193810478, 19.852743168424638 ], [ -155.953050037632806, 19.852724793411099 ], [ -155.953224662665292, 19.852522855855732 ], [ -155.954194850381924, 19.852596293347876 ], [ -155.956057569542452, 19.852559574538226 ], [ -155.957066538522639, 19.852798230820749 ], [ -155.959414382795927, 19.852945105793989 ], [ -155.961315914447283, 19.852320918085955 ], [ -155.962247258399174, 19.852192386778491 ], [ -155.962518914704248, 19.852027167979706 ], [ -155.962984602304914, 19.851953730448663 ], [ -155.963450289898333, 19.851641605357774 ], [ -155.964265227573435, 19.851476386544263 ], [ -155.965216009033554, 19.85147638651851 ], [ -155.965778696654013, 19.851347855221032 ], [ -155.965875727921002, 19.851200980181574 ], [ -155.966089165467622, 19.851182636421189 ], [ -155.967001165640255, 19.850227948657079 ], [ -155.96758322825778, 19.849860761049236 ], [ -155.96975638496852, 19.849218167079204 ], [ -155.970377322604037, 19.849163104548577 ], [ -155.970551947637631, 19.848997854502414 ], [ -155.970804197692274, 19.848961166986371 ], [ -155.970920603964657, 19.848850979455595 ], [ -155.971211666529001, 19.8488509794477 ], [ -155.971483291580086, 19.848557229366687 ], [ -155.972259447998283, 19.848447073068034 ], [ -155.973229604448193, 19.847969729172043 ], [ -155.973462448243538, 19.847767760365091 ], [ -155.973695292044425, 19.847749385354177 ], [ -155.974025167108437, 19.84745566652159 ], [ -155.974219198400732, 19.847437291511714 ], [ -155.97423860464778, 19.847198635201348 ], [ -155.975247604842963, 19.846280634943813 ], [ -155.975577417402519, 19.845840009824389 ], [ -155.976043104995398, 19.845509509728899 ], [ -155.976877448918628, 19.84514232211421 ], [ -155.977187917727235, 19.844811853272937 ], [ -155.977304323994076, 19.844518071946123 ], [ -155.977614792812119, 19.844499728183106 ], [ -155.977828230347058, 19.844095790576041 ], [ -155.979128261869278, 19.843600071666508 ], [ -155.979205886888622, 19.843673509182825 ], [ -155.979225261881254, 19.843287946585615 ], [ -155.979826793241358, 19.84253519638057 ], [ -155.980059637042245, 19.842516821369646 ], [ -155.980292480825369, 19.841910946211424 ], [ -155.980622324637125, 19.84154372736041 ], [ -155.980699949644276, 19.841213227275436 ], [ -155.980893980936571, 19.841194883515573 ], [ -155.98106860594018, 19.840038164470812 ], [ -155.981049199669229, 19.839487351833224 ], [ -155.981262637198597, 19.838899820430132 ], [ -155.981631293518944, 19.838532601578073 ], [ -155.981941762322549, 19.838036851445356 ], [ -155.982368637408513, 19.837761445114737 ], [ -155.982620887454772, 19.837449320029645 ], [ -155.983862700203048, 19.836586351029617 ], [ -155.984211950268531, 19.836200757173476 ], [ -155.985376169254607, 19.835503038216995 ], [ -155.986113481914742, 19.835411225674001 ], [ -155.986171700654268, 19.834640069229074 ], [ -155.985958263091561, 19.834125912855953 ], [ -155.985764231746458, 19.832399974928471 ], [ -155.985453762917302, 19.832051131099423 ], [ -155.985492575418135, 19.83179406853392 ], [ -155.986676200665727, 19.831335037136757 ], [ -155.986676200658508, 19.831096318326914 ], [ -155.988500107308113, 19.830986161999881 ], [ -155.989276263712298, 19.830416943086139 ], [ -155.989974763855543, 19.830049692975141 ], [ -155.991138982854949, 19.82979266162916 ], [ -155.991779295473037, 19.82902147391847 ], [ -155.992244983069838, 19.828819473855209 ], [ -155.993215139514717, 19.828176786167788 ], [ -155.994961452355994, 19.826707848252202 ], [ -155.995349514958974, 19.827277067134393 ], [ -155.995155483653889, 19.826873098288374 ], [ -155.995271889929029, 19.826854723280622 ], [ -155.995388327447529, 19.82661603571762 ], [ -155.997289859093655, 19.825826441718146 ], [ -155.997425702866991, 19.825606097909226 ], [ -155.997425702858123, 19.825312316585581 ], [ -155.997561515386479, 19.825257222818085 ], [ -155.99740629658109, 19.824559441397355 ], [ -155.997095827753043, 19.824247285077519 ], [ -155.99705701523169, 19.8238249724727 ], [ -155.997289859010891, 19.823090472282249 ], [ -155.997445077790758, 19.822943565991213 ], [ -155.997289859000887, 19.822759940949389 ], [ -155.996765983876884, 19.822484503394534 ], [ -155.996610765086473, 19.822282534598102 ], [ -155.996707765101206, 19.822062159540231 ], [ -155.996474921295913, 19.821933628264311 ], [ -155.996668952582667, 19.821731628208418 ], [ -155.996746577588681, 19.821364378114247 ], [ -155.997716734009089, 19.8199137214743 ], [ -155.997852577791861, 19.820005533993633 ], [ -155.998221234108854, 19.819528096363953 ], [ -155.998803327974116, 19.819087377487708 ], [ -155.999385453096011, 19.818867002416688 ], [ -155.999851109448883, 19.818867002404076 ], [ -156.000200390778815, 19.818958846167639 ], [ -156.000627265883139, 19.819289377488936 ], [ -156.001092953481532, 19.819142471189501 ], [ -156.000704890870253, 19.818297752238244 ], [ -156.000782484633504, 19.818169220953926 ], [ -156.001286984748788, 19.818297752222485 ], [ -156.001364578514313, 19.818242658456562 ], [ -156.001345203500591, 19.817930502128842 ], [ -156.001073547180539, 19.817599970803332 ], [ -156.000976515887487, 19.816883783126425 ], [ -156.00082129710043, 19.816791970607621 ], [ -156.000821297066551, 19.815671814076822 ], [ -156.001131765859554, 19.814827095106661 ], [ -156.001364578404889, 19.81462509504971 ], [ -156.002140734827975, 19.814680188792497 ], [ -156.002684016181888, 19.814147657394294 ], [ -156.003033266260104, 19.814184376144041 ], [ -156.003460172618304, 19.814643469997542 ], [ -156.003984047742875, 19.814937282557008 ], [ -156.004042266502438, 19.814827095027809 ], [ -156.004701985393666, 19.814680188723113 ], [ -156.005516923049782, 19.813890563503097 ], [ -156.005943798125742, 19.813284563339629 ], [ -156.006409485715267, 19.812843813216528 ], [ -156.006584110736611, 19.812274563069106 ], [ -156.006584110720496, 19.811742000435611 ], [ -156.006409485672492, 19.811429812862091 ], [ -156.006545298172512, 19.810438156359833 ], [ -156.007127423280508, 19.809758687423741 ], [ -156.0073408295749, 19.809666874894948 ], [ -156.007961767210929, 19.809630156118924 ], [ -156.00805876722734, 19.809464906074865 ], [ -156.008019954694333, 19.808656843373374 ], [ -156.008252798479106, 19.808105905728965 ], [ -156.010717049005535, 19.807518249264916 ], [ -156.011337986642104, 19.807499905493504 ], [ -156.011881236755983, 19.807297874178143 ], [ -156.012288736837661, 19.807022405348054 ], [ -156.012987236952512, 19.805718530002306 ], [ -156.013258893254715, 19.805461436180519 ], [ -156.013414112028983, 19.805130873593452 ], [ -156.013414112018438, 19.804781936005991 ], [ -156.013549955792911, 19.804598279706273 ], [ -156.013511143272098, 19.804194279606065 ], [ -156.013724549552592, 19.803643310712182 ], [ -156.013569330763289, 19.803478029424962 ], [ -156.014151455865743, 19.802614904192861 ], [ -156.014655955961615, 19.80210068530031 ], [ -156.014869393509855, 19.802137404053731 ], [ -156.014869393505421, 19.801990497766909 ], [ -156.015820143713142, 19.801917028972735 ], [ -156.016091800027027, 19.802045591497606 ], [ -156.016809737675032, 19.801696653890694 ], [ -156.016964956438215, 19.80099877871158 ], [ -156.017411237775093, 19.800613091102818 ], [ -156.018167956681083, 19.800245809740272 ], [ -156.018711269278811, 19.799511215791433 ], [ -156.018711269269943, 19.799217340717775 ], [ -156.018827706791257, 19.799070434427801 ], [ -156.019215738120806, 19.798868403116657 ], [ -156.019332175650959, 19.799015309400318 ], [ -156.019332175645985, 19.798850028108898 ], [ -156.019894863269656, 19.798831684339056 ], [ -156.020011300793158, 19.798758215567492 ], [ -156.019991894524452, 19.798280715448342 ], [ -156.020341144583767, 19.797693027791595 ], [ -156.020457613360634, 19.797729746547635 ], [ -156.020632207132508, 19.797178777654821 ], [ -156.021311332258051, 19.79637068368389 ], [ -156.021738207341741, 19.796021746084868 ], [ -156.022223269948313, 19.796003371067123 ], [ -156.022456113760285, 19.796352339898281 ], [ -156.023154645163402, 19.796315589870144 ], [ -156.02426064539651, 19.795948277248119 ], [ -156.025094989332416, 19.796003370989322 ], [ -156.025618895685881, 19.79559930837387 ], [ -156.025890520743644, 19.795525870848103 ], [ -156.025968145757446, 19.795415683318385 ], [ -156.025968145741899, 19.794901433189501 ], [ -156.025793520687245, 19.794368808060753 ], [ -156.025929333201105, 19.793836214173595 ], [ -156.025929333193915, 19.793597464113759 ], [ -156.026026333210325, 19.793432151569696 ], [ -156.02643383329422, 19.793230151508038 ], [ -156.026627864589841, 19.79332196402579 ], [ -156.027054739671854, 19.792917901412959 ], [ -156.02740398974953, 19.792936276408106 ], [ -156.027714458576412, 19.793211776468738 ], [ -156.027908489869816, 19.79323015146808 ], [ -156.027830864839871, 19.792807713864317 ], [ -156.027656239796357, 19.792642401327623 ], [ -156.027675646044514, 19.792440401276469 ], [ -156.027811458571193, 19.792330182495174 ], [ -156.028180146156473, 19.792458776267413 ], [ -156.028432396210491, 19.792403651246758 ], [ -156.028374177443766, 19.792275088716117 ], [ -156.028393583684135, 19.791815932350527 ], [ -156.028645833729314, 19.791466994756245 ], [ -156.029596583920892, 19.790860900828591 ], [ -156.030004052760319, 19.790842525812948 ], [ -156.030430927840683, 19.790383400686324 ], [ -156.030741396654236, 19.790218088136484 ], [ -156.031129459238258, 19.790162963112159 ], [ -156.032507115800769, 19.790438463143868 ], [ -156.033186209711261, 19.790787463212936 ], [ -156.033574303545862, 19.790750681943194 ], [ -156.034156397413796, 19.790401744339981 ], [ -156.034525053731301, 19.78994258796493 ], [ -156.035650428948088, 19.788895681422076 ], [ -156.03598030401929, 19.788840587649332 ], [ -156.036465429119204, 19.788601837576362 ], [ -156.037222148033464, 19.788509993782846 ], [ -156.038211710741962, 19.78817939992318 ], [ -156.038619179573573, 19.787903899843101 ], [ -156.038871429618723, 19.787554962248823 ], [ -156.039162492178548, 19.787407993454107 ], [ -156.038890835855796, 19.786985555855601 ], [ -156.037959460620158, 19.785993711882298 ], [ -156.037881835595243, 19.785736618069976 ], [ -156.037571398017263, 19.785424368000136 ], [ -156.037571398007827, 19.785112149171891 ], [ -156.037222147918499, 19.784708055330093 ], [ -156.036795272782058, 19.78331214874186 ], [ -156.036834054020602, 19.782650929825117 ], [ -156.038153491764746, 19.78108971064815 ], [ -156.038580335606724, 19.781016241868183 ], [ -156.038910273187923, 19.781291773178289 ], [ -156.03927889827375, 19.781438710705114 ], [ -156.039705773365768, 19.781365241925144 ], [ -156.040035648454136, 19.781879523295082 ], [ -156.040481898550979, 19.781824398269176 ], [ -156.04094758614437, 19.781512210678326 ], [ -156.04098639865515, 19.78158564819568 ], [ -156.042267023937313, 19.781567273156377 ], [ -156.042538680241705, 19.781383585602995 ], [ -156.04364468045037, 19.780208116528481 ], [ -156.044013336775038, 19.779987678963252 ], [ -156.04436258684936, 19.779895835180781 ], [ -156.044983461974255, 19.779491741312697 ], [ -156.045002899471854, 19.779271335006943 ], [ -156.046186524733145, 19.779271334974869 ], [ -156.046225337234517, 19.779032553663985 ], [ -156.046108899706013, 19.778940709894137 ], [ -156.045662618355863, 19.778885616142414 ], [ -156.045507399558261, 19.778444772286154 ], [ -156.045604430819679, 19.778114178450689 ], [ -156.046264149697521, 19.77752639703554 ], [ -156.046652212280435, 19.777434553252011 ], [ -156.046691024766233, 19.776681459312261 ], [ -156.046535774714755, 19.7761120841738 ], [ -156.046691024745144, 19.775983490387372 ], [ -156.046729837238701, 19.775487552762051 ], [ -156.047253712337124, 19.774918146355187 ], [ -156.047311931079435, 19.774238521183321 ], [ -156.047874618689775, 19.773779302303012 ], [ -156.04956271279687, 19.773264989628409 ], [ -156.050222431673575, 19.772640458204059 ], [ -156.049873212818198, 19.771703676728798 ], [ -156.049698556524646, 19.771538364192111 ], [ -156.049853775306161, 19.771446520414894 ], [ -156.049717931525038, 19.771409770409363 ], [ -156.049679150252047, 19.770932207790761 ], [ -156.049485087698116, 19.770564832703975 ], [ -156.049504493936269, 19.770032145069973 ], [ -156.049698556454132, 19.7692055198576 ], [ -156.049349275117606, 19.768893269788823 ], [ -156.049058212526717, 19.76801155082579 ], [ -156.049135837528297, 19.767497206944824 ], [ -156.049485087600402, 19.767331894393941 ], [ -156.049756743902606, 19.767074738072154 ], [ -156.048902993690234, 19.766284862897372 ], [ -156.048941806182739, 19.765752144012847 ], [ -156.048825399902626, 19.765605206479187 ], [ -156.049038837430317, 19.764962268812308 ], [ -156.049252274974037, 19.764852050028914 ], [ -156.049291087467083, 19.764337674898989 ], [ -156.049601525028436, 19.764098924830762 ], [ -156.049659743784019, 19.763860112269359 ], [ -156.04997021259922, 19.763749893483332 ], [ -156.050067212612845, 19.763492737166281 ], [ -156.049853775060768, 19.763327393380628 ], [ -156.049834368789817, 19.76277629949309 ], [ -156.050183618856948, 19.762445643150784 ], [ -156.050028400067674, 19.762280330613571 ], [ -156.05064930643033, 19.761472080394256 ], [ -156.05051349389035, 19.761141424065091 ], [ -156.050008993766795, 19.760737267727489 ], [ -156.049834368707138, 19.760039205057325 ], [ -156.049523899878608, 19.759708548732885 ], [ -156.049465712359108, 19.759488142429248 ], [ -156.049543337371261, 19.759322798635711 ], [ -156.049426899841137, 19.759175829852044 ], [ -156.049756743642831, 19.758477767168216 ], [ -156.049776149874958, 19.7577429544836 ], [ -156.049640337334949, 19.757412298154431 ], [ -156.049368681015039, 19.757081641828943 ], [ -156.049407493507488, 19.756548891694418 ], [ -156.049310462230522, 19.756365204151024 ], [ -156.049368680985083, 19.756089641580409 ], [ -156.049776149811152, 19.755630391454318 ], [ -156.049931368586499, 19.75533645387647 ], [ -156.049659743506567, 19.754675109968137 ], [ -156.049582118452861, 19.753462672166489 ], [ -156.049776149735152, 19.753113609573784 ], [ -156.049834368483005, 19.752617609447938 ], [ -156.050649306104646, 19.750688671442621 ], [ -156.050823931137074, 19.750486577637265 ], [ -156.050746337364387, 19.750302890093351 ], [ -156.051076181176654, 19.749953827496977 ], [ -156.051658243797903, 19.749714952421371 ], [ -156.052104587636478, 19.749384327326467 ], [ -156.052279212675529, 19.749402702326339 ], [ -156.053288181622719, 19.748557608337322 ], [ -156.053812087981669, 19.748337139517911 ], [ -156.054859806942403, 19.747657420569272 ], [ -156.055189744504133, 19.747289982968294 ], [ -156.055403150785139, 19.746757232829047 ], [ -156.055189744475314, 19.746334670228958 ], [ -156.054918088155347, 19.746003982653484 ], [ -156.054743431842383, 19.745195638705699 ], [ -156.054762838082837, 19.744736357340116 ], [ -156.05451058800719, 19.74407498218126 ], [ -156.054452369217728, 19.743193138211922 ], [ -156.054335962940371, 19.743138013201261 ], [ -156.054335962928178, 19.742733825600013 ], [ -156.054529994195491, 19.741888731633043 ], [ -156.054394181652185, 19.741447794026268 ], [ -156.054433025390807, 19.740786387609521 ], [ -156.054316556610132, 19.740621043821253 ], [ -156.05437474409581, 19.739720762344152 ], [ -156.054510587865792, 19.739390106007644 ], [ -156.053695650148256, 19.738140793216722 ], [ -156.053423993816125, 19.737405886789972 ], [ -156.053307587519384, 19.736707730368234 ], [ -156.053191149989232, 19.736560730334553 ], [ -156.053249368722135, 19.735568636334452 ], [ -156.05361802503802, 19.735054167445611 ], [ -156.053870275089224, 19.734907198651971 ], [ -156.053928493838782, 19.73446622978993 ], [ -156.055150900324179, 19.733327135721524 ], [ -156.055713587937277, 19.732959666864254 ], [ -156.056121088008894, 19.732353354201354 ], [ -156.056373338060155, 19.732206385407718 ], [ -156.056586775611123, 19.732334979184156 ], [ -156.056703181882398, 19.732187979144186 ], [ -156.056936025682091, 19.732132885374082 ], [ -156.057091244460253, 19.731930729069244 ], [ -156.057324088259406, 19.731857260294554 ], [ -156.057382307027268, 19.732022635334403 ], [ -156.0574017132721, 19.731710291505632 ], [ -156.05862411979021, 19.731655166458754 ], [ -156.059613682479778, 19.730699759942674 ], [ -156.060059963824898, 19.730589509902988 ], [ -156.060234557605668, 19.73033229108384 ], [ -156.060389838892149, 19.730405791098043 ], [ -156.060933151500421, 19.730019947236691 ], [ -156.060971932754541, 19.729872947198828 ], [ -156.060855526474398, 19.729725978415157 ], [ -156.060836088961281, 19.729432009592056 ], [ -156.061127151510533, 19.728935915709926 ], [ -156.062019714200829, 19.728715446880543 ], [ -156.062291370505818, 19.72855007183178 ], [ -156.06240780801653, 19.728053977954371 ], [ -156.062233151723518, 19.727906977922263 ], [ -156.062330182992753, 19.727833509151239 ], [ -156.062000339169401, 19.727815134155556 ], [ -156.061786870368991, 19.727704884133711 ], [ -156.061783995368103, 19.727697696631996 ], [ -156.061861839134195, 19.727660509120579 ], [ -156.070698841100011, 19.728186509013259 ], [ -156.070572747334978, 19.728610352872824 ], [ -156.071791403917302, 19.730711853366216 ], [ -156.072356060323102, 19.731746478610084 ], [ -156.073703966925535, 19.733567947779829 ], [ -156.074396123366768, 19.734842979330455 ], [ -156.075671186235013, 19.7377209175168 ], [ -156.077492655493671, 19.741254574602578 ], [ -156.078366968228408, 19.742638918675652 ], [ -156.07896806213526, 19.743440356360111 ], [ -156.079569156032761, 19.743932168967014 ], [ -156.079660218561116, 19.744205387782987 ], [ -156.079733093605824, 19.745152575518262 ], [ -156.079969874925666, 19.745735450657847 ], [ -156.08033415627537, 19.746372950807668 ], [ -156.081080968959924, 19.747028700951681 ], [ -156.082028156686619, 19.747611576072014 ], [ -156.082410656782542, 19.747994044907454 ], [ -156.083048188210682, 19.749232670200431 ], [ -156.084450719814214, 19.750689858027421 ], [ -156.08534325128872, 19.751600576981343 ], [ -156.085835063920939, 19.752383858414216 ], [ -156.085944345208787, 19.752839233525314 ], [ -156.086035407781793, 19.754587827710839 ], [ -156.086399720396884, 19.755735390488422 ], [ -156.087565470679465, 19.756573265666688 ], [ -156.087729376982736, 19.757137922053676 ], [ -156.088257627191894, 19.760198016555872 ], [ -156.089131939919014, 19.761327329315044 ], [ -156.090643784045085, 19.76272986087535 ], [ -156.091882378099257, 19.76374989234726 ], [ -156.092957034616177, 19.764733517564494 ], [ -156.09364922230202, 19.765826392819466 ], [ -156.094814972586846, 19.766737143015966 ], [ -156.095142785170225, 19.767101424348319 ], [ -156.096909660674299, 19.770871893994833 ], [ -156.097711129645859, 19.77234730059266 ], [ -156.098621848629392, 19.773421988337141 ], [ -156.099569036361601, 19.774187019753054 ], [ -156.100188349026439, 19.775115957468923 ], [ -156.100534442872657, 19.775771707623793 ], [ -156.100953349254269, 19.777064957936375 ], [ -156.101627318184484, 19.778103208178141 ], [ -156.102392318381476, 19.779032145890056 ], [ -156.103029849800322, 19.779961114855443 ], [ -156.103594506205837, 19.780981146345624 ], [ -156.104250256395801, 19.782474740451956 ], [ -156.105488850504258, 19.785279834870973 ], [ -156.105834944362101, 19.78631808512165 ] ] ] } }
]
}
