{
"type": "FeatureCollection",
"name": "PMNM",
"crs": { "type": "name", "properties": { "name": "urn:ogc:def:crs:OGC:1.3:CRS84" } },
"features": [
{ "type": "Feature", "properties": { "area_sqmi": 582577.905394, "name": "Papahānaumokuākea Marine National Monument" }, "geometry": { "type": "MultiPolygon", "coordinates": [ [ [ [ 180.0, 25.389754882052102 ], [ 179.999851251429078, 25.389819819779124 ], [ 179.983310995948756, 25.397130368114691 ], [ 179.966809175473458, 25.404513975464084 ], [ 179.950345988003022, 25.411970448827407 ], [ 179.93392212753767, 25.419499594204723 ], [ 179.917537692077531, 25.427101218595908 ], [ 179.90119317662257, 25.434775306000812 ], [ 179.884888979172956, 25.442521484419693 ], [ 179.86862549472869, 25.450339648852268 ], [ 179.852403020289898, 25.45822969429878 ], [ 179.836222050856634, 25.466191337759021 ], [ 179.820082984428865, 25.474224384232947 ], [ 179.80398601800681, 25.482328638720602 ], [ 179.787931745590754, 25.490504087222003 ], [ 179.77192036518025, 25.498750264737126 ], [ 179.755952373775557, 25.507067246265851 ], [ 179.74002806637705, 25.515454657808288 ], [ 179.724147939984562, 25.52391239336427 ], [ 179.708312290598116, 25.53244016793397 ], [ 179.692521514217901, 25.541037877517081 ], [ 179.676776008844143, 25.549705236113777 ], [ 179.661076069476678, 25.55844213872399 ], [ 179.645422094115588, 25.5672483893477 ], [ 179.629814477760874, 25.576123612984826 ], [ 179.614253618412903, 25.585067794635325 ], [ 179.598739811071709, 25.594080648299311 ], [ 179.583273551736909, 25.603161977976612 ], [ 179.567855039409153, 25.612311498667349 ], [ 179.552484768088334, 25.621529103371333 ], [ 179.537163135774421, 25.630814508088513 ], [ 179.5218903384675, 25.640167515818948 ], [ 179.50666697216775, 25.649587930562749 ], [ 179.491493134875242, 25.659075466319525 ], [ 179.476369421589936, 25.668630018089587 ], [ 179.461296030311956, 25.678251297872791 ], [ 179.446273456041467, 25.687939021668996 ], [ 179.431301995778483, 25.697693081478334 ], [ 179.41638194752295, 25.70751310130057 ], [ 179.401513806275204, 25.717398976135797 ], [ 179.386697868035156, 25.727350507983928 ], [ 179.371934431802885, 25.737367321845078 ], [ 179.357223893578521, 25.747449219719044 ], [ 179.342566648362009, 25.757596096605894 ], [ 179.327962994153609, 25.767807574505422 ], [ 179.313413326953253, 25.778083458417857 ], [ 179.298917943761182, 25.788423550342827 ], [ 179.284477241577321, 25.79882747528054 ], [ 179.270091516401692, 25.809295214230872 ], [ 179.255761264234565, 25.81982630219386 ], [ 179.251438137580777, 25.823023771790009 ], [ 179.240502533927014, 25.831149114305298 ], [ 179.226283921776968, 25.841806332293366 ], [ 179.222546232211755, 25.84462537981943 ], [ 179.209904736300103, 25.854199000606322 ], [ 179.195799050167039, 25.864981294619565 ], [ 179.181750423042899, 25.875825860645108 ], [ 179.167759348927774, 25.886732322683013 ], [ 179.153825926821241, 25.897700485733367 ], [ 179.139950750724012, 25.908730149795804 ], [ 179.126133921635727, 25.919820850870526 ], [ 179.112375932556517, 25.930972570957319 ], [ 179.09867708248666, 25.94218484205631 ], [ 179.085037765425966, 25.953457559167436 ], [ 179.071458182374727, 25.964790344290456 ], [ 179.057938826332958, 25.976183000425468 ], [ 179.044479797300653, 25.987635240572402 ], [ 179.031081689278011, 25.999146868731181 ], [ 179.017744700265041, 26.010717416901915 ], [ 179.004469128261661, 26.022346779084316 ], [ 178.991255369268231, 26.034034667278579 ], [ 178.978103719284576, 26.045780795484351 ], [ 178.965014576311034, 26.057584875701874 ], [ 178.951988137347399, 26.069446621930911 ], [ 178.939024798393945, 26.081365658171535 ], [ 178.92612485745056, 26.093341966423541 ], [ 178.913288710517406, 26.105374989686979 ], [ 178.900516555594805, 26.117464620961801 ], [ 178.887808788682321, 26.129610484247948 ], [ 178.875165806780416, 26.141812292545421 ], [ 178.862587707889048, 26.154069848853968 ], [ 178.850074988008259, 26.166382776173709 ], [ 178.83762784613819, 26.178750878504491 ], [ 178.825246676278766, 26.191173688846327 ], [ 178.812931776430247, 26.20365110119922 ], [ 178.80068344559254, 26.216182737562956 ], [ 178.788501978765851, 26.228768311937625 ], [ 178.776387771950226, 26.241407538323042 ], [ 178.764340926145536, 26.254100040719131 ], [ 178.752361936352258, 26.26684562112607 ], [ 178.740451097569945, 26.279643993543523 ], [ 178.728608511798939, 26.29249478297157 ], [ 178.716834771039487, 26.305397612410008 ], [ 178.7051299752913, 26.318352374859025 ], [ 178.693494421554675, 26.331358604318424 ], [ 178.681928506829792, 26.344416105788099 ], [ 178.670432527116475, 26.357524501268106 ], [ 178.659006582414719, 26.370683417758141 ], [ 178.647651265724875, 26.383892745258347 ], [ 178.636366579046751, 26.397151931768732 ], [ 178.625153016380636, 26.410460869289064 ], [ 178.623674166161067, 26.412226118623327 ], [ 178.613780662692278, 26.424093705871254 ], [ 178.602710041050216, 26.4375009864115 ], [ 178.591711337420236, 26.450956980961521 ], [ 178.580784847802363, 26.464461315521124 ], [ 178.569930769196645, 26.478013703090472 ], [ 178.559149499603336, 26.491613947669496 ], [ 178.548441236022541, 26.505261496258022 ], [ 178.537806375453982, 26.518956241855971 ], [ 178.527245015897932, 26.53269771946335 ], [ 178.516757654354592, 26.546485645080001 ], [ 178.506344288823755, 26.560319732706002 ], [ 178.496005416305621, 26.574199518341064 ], [ 178.485741233800184, 26.588124895985345 ], [ 178.475552038307768, 26.602095312638713 ], [ 178.46543802882789, 26.616110572300968 ], [ 178.455399502361303, 26.630170300972171 ], [ 178.445436755907451, 26.644274124652281 ], [ 178.435549988466789, 26.65842175934111 ], [ 178.425739594039214, 26.672612830038531 ], [ 178.416005673624767, 26.686847052744675 ], [ 178.406348623223636, 26.701124053459303 ], [ 178.396768540835836, 26.715443548182446 ], [ 178.387265824461338, 26.729805074913948 ], [ 178.377840670100255, 26.744208349653722 ], [ 178.368493376752781, 26.758653086401857 ], [ 178.359224141418764, 26.773138913158075 ], [ 178.350033163098374, 26.787665368922443 ], [ 178.340920836791526, 26.802232257694779 ], [ 178.331887262498384, 26.816839207475084 ], [ 178.33123486040509, 26.817900606677121 ], [ 178.327305591843611, 26.824307896896801 ], [ 178.324519264444547, 26.828778171748279 ], [ 178.315483114152471, 26.843384773530616 ], [ 178.306526013874077, 26.85803105132085 ], [ 178.297648258609513, 26.872716722118934 ], [ 178.288850147358971, 26.887441323924609 ], [ 178.280131779122172, 26.902204574737922 ], [ 178.271493449899737, 26.91700601255873 ], [ 178.262935357691134, 26.93184544338704 ], [ 178.254457801496699, 26.946722495222783 ], [ 178.246060977316404, 26.9616367090658 ], [ 178.237745184150242, 26.976587711915901 ], [ 178.2295106179985, 26.991575220773345 ], [ 178.221357380860979, 27.006598955637706 ], [ 178.213285865738044, 27.021658365509122 ], [ 178.20529627362933, 27.036753257387421 ], [ 178.197388701535289, 27.051883172272511 ], [ 178.196320054387684, 27.053942691665277 ], [ 178.18942575543673, 27.067313072214993 ], [ 178.181683116371715, 27.082511973113427 ], [ 178.174023191321453, 27.09774487501852 ], [ 178.16644637728578, 27.113011316930049 ], [ 178.158952673264963, 27.128310929847999 ], [ 178.151542376258845, 27.143643431772173 ], [ 178.144215685267795, 27.159008454702732 ], [ 178.136972897291344, 27.174405538639299 ], [ 178.129814111330006, 27.189834402581958 ], [ 178.12273952538348, 27.205294678530585 ], [ 178.115749436452205, 27.220785908485091 ], [ 178.108844043535953, 27.236307722445407 ], [ 178.102023543634886, 27.251859841411409 ], [ 178.095288035748979, 27.267441807383001 ], [ 178.088637718878317, 27.283053340360244 ], [ 178.082072890022715, 27.298693895342911 ], [ 178.075593746182562, 27.314363281330916 ], [ 178.069200388357729, 27.330060953324189 ], [ 178.062893112548437, 27.345786631322603 ], [ 178.056672017754551, 27.361539948326101 ], [ 178.050537301975908, 27.377320447334636 ], [ 178.044489164213076, 27.393127851348069 ], [ 178.038527801465733, 27.408961614366294 ], [ 178.032653412733907, 27.424821548389385 ], [ 178.026866097017887, 27.440707108417005 ], [ 178.021166052317369, 27.456618016449266 ], [ 178.015553574632747, 27.472553818485977 ], [ 178.01002866596383, 27.488514235527003 ], [ 178.004591622310585, 27.504498725572361 ], [ 177.999242542673528, 27.520506922621855 ], [ 177.993981625052015, 27.536538549675434 ], [ 177.9888090684465, 27.552593152733085 ], [ 177.983724872857096, 27.568670365794603 ], [ 177.978729433283547, 27.584769737859947 ], [ 177.973822750726015, 27.600890989928981 ], [ 177.969005022184604, 27.617033581001721 ], [ 177.964276447659415, 27.633197237077951 ], [ 177.959637125150209, 27.649381415157663 ], [ 177.955087252657137, 27.665585928240713 ], [ 177.950626929180373, 27.681810236326971 ], [ 177.946256352719757, 27.698054064416507 ], [ 177.941975623275397, 27.71431687150902 ], [ 177.937784838847364, 27.730598295604548 ], [ 177.933684297435718, 27.746898060702996 ], [ 177.93366319843355, 27.74698266671907 ], [ 177.933612480428479, 27.747186248757693 ], [ 177.929602181033317, 27.763503861858926 ], [ 177.925682223654235, 27.779838825962827 ], [ 177.921852905291871, 27.796190955069182 ], [ 177.918114324945634, 27.812559624178171 ], [ 177.91446658161604, 27.82894464628956 ], [ 177.910909774303008, 27.845345484403246 ], [ 177.907444002006315, 27.861761775519103 ], [ 177.904069462726284, 27.878193071637103 ], [ 177.90078625546272, 27.894639099757061 ], [ 177.89759457921582, 27.911099233879028 ], [ 177.89449443298551, 27.92757337900273 ], [ 177.891485916772098, 27.944060821128303 ], [ 177.888569326575009, 27.960561376255338 ], [ 177.885744564394741, 27.977074510383972 ], [ 177.883011926231148, 27.993599861513982 ], [ 177.880371315084489, 28.010136982645328 ], [ 177.87782302595437, 28.026685603777945 ], [ 177.875367059841039, 28.043245188911801 ], [ 177.873003613744601, 28.059815379046572 ], [ 177.870732689665005, 28.076395728182366 ], [ 177.868554385602039, 28.092985790318846 ], [ 177.866468800556078, 28.109585295456153 ], [ 177.864476132527102, 28.12619370959413 ], [ 177.862576382514845, 28.142810674732683 ], [ 177.860769647519419, 28.159435833871676 ], [ 177.859056028541119, 28.17606865501094 ], [ 177.857435623579534, 28.192708779150472 ], [ 177.855908532634999, 28.209355852290216 ], [ 177.854474754707411, 28.226009428430025 ], [ 177.853134389796821, 28.242669064569689 ], [ 177.851887634903221, 28.259334315709268 ], [ 177.850734392026624, 28.276004827848507 ], [ 177.849674859166953, 28.292680244987555 ], [ 177.848709035324276, 28.309360036125973 ], [ 177.84783702049873, 28.326043846263936 ], [ 177.847058813690182, 28.342731233401274 ], [ 177.846374614898593, 28.359421842537863 ], [ 177.845784422124211, 28.376115232673502 ], [ 177.845288237366674, 28.392810962808309 ], [ 177.844886157626348, 28.409508588942124 ], [ 177.844578282903257, 28.42620776107465 ], [ 177.844364514196997, 28.442908123205914 ], [ 177.844245049507776, 28.459609061335971 ], [ 177.844219987835686, 28.476310396464559 ], [ 177.844289230180863, 28.493011514591547 ], [ 177.844452776542909, 28.509712063716798 ], [ 177.844710924922111, 28.526411691840398 ], [ 177.845063376318393, 28.543109870962137 ], [ 177.845510429731945, 28.559806251081937 ], [ 177.846052083162363, 28.576500481199652 ], [ 177.846327467362329, 28.584035133606349 ], [ 177.84669874061737, 28.593475480368163 ], [ 177.847245941969391, 28.606168218736276 ], [ 177.847613450197912, 28.614293814251916 ], [ 177.848438709680153, 28.630978866362874 ], [ 177.849358769179446, 28.64765992747132 ], [ 177.850373429695821, 28.664336736577319 ], [ 177.851482790229198, 28.681008855680556 ], [ 177.852686949779667, 28.697675848781142 ], [ 177.853985810347297, 28.714337190878737 ], [ 177.8553793709319, 28.730992621973535 ], [ 177.856867730533622, 28.747641618065202 ], [ 177.85761364382779, 28.755608607544026 ], [ 177.858522212180418, 28.765038410293783 ], [ 177.860200170816171, 28.781673370379004 ], [ 177.86197273046912, 28.798300763460897 ], [ 177.863840188139051, 28.814919981539319 ], [ 177.865802445825892, 28.831530763614293 ], [ 177.867859403529877, 28.848132587685495 ], [ 177.870011161250801, 28.864725195753145 ], [ 177.872257617988538, 28.881307979816725 ], [ 177.874598874743384, 28.897880591876433 ], [ 177.875428493007746, 28.903595098930975 ], [ 177.877142905549618, 28.915183529068724 ], [ 177.879673562338411, 28.93173464212034 ], [ 177.882299019144057, 28.948274286167475 ], [ 177.884928338939346, 28.964260342110663 ], [ 177.885142801003894, 28.965542942346762 ], [ 177.887957460843438, 28.982058578385221 ], [ 177.888241362927488, 28.983693098685787 ], [ 177.888292378942651, 28.983988451740089 ], [ 177.889423829277149, 28.990472253932278 ], [ 177.889615111333484, 28.991561528132618 ], [ 177.891330811837378, 29.001227749909351 ], [ 177.894334771710959, 29.017717602938458 ], [ 177.897433333601356, 29.034193915962934 ], [ 177.900626397508603, 29.050656343982443 ], [ 177.903913963432785, 29.067104454997143 ], [ 177.906399945125031, 29.079229478217929 ], [ 177.907348929388206, 29.083793904053593 ], [ 177.910825401345676, 29.100212140058112 ], [ 177.914396275320087, 29.116614769057367 ], [ 177.918061553310963, 29.133001364051253 ], [ 177.921821035318715, 29.149371580039741 ], [ 177.925674723343008, 29.165724990022749 ], [ 177.929622714384067, 29.182061077000064 ], [ 177.933664713441601, 29.198379587971758 ], [ 177.937800916515783, 29.214680005937481 ], [ 177.942031027606419, 29.230961904897377 ], [ 177.946355145713653, 29.247224941851254 ], [ 177.950773171837454, 29.263468604799115 ], [ 177.955285005977629, 29.279692639740663 ], [ 177.959890550134418, 29.295896445676043 ], [ 177.960220317217022, 29.297043409883745 ], [ 177.964797531359409, 29.312802184735663 ], [ 177.969590395549119, 29.328964485658062 ], [ 177.974476771754922, 29.345105452573964 ], [ 177.97945665997716, 29.361224572483028 ], [ 177.984529861215663, 29.377321421385489 ], [ 177.989696375470345, 29.393395746280941 ], [ 177.994956104741476, 29.409447036169464 ], [ 178.000308949028607, 29.425474866050923 ], [ 178.005754711331861, 29.441478811925325 ], [ 178.011293488651205, 29.457458535792398 ], [ 178.016924985986662, 29.473413526652187 ], [ 178.022649301338078, 29.489343536504624 ], [ 178.028466236705668, 29.505247965349369 ], [ 178.034375593089095, 29.521126566186602 ], [ 178.04037737248845, 29.536978829016117 ], [ 178.046471474903683, 29.552804329837826 ], [ 178.052657800334714, 29.568602821651773 ], [ 178.058936151781694, 29.584373707457519 ], [ 178.065306430244334, 29.600116652255405 ], [ 178.071768634722645, 29.615831321044972 ], [ 178.078322469216715, 29.63151720782642 ], [ 178.084967833726239, 29.647173975599493 ], [ 178.091704728251472, 29.662801204364072 ], [ 178.098532856792104, 29.678398474120197 ], [ 178.101227456398846, 29.68448863319545 ], [ 178.105673317398157, 29.694463882955617 ], [ 178.112683812969806, 29.709999981694441 ], [ 178.119785145556932, 29.725504948424433 ], [ 178.126977315159309, 29.740978449145572 ], [ 178.134260023777045, 29.756419890857718 ], [ 178.141633372409984, 29.771829028560838 ], [ 178.149096963057985, 29.787205357254841 ], [ 178.156650697721261, 29.80254854393948 ], [ 178.164294575399566, 29.817858170614926 ], [ 178.172028300092933, 29.833133904280992 ], [ 178.179851672801391, 29.848375242937539 ], [ 178.187764693524571, 29.863581854584577 ], [ 178.195767065262771, 29.878753321221932 ], [ 178.203858689015703, 29.89388922584952 ], [ 178.210930700544139, 29.906954587114797 ], [ 178.212161308809726, 29.90921353350609 ], [ 178.220430842592151, 29.924277202114013 ], [ 178.228789133389171, 29.939304230711905 ], [ 178.237235982201014, 29.954294118299696 ], [ 178.245771192027206, 29.969246533877332 ], [ 178.254394464867801, 29.984161062444741 ], [ 178.263105900722991, 29.999037287001862 ], [ 178.271905002592348, 30.013874966548574 ], [ 178.27199465061139, 30.014025055574361 ], [ 178.275246753301928, 30.019487266511199 ], [ 178.284133919186161, 30.034285828047015 ], [ 178.293108554084739, 30.049045015572133 ], [ 178.302170360997451, 30.063764413086769 ], [ 178.311319239923989, 30.078443521590515 ], [ 178.318610567456744, 30.090014973561505 ], [ 178.320983324954852, 30.093759064198768 ], [ 178.321443453051415, 30.094483747322048 ], [ 178.330680296988248, 30.108946726781149 ], [ 178.340089205957099, 30.123502982252198 ], [ 178.349584394939711, 30.138017549712178 ], [ 178.353662450789983, 30.144198541758627 ], [ 178.359313659966972, 30.152714188198999 ], [ 178.368980616977154, 30.167144109636791 ], [ 178.378733260000899, 30.181531277063108 ], [ 178.388571193038246, 30.195875105478194 ], [ 178.398494317089217, 30.210175353881841 ], [ 178.40850233315328, 30.224431610274024 ], [ 178.41018207449963, 30.226808152672334 ], [ 178.418902425294533, 30.239078160727367 ], [ 178.429079734385454, 30.253245305096318 ], [ 178.439341242489604, 30.267367307453458 ], [ 178.449686851607112, 30.281443841798836 ], [ 178.460116166737578, 30.295474583132286 ], [ 178.470629085881086, 30.309459033453876 ], [ 178.48122531503742, 30.323396954763417 ], [ 178.483229870444887, 30.326016247196925 ], [ 178.486405994090234, 30.330155838881822 ], [ 178.492392419305929, 30.337923596165943 ], [ 178.503154571487983, 30.35176722045124 ], [ 178.513999338682851, 30.365563081724225 ], [ 178.524926423890435, 30.37931094398494 ], [ 178.535935529110418, 30.393010394233205 ], [ 178.547026457342952, 30.40666111046917 ], [ 178.552351763413441, 30.413162711532436 ], [ 178.55865329467926, 30.420816154782951 ], [ 178.569907174936588, 30.434368179993744 ], [ 178.570563044067967, 30.435153417121658 ], [ 178.579733616904406, 30.446084109901371 ], [ 178.581906968339325, 30.448661805320636 ], [ 178.593322710621123, 30.462113811506004 ], [ 178.604818987915081, 30.47551520667864 ], [ 178.616395503220986, 30.48886566783823 ], [ 178.628051958538947, 30.502164871984981 ], [ 178.639788156868605, 30.515412410118891 ], [ 178.651603700210273, 30.528607960239651 ], [ 178.653411921568107, 30.530614915561767 ], [ 178.664356044733296, 30.542702755499917 ], [ 178.676329686098143, 30.555793315594343 ], [ 178.688114423421894, 30.568543077629677 ], [ 178.688547607507218, 30.569009381703964 ], [ 178.69050867589354, 30.571117753040074 ], [ 178.690899859970614, 30.571539045107343 ], [ 178.691550379098686, 30.572239421218992 ], [ 178.703681326487015, 30.585223627286471 ], [ 178.715890133886376, 30.598154062340516 ], [ 178.728176703297038, 30.611030490381285 ], [ 178.740540735719094, 30.623852503408532 ], [ 178.752981837152134, 30.636619779422229 ], [ 178.765499708596167, 30.649331910422315 ], [ 178.778094152051267, 30.661988661408742 ], [ 178.790764772516951, 30.674589624381536 ], [ 178.803511271993784, 30.687134564340557 ], [ 178.816333352480996, 30.699622988285657 ], [ 178.829230718978806, 30.712054660216936 ], [ 178.842203072487223, 30.724429259134283 ], [ 178.855250017005943, 30.736746379037633 ], [ 178.868371354535157, 30.749005782926865 ], [ 178.881566690074436, 30.761207151802065 ], [ 178.894835724623846, 30.773349993663015 ], [ 178.908178063183442, 30.785434157509883 ], [ 178.921593506752913, 30.797459323342405 ], [ 178.935081659332212, 30.809424999160591 ], [ 178.948642125921396, 30.821331036964438 ], [ 178.962274607520214, 30.833177029753767 ], [ 178.975978808128673, 30.844962742528782 ], [ 178.989754330746592, 30.856687684289188 ], [ 179.003600977373793, 30.868351791035074 ], [ 179.017518253010309, 30.879954486766351 ], [ 179.031505762656167, 30.891495708482861 ], [ 179.045563305311134, 30.90297496318475 ], [ 179.059690486975001, 30.914392017871794 ], [ 179.06770484548457, 30.920816511818668 ], [ 179.073932577656535, 30.925783188549548 ], [ 179.088197946338283, 30.937074878206989 ], [ 179.10253186402872, 30.948303493849473 ], [ 179.116934032727784, 30.959468630477115 ], [ 179.131403958435584, 30.970570053089599 ], [ 179.145941342151588, 30.981607441687306 ], [ 179.160545888876044, 30.992580476269765 ], [ 179.175217200608699, 31.003488924837161 ], [ 179.189954783349663, 31.014332465389444 ], [ 179.204758339098532, 31.025110778926372 ], [ 179.219627570855465, 31.035823632448228 ], [ 179.23456208262013, 31.046470620954761 ], [ 179.249561378392684, 31.057051593445951 ], [ 179.264625161172773, 31.067566232921791 ], [ 179.276484291358571, 31.07576597406846 ], [ 179.279972154000831, 31.078165129403313 ], [ 179.295163821795995, 31.088546210848353 ], [ 179.310418689598492, 31.09886000027786 ], [ 179.325736559408227, 31.109106348691931 ], [ 179.341116934225312, 31.119284851090477 ], [ 179.356559420049223, 31.129395359473456 ], [ 179.372063717880195, 31.139437553840828 ], [ 179.387629234718048, 31.149411199192524 ], [ 179.403255770562538, 31.159315977528607 ], [ 179.418942832413762, 31.169151567848996 ], [ 179.434690122271604, 31.178917823153512 ], [ 179.450496946135559, 31.188614422442395 ], [ 179.46636320500636, 31.198241045715452 ], [ 179.482288403882961, 31.207797544972671 ], [ 179.498272047765965, 31.217283600214152 ], [ 179.514313740654728, 31.226698892439739 ], [ 179.53041308454965, 31.236043271649361 ], [ 179.546569685450407, 31.245316503843103 ], [ 179.562783146356708, 31.25451818302076 ], [ 179.579052971268794, 31.263648161182541 ], [ 179.587165099719016, 31.268161891754385 ], [ 179.601536857286987, 31.276130223761413 ], [ 179.617918817209812, 31.285116105890545 ], [ 179.634355754137971, 31.294029500003692 ], [ 179.65084747107116, 31.302870255100714 ], [ 179.667393472009792, 31.311637968181643 ], [ 179.683993261952963, 31.320332573246439 ], [ 179.700646345901418, 31.328953836295092 ], [ 179.717352524854391, 31.337501350327653 ], [ 179.734111106812065, 31.345975052343988 ], [ 179.750921792774307, 31.354374620344064 ], [ 179.764160416103891, 31.36091911811824 ], [ 179.777066895374077, 31.367282196868942 ], [ 179.793981197344863, 31.375532896835811 ], [ 179.810946217320037, 31.383708761786444 ], [ 179.827961460299178, 31.391809639720869 ], [ 179.845026529282364, 31.399835295638837 ], [ 179.86214102926948, 31.407785495540672 ], [ 179.879304464260457, 31.415660000426151 ], [ 179.896516339255271, 31.423458577295332 ], [ 179.913776257253403, 31.431181074148128 ], [ 179.93108362425528, 31.438827254984627 ], [ 179.948438243260426, 31.446396967804699 ], [ 179.965839320268884, 31.453889892608466 ], [ 179.983286657280445, 31.461305876395802 ], [ 180.0, 31.4683176365279 ], [ 180.0, 25.389754882052102 ] ] ], [ [ [ -180.0, 31.4683176365279 ], [ -179.999987591837026, 31.468322842133027 ], [ -179.999220239704755, 31.468644770166719 ], [ -179.981681965687102, 31.475906333921476 ], [ -179.964099016666665, 31.483090334659547 ], [ -179.94647168964346, 31.490196532381248 ], [ -179.928800478617489, 31.497224861086607 ], [ -179.911085979589103, 31.504174999775536 ], [ -179.893328686558249, 31.511046880447953 ], [ -179.875528897525044, 31.517840264103967 ], [ -179.857687206489686, 31.524554915743575 ], [ -179.839804109452132, 31.531190766366745 ], [ -179.82188000141258, 31.537747493973264 ], [ -179.803915477371191, 31.544225029563542 ], [ -179.785910934328001, 31.5506231351373 ], [ -179.767866865283139, 31.556941572694605 ], [ -179.749783867236687, 31.563180359235471 ], [ -179.731662236188697, 31.569339086759808 ], [ -179.713502566139454, 31.575417770267734 ], [ -179.695305353088912, 31.581416170759276 ], [ -179.677071191037271, 31.587334220234268 ], [ -179.658800376984431, 31.59317159369277 ], [ -179.640493406930659, 31.59892813813487 ], [ -179.622150973876131, 31.604603866560513 ], [ -179.603773473820894, 31.610198456969684 ], [ -179.585361302765023, 31.615711837362504 ], [ -179.566915154708681, 31.621143853738889 ], [ -179.548435326651827, 31.626494266098806 ], [ -179.529922511594634, 31.631763088442241 ], [ -179.51137710653731, 31.636949995769307 ], [ -179.507343330872942, 31.63806614083822 ], [ -179.4923189734007, 31.642187796088116 ], [ -179.473709972343272, 31.647210652382451 ], [ -179.455069768286023, 31.65215129566025 ], [ -179.436399152228859, 31.657009483921726 ], [ -179.417698423172141, 31.661785231166867 ], [ -179.398968174115652, 31.666478295395613 ], [ -179.380208901059859, 31.671088604608048 ], [ -179.361421199004582, 31.675616002804123 ], [ -179.342605362950167, 31.680060330983924 ], [ -179.340142759550758, 31.680635340006251 ], [ -179.332101557246347, 31.682523747080836 ], [ -179.313257885193451, 31.686884986243793 ], [ -179.294387171141352, 31.691162843390373 ], [ -179.282425813209613, 31.693828219474721 ], [ -179.274621063950264, 31.695549843526575 ], [ -179.255697947900359, 31.69966087864065 ], [ -179.23674947185188, 31.703688310738489 ], [ -179.217776033804711, 31.707631983820079 ], [ -179.198778226758975, 31.711491737885389 ], [ -179.179756646714821, 31.715267582934629 ], [ -179.160711687672261, 31.718959446967691 ], [ -179.141643945631444, 31.722567082984472 ], [ -179.122553914592572, 31.726090418985187 ], [ -179.103442091555564, 31.729529462969797 ], [ -179.084309069520657, 31.732884054938282 ], [ -179.065155343487817, 31.736154120890763 ], [ -179.045981410457273, 31.739339498827221 ], [ -179.026787863429121, 31.742440199747545 ], [ -179.007575098403407, 31.745456060651822 ], [ -178.988343810380201, 31.748387006540167 ], [ -178.969094493359677, 31.751233045412594 ], [ -178.94982754334174, 31.753994015269015 ], [ -178.943600406367636, 31.754867598219281 ], [ -178.926684519723466, 31.757210175078374 ], [ -178.907384087711762, 31.759800845902888 ], [ -178.888067608703125, 31.76230613271164 ], [ -178.868735775697473, 31.764726211504481 ], [ -178.849388984695025, 31.767060750281438 ], [ -178.840683493345921, 31.768082817176047 ], [ -178.829753238653581, 31.769341914039302 ], [ -178.810378315658028, 31.771505476784814 ], [ -178.790990216665904, 31.773583517514581 ], [ -178.771589240677542, 31.775575790228554 ], [ -178.752176178692736, 31.777482468927019 ], [ -178.732751428711794, 31.779303304609794 ], [ -178.713315484734693, 31.781038302276961 ], [ -178.693868941761622, 31.782687551928557 ], [ -178.67441239279259, 31.784250804564618 ], [ -178.654946335827702, 31.785728149185168 ], [ -178.635471262867156, 31.787119420790173 ], [ -178.615987770910863, 31.788424706379843 ], [ -178.596496353959026, 31.789644011954081 ], [ -178.576997508011715, 31.790777085512889 ], [ -178.557491925069087, 31.791824100056349 ], [ -178.537980003131167, 31.79278497358457 ], [ -178.518462336198013, 31.793659625097462 ], [ -178.498939517269775, 31.794448055595204 ], [ -178.479411944346367, 31.795150269077681 ], [ -178.46705345849935, 31.795550019742382 ], [ -178.453659016499017, 31.79596313737542 ], [ -178.434123715586594, 31.796492833827411 ], [ -178.41458534567937, 31.796936234264514 ], [ -178.395044497777491, 31.797293337686497 ], [ -178.375501669880975, 31.797564062093397 ], [ -178.355957453989959, 31.797748577485439 ], [ -178.336412348104517, 31.797846714862477 ], [ -178.323960648269349, 31.797864226457868 ], [ -178.304415244393141, 31.797821078810664 ], [ -178.284870335522925, 31.797691638148557 ], [ -178.265326615658552, 31.797475819471654 ], [ -178.245784381800149, 31.797173705780029 ], [ -178.24553574376381, 31.797169306771174 ], [ -178.245525144762155, 31.797169137770684 ], [ -178.225985188909931, 31.796780729064476 ], [ -178.206447908063723, 31.796306024343487 ], [ -178.186913797223696, 31.795745021607893 ], [ -178.167383549390081, 31.795097719857729 ], [ -178.147857659562789, 31.794364201093074 ], [ -178.128336524741997, 31.793544549313985 ], [ -178.108820838927727, 31.792638591520355 ], [ -178.089311195120075, 31.791646494712445 ], [ -178.06980789131913, 31.79056817189014 ], [ -178.050311719524842, 31.789403789053466 ], [ -178.030823076737676, 31.788153343202676 ], [ -178.011342457957227, 31.786816830337539 ], [ -177.991870555183851, 31.785394246458299 ], [ -177.972407865417608, 31.783885757565059 ], [ -177.952954784658431, 31.782291273657606 ], [ -177.933512104906555, 31.78061096073618 ], [ -177.914080123161938, 31.778844729800813 ], [ -177.894659434424796, 31.776992742851537 ], [ -177.875250633694975, 31.775054996888407 ], [ -177.855854312972866, 31.773031569911414 ], [ -177.836470870258182, 31.770922541920662 ], [ -177.822000847235557, 31.769291274171636 ], [ -177.816458503461575, 31.768654448882703 ], [ -177.797102499762474, 31.766374281864582 ], [ -177.777761058071178, 31.76400874883279 ], [ -177.758434773387847, 31.761557758787525 ], [ -177.739124039712323, 31.759021388728613 ], [ -177.719829354044975, 31.756399885656364 ], [ -177.700551409385668, 31.753693157570556 ], [ -177.681290700734507, 31.750901281471542 ], [ -177.66204772309149, 31.748024420359087 ], [ -177.642822973456902, 31.7450626482335 ], [ -177.623616944830445, 31.742015960094633 ], [ -177.604430333212747, 31.738884513942644 ], [ -177.585263531603402, 31.735668387777533 ], [ -177.566117137002578, 31.7323676555995 ], [ -177.557867911883818, 31.730918320087419 ], [ -177.549939536809148, 31.729520183594602 ], [ -177.541400266652744, 31.727997821061035 ], [ -177.522296368069675, 31.724528153857076 ], [ -177.50321446149556, 31.720974190640362 ], [ -177.484154940930182, 31.717336006410719 ], [ -177.465118502373656, 31.71361367716835 ], [ -177.446105539826021, 31.709807360913189 ], [ -177.427116648287409, 31.705917048645482 ], [ -177.408152225757902, 31.70194306636521 ], [ -177.389212963237469, 31.697885236072398 ], [ -177.370299257726174, 31.693743968766992 ], [ -177.351411704224034, 31.68951908344911 ], [ -177.332550697731392, 31.685210994119124 ], [ -177.313716933247832, 31.680819602776658 ], [ -177.294910805773782, 31.67634506642203 ], [ -177.276132910309286, 31.671787544055018 ], [ -177.257383642854137, 31.667147192676062 ], [ -177.238663597408646, 31.662424083284893 ], [ -177.219973269972769, 31.657618457881803 ], [ -177.201313155546529, 31.652730219466704 ], [ -177.182683749130035, 31.647759778039756 ], [ -177.164085546723356, 31.642707036600946 ], [ -177.16301749458529, 31.642414074517802 ], [ -177.16094379631727, 31.641846284356841 ], [ -177.142377588920539, 31.636711518906328 ], [ -177.123843576533829, 31.631494848444138 ], [ -177.105342352156953, 31.626196427970228 ], [ -177.086874411790149, 31.620816330484853 ], [ -177.068440152433368, 31.615354793987844 ], [ -177.050040265086608, 31.609811888479239 ], [ -177.04995041907523, 31.609784337471837 ], [ -177.03290209072884, 31.608536784710761 ], [ -177.013476152061003, 31.607028526829477 ], [ -176.994060020400184, 31.605434447934428 ], [ -176.993285974294253, 31.605369082898513 ], [ -176.991072107991187, 31.605182993795747 ], [ -176.971666179337717, 31.603502999887056 ], [ -176.952271047691568, 31.601737176964839 ], [ -176.932887110052803, 31.599885604029009 ], [ -176.913515158421319, 31.597948190079808 ], [ -176.894155489797214, 31.595925270117156 ], [ -176.874808699180591, 31.593816584141024 ], [ -176.855475380571505, 31.591622465151548 ], [ -176.836156028970152, 31.589342737148851 ], [ -176.816851140376571, 31.586977649132979 ], [ -176.79756140779071, 31.584527194103757 ], [ -176.778287128212696, 31.581991364061484 ], [ -176.759028994642506, 31.579370408006099 ], [ -176.739787405080335, 31.576664232937773 ], [ -176.720563051526199, 31.573872916856381 ], [ -176.701356329980143, 31.570996706762191 ], [ -176.682167835442357, 31.568035508654944 ], [ -176.66299816191264, 31.564989484534959 ], [ -176.643847607391223, 31.561858626402159 ], [ -176.624716962878296, 31.558643180256645 ], [ -176.605606625373781, 31.555343136098497 ], [ -176.586517090877635, 31.551958570927763 ], [ -176.569428644648013, 31.548853907868033 ], [ -176.567183475355449, 31.548440951727923 ], [ -176.548137228876442, 31.544887653532108 ], [ -176.529113370406066, 31.541250229323893 ], [ -176.510112493944462, 31.537528669103178 ], [ -176.491135093491778, 31.533723047870268 ], [ -176.472181666047817, 31.529833610625012 ], [ -176.453252705612641, 31.525860345367594 ], [ -176.434348708186434, 31.521803412097952 ], [ -176.420407956400936, 31.518754507152764 ], [ -176.412817372429799, 31.517078966635779 ], [ -176.393965084022, 31.512855061341995 ], [ -176.383649687706935, 31.510506006628251 ], [ -176.370950342089714, 31.507590566746014 ], [ -176.352151940700423, 31.5032001324285 ], [ -176.333381078320429, 31.498726481099066 ], [ -176.33100861902011, 31.49815466593007 ], [ -176.312855388724159, 31.493740103630913 ], [ -176.294141386363009, 31.489100638277819 ], [ -176.275456507011086, 31.484378513913239 ], [ -176.256801246668687, 31.479573800536922 ], [ -176.23817610033575, 31.474686656149071 ], [ -176.219581662012331, 31.469717153749674 ], [ -176.201018426698482, 31.464665448338749 ], [ -176.182486791394268, 31.459531696916379 ], [ -176.163987351099621, 31.454316056482767 ], [ -176.145520499814637, 31.44901868203781 ], [ -176.127086933539601, 31.443639645581612 ], [ -176.108687046274326, 31.438179187114269 ], [ -176.090321236018895, 31.432637376635832 ], [ -176.071990195773367, 31.42701445614621 ], [ -176.053694221537768, 31.421310494645613 ], [ -176.035434007312205, 31.415525648134228 ], [ -176.0172099500966, 31.409660155611807 ], [ -175.999022445891029, 31.403714088078665 ], [ -175.980872187695667, 31.397687683534688 ], [ -175.962759571510333, 31.391581096980136 ], [ -175.944684994335404, 31.385394483414885 ], [ -175.926649049170493, 31.379127996838967 ], [ -175.908652233015971, 31.372781790252631 ], [ -175.890695040871861, 31.366356102655843 ], [ -175.872777867737966, 31.359851004048704 ], [ -175.854901210614486, 31.353266816431162 ], [ -175.843493789262425, 31.349015983391645 ], [ -175.83643673742705, 31.346368369745871 ], [ -175.818642694324552, 31.339626364107954 ], [ -175.800890653232585, 31.332805813459913 ], [ -175.783181107151137, 31.32590678780165 ], [ -175.765514454080318, 31.31892952413342 ], [ -175.74789118902001, 31.311874174455319 ], [ -175.730311806970406, 31.304741062767299 ], [ -175.727771343674902, 31.303696340521185 ], [ -175.727700714665474, 31.303695574518791 ], [ -175.708261205071182, 31.303393628848209 ], [ -175.688823874482779, 31.303005436163978 ], [ -175.673612890461158, 31.302641482618935 ], [ -175.663474513115034, 31.302383252253126 ], [ -175.644043126539287, 31.301822560541609 ], [ -175.624615403969642, 31.301175702816533 ], [ -175.605192041406241, 31.300442677077942 ], [ -175.585773432849152, 31.299623396325945 ], [ -175.576338175608754, 31.299194103955692 ], [ -175.563004158857524, 31.298562964428356 ], [ -175.54359694231357, 31.297571504649611 ], [ -175.52419606577601, 31.296493867857549 ], [ -175.504802222245132, 31.29533013505209 ], [ -175.485415906720846, 31.294080388233468 ], [ -175.466037615203192, 31.292744624401607 ], [ -175.446667843692353, 31.291322924556635 ], [ -175.427307283188412, 31.289815284698687 ], [ -175.407956233691323, 31.288221786827556 ], [ -175.388615485201314, 31.286542424943494 ], [ -175.369285435718297, 31.284777196046459 ], [ -175.349966580242295, 31.282926349136567 ], [ -175.330659511773661, 31.280989709213706 ], [ -175.311364826312115, 31.278967441278173 ], [ -175.292082919857961, 31.276859625329866 ], [ -175.272814385411152, 31.274666254368821 ], [ -175.253559818971695, 31.272387409395101 ], [ -175.234319615539903, 31.27002325240883 ], [ -175.215094371115583, 31.267573607409918 ], [ -175.195884677698814, 31.265038808398579 ], [ -175.191507167148899, 31.26444896216632 ], [ -175.17351183689081, 31.261989982205968 ], [ -175.154334734489794, 31.259284756169862 ], [ -175.135174769096636, 31.25649460912139 ], [ -175.116032336711356, 31.253619364060562 ], [ -175.100187177741191, 31.251173034172396 ], [ -175.088401551277315, 31.249338542509705 ], [ -175.069296166908799, 31.246293629424667 ], [ -175.050210000548276, 31.24316393232732 ], [ -175.031143546195835, 31.23994969821802 ], [ -175.012097300851593, 31.236650834096661 ], [ -174.993071857515588, 31.233267585963329 ], [ -174.974067612187753, 31.229799859818122 ], [ -174.955085259868241, 31.226247986661036 ], [ -174.936125095557259, 31.22261187049207 ], [ -174.917187814254532, 31.218891673311315 ], [ -174.898273911960302, 31.21508747011897 ], [ -174.879383881674642, 31.211199420914866 ], [ -174.860518220397665, 31.207227599699216 ], [ -174.841677422129237, 31.203172167472001 ], [ -174.837415909616794, 31.202242535192575 ], [ -174.821121717660418, 31.198653001119208 ], [ -174.802332331409559, 31.194430635869047 ], [ -174.783569394167586, 31.190124880607694 ], [ -174.764833499934355, 31.185735979334872 ], [ -174.746124945710051, 31.181264006050871 ], [ -174.727444524494643, 31.176709033755547 ], [ -174.708792433288181, 31.172071306449212 ], [ -174.690169466090822, 31.167350896131694 ], [ -174.671575919902551, 31.162547876803188 ], [ -174.653012387723436, 31.157662404463697 ], [ -174.634479366553364, 31.152694724113282 ], [ -174.615977448392613, 31.147644820751943 ], [ -174.597506933241078, 31.142512937379927 ], [ -174.579068513098719, 31.137299146997055 ], [ -174.560662682965841, 31.132003605603511 ], [ -174.542289739842346, 31.126626469199383 ], [ -174.523950378728358, 31.121167894784616 ], [ -174.50564509262378, 31.115628124359382 ], [ -174.487374180528548, 31.110007142923696 ], [ -174.469138435442972, 31.10430510747759 ], [ -174.450938053367082, 31.09852234302118 ], [ -174.432773827300792, 31.092658921554392 ], [ -174.414645956244016, 31.08671491207739 ], [ -174.396555133197126, 31.080690640590319 ], [ -174.378501755159874, 31.07458609309311 ], [ -174.360486316132494, 31.06840159358584 ], [ -174.34250931111481, 31.062137297068613 ], [ -174.324571237107079, 31.055793274541411 ], [ -174.306672589109212, 31.049369764004432 ], [ -174.288813762121094, 31.042866921457527 ], [ -174.270995351143171, 31.036284985900934 ], [ -174.253217851175208, 31.029624111334684 ], [ -174.235481560217238, 31.022884366758802 ], [ -174.21778717026919, 31.016066076173395 ], [ -174.200134980331342, 31.009169394578432 ], [ -174.182525583403645, 31.002194473974029 ], [ -174.167823663798345, 30.996298090624254 ], [ -174.158166216745144, 30.992408750735624 ], [ -174.140644189838213, 30.985278035112966 ], [ -174.123166342941659, 30.97806962448097 ], [ -174.105733073055291, 30.970783842839865 ], [ -174.088344974179108, 30.963420758189518 ], [ -174.071002342313363, 30.955980608530027 ], [ -174.053705773457807, 30.948463716861703 ], [ -174.036455564612538, 30.940870151184431 ], [ -174.019252407777827, 30.933200149498198 ], [ -174.00209660195344, 30.925453948803131 ], [ -173.984988641139495, 30.917631787099289 ], [ -173.96792902133592, 30.909733818386741 ], [ -173.950918138542846, 30.901760192665513 ], [ -173.933956487760298, 30.893711318935697 ], [ -173.927134997044874, 30.890446437236246 ], [ -173.913943724663341, 30.884101217879305 ], [ -173.897082023902129, 30.875902261132747 ], [ -173.88027094315143, 30.867628681377791 ], [ -173.863510777411221, 30.859280545614553 ], [ -173.846802024681807, 30.850858261842934 ], [ -173.830145177962947, 30.842361895063188 ], [ -173.813540634254593, 30.833791768275127 ], [ -173.796988789557076, 30.825148118479035 ], [ -173.780490139870096, 30.81643118267505 ], [ -173.764045081193984, 30.807641196862882 ], [ -173.748281052592063, 30.799119161112717 ], [ -173.745475705307513, 30.797595077800299 ], [ -173.729139314652883, 30.788659676972625 ], [ -173.71285790100913, 30.779651850137128 ], [ -173.696631861375977, 30.77057200429395 ], [ -173.680461492753693, 30.761420290443066 ], [ -173.673334009040218, 30.757353463622795 ], [ -173.664082704115827, 30.752045600554183 ], [ -173.648025064515167, 30.742750930688146 ], [ -173.63202458192535, 30.733385186814687 ], [ -173.616081454346471, 30.723948519933739 ], [ -173.600196177778315, 30.714441253045521 ], [ -173.584369147220997, 30.704863706149922 ], [ -173.568600759674666, 30.695216116247067 ], [ -173.55289151013929, 30.685498633337087 ], [ -173.537241596614791, 30.675711664419939 ], [ -173.521651713101136, 30.665855360495744 ], [ -173.506122057598446, 30.65593004356462 ], [ -173.490653025106582, 30.645936034626516 ], [ -173.475245112625885, 30.635873484681554 ], [ -173.459898716156005, 30.625742799729672 ], [ -173.45306345650306, 30.621195409855577 ], [ -173.438547272117887, 30.611506565995658 ], [ -173.42332559067026, 30.601240317031028 ], [ -173.408166514233727, 30.590906639059686 ], [ -173.393070537808143, 30.580505853081736 ], [ -173.378037860393562, 30.570038281097364 ], [ -173.363069075989927, 30.559504160106474 ], [ -173.356433915369394, 30.554798887219111 ], [ -173.344785881281553, 30.546505073657165 ], [ -173.329946169900182, 30.535838722653931 ], [ -173.315171442529817, 30.525106699644311 ], [ -173.300461994170462, 30.514309326628563 ], [ -173.285818221822097, 30.503446838606653 ], [ -173.271240521484827, 30.492519558578643 ], [ -173.256729290158574, 30.481527807544591 ], [ -173.242284823843249, 30.470471735504503 ], [ -173.227907520539077, 30.459351836458552 ], [ -173.213597774245983, 30.448168260406639 ], [ -173.199355883963847, 30.436921329349151 ], [ -173.185182244692925, 30.425611452285818 ], [ -173.171077154432879, 30.414238863216813 ], [ -173.159603563411565, 30.404900354522077 ], [ -173.147859243367066, 30.39532385178579 ], [ -173.133893430129518, 30.383826776706485 ], [ -173.119997254902898, 30.372267953621755 ], [ -173.106171015687494, 30.360647617531619 ], [ -173.092415108483038, 30.348966091435944 ], [ -173.078729928289562, 30.33722369733508 ], [ -173.065115774107312, 30.325420844228816 ], [ -173.05157294193603, 30.313557682117448 ], [ -173.038101729775718, 30.301634620000861 ], [ -173.024702631626468, 30.289651980879206 ], [ -173.011375847488239, 30.277610086752436 ], [ -172.998121772361145, 30.265509259620725 ], [ -172.984940604244997, 30.253349738484122 ], [ -172.971832838139903, 30.241131931342586 ], [ -172.958798772045839, 30.228856160196273 ], [ -172.945838604962773, 30.216522750045169 ], [ -172.932952631890743, 30.204132022889446 ], [ -172.920141349829663, 30.191684301729062 ], [ -172.907405054779616, 30.179179911563903 ], [ -172.894743846740596, 30.166619260394487 ], [ -172.882158220712569, 30.154002500220379 ], [ -172.869648374695544, 30.141330214041908 ], [ -172.857214704689483, 30.128602551859089 ], [ -172.849815800092983, 30.120964986551687 ], [ -172.84323928256407, 30.114145405385575 ], [ -172.830958955579888, 30.101308175194458 ], [ -172.818755597606781, 30.088416626999056 ], [ -172.806629604644542, 30.075471085799443 ], [ -172.79458117469332, 30.062471960595833 ], [ -172.782610703752965, 30.049419576388203 ], [ -172.770718390823561, 30.036314259176581 ], [ -172.758904531905074, 30.023156331961008 ], [ -172.747169325997419, 30.009946292741542 ], [ -172.735513268100789, 29.996684294518303 ], [ -172.723936457215046, 29.983370747291268 ], [ -172.712439191340081, 29.970006064060581 ], [ -172.701021766476032, 29.956590569826162 ], [ -172.68968447962294, 29.943124589588219 ], [ -172.678427529780578, 29.929608536346699 ], [ -172.667251213949129, 29.916042734101602 ], [ -172.656155829128494, 29.902427510853098 ], [ -172.645141574318643, 29.888763277601196 ], [ -172.634208745519658, 29.875050361346041 ], [ -172.623357540731348, 29.861289174087414 ], [ -172.612588356953978, 29.847479956825705 ], [ -172.601901193187331, 29.833623207560901 ], [ -172.599033142982421, 29.829878101949443 ], [ -172.589439292298607, 29.817292755896961 ], [ -172.578917458553462, 29.803342016626093 ], [ -172.568478536818816, 29.789344726352176 ], [ -172.558122725095217, 29.775301299075227 ], [ -172.5478503213821, 29.761212148795433 ], [ -172.537661523679731, 29.747077603512764 ], [ -172.527556529988004, 29.73289807722734 ], [ -172.517535537306998, 29.718673896938999 ], [ -172.507598943636566, 29.704405479647981 ], [ -172.49774674797689, 29.690093151354361 ], [ -172.487979346327762, 29.675737329057998 ], [ -172.4782968376893, 29.661338339759151 ], [ -172.468699521061325, 29.646896686457715 ], [ -172.459187591444106, 29.632412525153878 ], [ -172.449761249837422, 29.617886444847588 ], [ -172.440420792241184, 29.603318687538941 ], [ -172.431166218655562, 29.588709757227871 ], [ -172.421997826080315, 29.57405998291463 ], [ -172.412915911515739, 29.55936960859913 ], [ -172.403920574961603, 29.544639224281454 ], [ -172.395012112418073, 29.529869159961589 ], [ -172.386190524884881, 29.515059746639761 ], [ -172.377456208362048, 29.500211401315887 ], [ -172.368809261849862, 29.485324455989947 ], [ -172.36024988334799, 29.470399414662104 ], [ -172.351778171856495, 29.455436607332334 ], [ -172.343394424375305, 29.440436368000672 ], [ -172.335098739904652, 29.425399114667336 ], [ -172.32689141644417, 29.410325265332212 ], [ -172.318772453994143, 29.395215238995384 ], [ -172.310742148554311, 29.380069454656802 ], [ -172.302800600125011, 29.364888159316695 ], [ -172.294948105705856, 29.349671858975046 ], [ -172.287184664296916, 29.334420886631769 ], [ -172.279510475898263, 29.319135662287191 ], [ -172.271925737509889, 29.303816693941052 ], [ -172.264430548131628, 29.288464139593533 ], [ -172.257025105763631, 29.273078596244673 ], [ -172.249709609405755, 29.257660483894597 ], [ -172.24248415805809, 29.242209962543164 ], [ -172.235348848720605, 29.226727715190663 ], [ -172.228303882393163, 29.21121398983686 ], [ -172.22134935607582, 29.195669121482013 ], [ -172.214485468768629, 29.180093706126065 ], [ -172.207712319471483, 29.164487992769146 ], [ -172.201030007184443, 29.148852403411162 ], [ -172.194438729907347, 29.133187361052396 ], [ -172.187938587640247, 29.117493290692511 ], [ -172.182685694429694, 29.10460681975777 ], [ -172.182026160351711, 29.104679200752432 ], [ -172.163145739122854, 29.106665391587669 ], [ -172.144253529896872, 29.108566204410227 ], [ -172.125350127673954, 29.110381382219909 ], [ -172.106435926454196, 29.11211110401694 ], [ -172.087511622237685, 29.113755199801183 ], [ -172.068577512024461, 29.115313673572697 ], [ -172.049634286814381, 29.11678635533168 ], [ -172.030682444607976, 29.118173422077877 ], [ -172.011722380404905, 29.119474704811537 ], [ -171.992754787205371, 29.120690119532668 ], [ -171.973780062009411, 29.121819755241237 ], [ -171.954798798817137, 29.12286352893728 ], [ -171.93581139362874, 29.123821355620841 ], [ -171.916818541444059, 29.124693325291926 ], [ -171.897820636263219, 29.125479264950624 ], [ -171.878818273086239, 29.126179352597031 ], [ -171.859811849913484, 29.126793327230935 ], [ -171.84080205774481, 29.127321364852623 ], [ -171.821789194580077, 29.127763379462003 ], [ -171.802774053419597, 29.128119374059157 ], [ -171.783756931263582, 29.128389346644067 ], [ -171.764738521111667, 29.128573300216843 ], [ -171.745719218964211, 29.128671147777506 ], [ -171.733602537598415, 29.128688542491229 ], [ -171.71458293845842, 29.128645576032071 ], [ -171.695563934322905, 29.128516416560814 ], [ -171.67654592019187, 29.128301325077661 ], [ -171.657529392065584, 29.128000125582453 ], [ -171.638515043944153, 29.127612906075289 ], [ -171.619503270827408, 29.127139664556353 ], [ -171.600494667715566, 29.126580487025471 ], [ -171.581489630608587, 29.125935197482729 ], [ -171.562488852506647, 29.125203969928275 ], [ -171.543492631409663, 29.12438680136211 ], [ -171.524501760317889, 29.123483689784241 ], [ -171.505516535231123, 29.122494632194588 ], [ -171.48653755014962, 29.121419714593433 ], [ -171.483450380811462, 29.121236704494596 ], [ -171.478254248242223, 29.120933832328745 ], [ -171.459282098166739, 29.119773045716059 ], [ -171.440317279096774, 29.118526479091798 ], [ -171.421360286032069, 29.117194042455953 ], [ -171.402411513972737, 29.115775905808793 ], [ -171.38347165791896, 29.114272067150132 ], [ -171.364541211870687, 29.11268252148011 ], [ -171.345620572828011, 29.111007351798818 ], [ -171.326710335790921, 29.109246642106214 ], [ -171.30781099475962, 29.107400386402407 ], [ -171.288923044734048, 29.105468579687365 ], [ -171.270047081714296, 29.103451392961102 ], [ -171.251183599700312, 29.101348820223794 ], [ -171.232333094692251, 29.099160943475443 ], [ -171.213496060690176, 29.096887755716029 ], [ -171.194672995694134, 29.094529427945716 ], [ -171.191749867384544, 29.094155392825055 ], [ -171.175509959666527, 29.092040534149749 ], [ -171.15671641268267, 29.089511990357558 ], [ -171.137938517704896, 29.086898461554622 ], [ -171.119176670733395, 29.084200026740788 ], [ -171.10043136576806, 29.081416679916217 ], [ -171.081703098809072, 29.078548588080928 ], [ -171.062992464856393, 29.075595831234999 ], [ -171.044299958910074, 29.072558489378377 ], [ -171.025625976970247, 29.06943655351127 ], [ -171.006971212036859, 29.066230191633714 ], [ -170.988335961109897, 29.062939482745556 ], [ -170.969720919189655, 29.059564504846975 ], [ -170.951126580275854, 29.056105335938135 ], [ -170.932553242368954, 29.052562057018925 ], [ -170.914001696468432, 29.048934918089412 ], [ -170.895472241574851, 29.045223824149602 ], [ -170.876965371688044, 29.041428940199754 ], [ -170.85848177980796, 29.037550344239641 ], [ -170.840021764934818, 29.033588200269481 ], [ -170.821585920068429, 29.029542586289317 ], [ -170.803174840209124, 29.025413665299165 ], [ -170.784788822356802, 29.021201516298962 ], [ -170.766428460511378, 29.016906214288941 ], [ -170.748094348672964, 29.012527837269118 ], [ -170.729786884841843, 29.008066634239505 ], [ -170.711506463017685, 29.003522683200064 ], [ -170.693253778200642, 28.99889614615094 ], [ -170.675029226390905, 28.994187013092347 ], [ -170.656833302588439, 28.989395533023938 ], [ -170.63866650179321, 28.984521693946103 ], [ -170.620529319005215, 28.97956583385875 ], [ -170.602422251224596, 28.974528026761984 ], [ -170.584345791451369, 28.969408262655815 ], [ -170.566300338685465, 28.964206875540327 ], [ -170.548286582927062, 28.958923853415492 ], [ -170.530304824176199, 28.953559446281407 ], [ -170.512355557432727, 28.948113815138189 ], [ -170.494439374696782, 28.94258703398588 ], [ -170.476556674968464, 28.936979176824433 ], [ -170.458707952247636, 28.931290578653936 ], [ -170.440893702534424, 28.925521315474519 ], [ -170.423114419829062, 28.91967154528615 ], [ -170.405370501131216, 28.913741430088901 ], [ -170.387662541441102, 28.907731130882812 ], [ -170.36999093575875, 28.901640719667991 ], [ -170.352356180084115, 28.895470532444424 ], [ -170.334758769417306, 28.889220640212184 ], [ -170.317199100758245, 28.88289120397134 ], [ -170.299677767107028, 28.876482471721935 ], [ -170.28219516646368, 28.869994514464011 ], [ -170.264751693828288, 28.863427579197698 ], [ -170.247347844200732, 28.856781825922877 ], [ -170.229984212581201, 28.850057413639757 ], [ -170.21266119496957, 28.843254588348422 ], [ -170.19537918836599, 28.836373510048762 ], [ -170.178138686770268, 28.829414248740761 ], [ -170.164412397503185, 28.823797946690373 ], [ -170.156270254679811, 28.822888255383887 ], [ -170.13746997278281, 28.820701055664777 ], [ -170.118683161891511, 28.818428662935212 ], [ -170.099910220006052, 28.816071072195175 ], [ -170.081151840126296, 28.813628365444604 ], [ -170.062408417252612, 28.811100536683501 ], [ -170.043680448384805, 28.808487839912182 ], [ -170.024968526523111, 28.805790270130434 ], [ -170.00627304866731, 28.8030078203385 ], [ -169.987594608817574, 28.8001405705362 ], [ -169.968933701973981, 28.797188776723814 ], [ -169.950290824136601, 28.794152341901206 ], [ -169.931666471305306, 28.791031348068508 ], [ -169.913061235480484, 28.787825962225781 ], [ -169.894475514661764, 28.784536261372971 ], [ -169.875909803849396, 28.781162327510181 ], [ -169.857364697043437, 28.777704238637529 ], [ -169.838840690243842, 28.774162072755033 ], [ -169.820338179450687, 28.770535996862598 ], [ -169.801857757664095, 28.76682608896045 ], [ -169.783400021883978, 28.763032340048543 ], [ -169.764965266110408, 28.759154916126938 ], [ -169.746554087343526, 28.755194068195859 ], [ -169.728166979583222, 28.751149701254995 ], [ -169.709804438829593, 28.747021979304694 ], [ -169.691466960082636, 28.742811066344782 ], [ -169.673155136342359, 28.738517127375523 ], [ -169.65486926760903, 28.734140065396787 ], [ -169.636610044882474, 28.729680218408784 ], [ -169.618377865162728, 28.725137663411488 ], [ -169.600173223449843, 28.72051247640492 ], [ -169.581996616743879, 28.715804733389191 ], [ -169.563848439044961, 28.711014687364102 ], [ -169.545729384352938, 28.706142411330138 ], [ -169.527639849667963, 28.701187983287017 ], [ -169.509580329989944, 28.696151652234935 ], [ -169.491551220319053, 28.691033494173841 ], [ -169.473553117655342, 28.685833584103978 ], [ -169.45558641599871, 28.680552172025195 ], [ -169.437651709349183, 28.675189332937524 ], [ -169.419749495706924, 28.669745316841201 ], [ -169.401880069071808, 28.664220110736132 ], [ -169.384044125444035, 28.658613962622358 ], [ -169.366241959823441, 28.652927036500021 ], [ -169.348474169210164, 28.647159492369113 ], [ -169.330741146604197, 28.641311404229757 ], [ -169.313043489005594, 28.635383021081925 ], [ -169.295381591414468, 28.629374417925629 ], [ -169.277755948830674, 28.623285840761184 ], [ -169.260166959254377, 28.61711745158826 ], [ -169.242615214685458, 28.610869324407084 ], [ -169.225101113123912, 28.604541794217791 ], [ -169.207625049570055, 28.598134846020301 ], [ -169.190187719023584, 28.591648727814764 ], [ -169.172789317484785, 28.585083688601102 ], [ -169.155430539953414, 28.578439886379535 ], [ -169.138111683429798, 28.571717394149967 ], [ -169.120833242913591, 28.564916460912531 ], [ -169.103595812405104, 28.558037243667272 ], [ -169.086399688904294, 28.551080079414241 ], [ -169.069245369411135, 28.544044951153417 ], [ -169.052133347925604, 28.536932105885001 ], [ -169.035064020447862, 28.529741878608892 ], [ -169.018037881977676, 28.522474252325196 ], [ -169.001055429515446, 28.515129562033973 ], [ -168.984117058060832, 28.507707966735246 ], [ -168.967223163614051, 28.500209711429164 ], [ -168.950374341175035, 28.492634956115744 ], [ -168.933570887743741, 28.484983858794827 ], [ -168.91681329832042, 28.477256666466747 ], [ -168.9001020689048, 28.469453624131482 ], [ -168.883437495497191, 28.461574976789056 ], [ -168.866820273097289, 28.453620797439449 ], [ -168.85025059870523, 28.445591417082753 ], [ -168.833728967321264, 28.437487082719109 ], [ -168.817255874945062, 28.429307865348498 ], [ -168.800831718576831, 28.421054095970899 ], [ -168.784456892216525, 28.412725933586575 ], [ -168.768131893864023, 28.404323710195378 ], [ -168.751857117519677, 28.395847584797444 ], [ -168.735632960183153, 28.387297715392688 ], [ -168.719459916854674, 28.378674431981416 ], [ -168.703338384534163, 28.369977982563451 ], [ -168.687268759221467, 28.361208523138995 ], [ -168.671251436917032, 28.352366385708116 ], [ -168.655286913620529, 28.343451641270562 ], [ -168.639375485331982, 28.334464708826818 ], [ -168.623517746051505, 28.325405746376635 ], [ -168.607713994778948, 28.316275085920193 ], [ -168.59196462751467, 28.307072796457486 ], [ -168.58343664983181, 28.302033906659155 ], [ -168.576327492121862, 28.303051084633129 ], [ -168.557683030263121, 28.305631509553894 ], [ -168.539023312407039, 28.308127008463355 ], [ -168.520348933553493, 28.310537500361441 ], [ -168.501660389702664, 28.312862903248249 ], [ -168.482958175854634, 28.315103134123746 ], [ -168.464242787009312, 28.317258110988142 ], [ -168.44551471916688, 28.31932792784124 ], [ -168.426774466327373, 28.321312326683135 ], [ -168.408022623490666, 28.32321139851387 ], [ -168.389259686657198, 28.325025061333545 ], [ -168.370486150826736, 28.326753232142003 ], [ -168.351702509999427, 28.328395913939385 ], [ -168.332909261175274, 28.329952936725807 ], [ -168.314106899354528, 28.331424391501233 ], [ -168.295296017536941, 28.332810194265665 ], [ -168.276477012722893, 28.334110348019063 ], [ -168.257650579912081, 28.335324680761591 ], [ -168.238817112104897, 28.336453283493185 ], [ -168.219977107301276, 28.337496159213963 ], [ -168.201131060501154, 28.338453133923821 ], [ -168.182279564704828, 28.339324298622973 ], [ -168.163423115912167, 28.340109655311402 ], [ -168.144562210123269, 28.340809030988993 ], [ -168.125697440338087, 28.341422514655861 ], [ -168.106829204556959, 28.341950107312122 ], [ -168.087957995779675, 28.34239172295781 ], [ -168.069084410006354, 28.342747362592736 ], [ -168.050209041237053, 28.34301711521724 ], [ -168.031332285471933, 28.343200805831071 ], [ -168.012454638710892, 28.343298610434481 ], [ -168.000428199591198, 28.343316050176416 ], [ -167.981550255837021, 28.343273106762716 ], [ -167.962672905087175, 28.343144102338591 ], [ -167.943796546341616, 28.342929123904121 ], [ -167.924921771600509, 28.342628258459371 ], [ -167.906049077863742, 28.342241417004278 ], [ -167.887178860131428, 28.341768600538895 ], [ -167.868311812403675, 28.341209806063297 ], [ -167.849448330680502, 28.340565120577555 ], [ -167.830589009961983, 28.33983454208165 ], [ -167.811734245248061, 28.339018069575616 ], [ -167.792884730538844, 28.338115788059479 ], [ -167.774040862834454, 28.337127607533382 ], [ -167.763045824841811, 28.336511206221655 ], [ -167.755042067120257, 28.33604441099267 ], [ -167.736211076425519, 28.334884689446646 ], [ -167.717387317735671, 28.333639147890636 ], [ -167.698571186050742, 28.332307960324759 ], [ -167.679763375370783, 28.330891034749083 ], [ -167.660964282695801, 28.32938854316361 ], [ -167.642174401025983, 28.327800395568406 ], [ -167.623394327361183, 28.326126673963412 ], [ -167.604624555701633, 28.324367462348761 ], [ -167.585865581047244, 28.322522844724464 ], [ -167.567117998397975, 28.320592816090734 ], [ -167.548382104754154, 28.318577372447397 ], [ -167.529658593115641, 28.316476595794445 ], [ -167.510947959482394, 28.314290656132094 ], [ -167.492250599854628, 28.312019461460341 ], [ -167.473567108232203, 28.309663268779246 ], [ -167.454897979615339, 28.307221897088652 ], [ -167.436243810003873, 28.304695603388893 ], [ -167.417604993398072, 28.302084293679858 ], [ -167.398982026797739, 28.299388224961685 ], [ -167.380375405203182, 28.296607303234222 ], [ -167.361785821614149, 28.293741784497691 ], [ -167.343213573030965, 28.290791573752102 ], [ -167.324659254453366, 28.287756839997517 ], [ -167.306123359881639, 28.284637576233877 ], [ -167.287606287315583, 28.281434037461342 ], [ -167.269108729755573, 28.278146127679843 ], [ -167.25063108220121, 28.274774103889623 ], [ -167.232173940652871, 28.271317956090531 ], [ -167.213737600110392, 28.267777765282656 ], [ -167.195322756574029, 28.264153609465993 ], [ -167.176929805043557, 28.260445744640769 ], [ -167.15855933951903, 28.256654072806885 ], [ -167.140211756000696, 28.252778847964514 ], [ -167.121887650488304, 28.248820150113435 ], [ -167.103587417982169, 28.244778057254006 ], [ -167.085311553482228, 28.240652558386032 ], [ -167.067060651988299, 28.236443996509706 ], [ -167.048835109500715, 28.232152360625065 ], [ -167.030635520019359, 28.227777728732111 ], [ -167.012462281544146, 28.223320353830811 ], [ -166.994315887075345, 28.218780225921357 ], [ -166.976196832612686, 28.214157508003819 ], [ -166.958105713156442, 28.209452367078093 ], [ -166.940042924706688, 28.204664967144339 ], [ -166.92200896226322, 28.199795296202574 ], [ -166.904004320826203, 28.194843606252793 ], [ -166.886029397395589, 28.189809974295045 ], [ -166.868084884971438, 28.184694476329454 ], [ -166.850171080553821, 28.179497451356021 ], [ -166.832288480142694, 28.174218887374828 ], [ -166.814437677738056, 28.168858949385896 ], [ -166.796619069340011, 28.16341771038925 ], [ -166.792687027032031, 28.162204821168036 ], [ -166.777764997864978, 28.157565584324924 ], [ -166.760012263480064, 28.151962481313095 ], [ -166.74229320910203, 28.14627856729383 ], [ -166.7246082317304, 28.140514004266937 ], [ -166.706957924365526, 28.134669043232627 ], [ -166.689342683007339, 28.128743759190943 ], [ -166.671762905655868, 28.122738402141909 ], [ -166.654219185311064, 28.116652958085606 ], [ -166.636711918972992, 28.110487853022011 ], [ -166.619241601641647, 28.104242983951231 ], [ -166.601808629317134, 28.097918690873275 ], [ -166.584413595999308, 28.091515132788235 ], [ -166.567056898688264, 28.085032384696046 ], [ -166.549739033384014, 28.078470783596948 ], [ -166.532460394086712, 28.071830314490789 ], [ -166.515221577796183, 28.065111315377827 ], [ -166.498022780512542, 28.058313858257932 ], [ -166.480864696235727, 28.051438280131151 ], [ -166.463747820965949, 28.044484565997735 ], [ -166.44667235170283, 28.037453051857504 ], [ -166.429638983446665, 28.03034389871063 ], [ -166.412648011197462, 28.023157179557089 ], [ -166.395699931955278, 28.015893317397019 ], [ -166.378795240720052, 28.008552297230406 ], [ -166.361934333491689, 28.00113445505735 ], [ -166.345117705270269, 27.993639950877775 ], [ -166.328345753055885, 27.986068944691873 ], [ -166.311618970848372, 27.9784216834997 ], [ -166.294937756648011, 27.97069832730114 ], [ -166.278302505454519, 27.962899124096392 ], [ -166.261713811268152, 27.95502432188545 ], [ -166.245171874088697, 27.94707407866839 ], [ -166.228677384916381, 27.939048642445201 ], [ -166.212230642751052, 27.930948173215977 ], [ -166.195832042592713, 27.922773004980808 ], [ -166.179482081441535, 27.914523209739635 ], [ -166.163181252297306, 27.906199121492605 ], [ -166.146929854160135, 27.89780090023967 ], [ -166.130728382030071, 27.889328879980916 ], [ -166.11457713190714, 27.880783132716424 ], [ -166.106817059368723, 27.876641380105436 ], [ -166.098262435776235, 27.872049290429363 ], [ -166.082213216667498, 27.86335699415352 ], [ -166.066215607565738, 27.854591710872047 ], [ -166.050270003470985, 27.845753685585098 ], [ -166.034376802383434, 27.836843166292592 ], [ -166.018536399302917, 27.827860398994464 ], [ -166.002749290229531, 27.81880571769117 ], [ -165.987015871163237, 27.809679192382383 ], [ -165.971336537104094, 27.800481247068266 ], [ -165.955711687051888, 27.791211950748831 ], [ -165.940141615006951, 27.781871726424193 ], [ -165.924626917968965, 27.772460643094313 ], [ -165.909167891938353, 27.762979124759266 ], [ -165.893764932914678, 27.753427328419285 ], [ -165.878418436897988, 27.743805588074157 ], [ -165.863128900888427, 27.734114061724 ], [ -165.862883630872346, 27.733957698702262 ], [ -165.847687902872394, 27.724220155350476 ], [ -165.832513274876959, 27.714389960990552 ], [ -165.817396595888823, 27.704490807625749 ], [ -165.802338460907691, 27.694522940256146 ], [ -165.787339165933702, 27.684486693881695 ], [ -165.772399108966795, 27.674382225502484 ], [ -165.757518587007013, 27.664209959118804 ], [ -165.755876091901314, 27.663080480965387 ], [ -165.742425088036697, 27.653782258704865 ], [ -165.727664922091009, 27.643475113311769 ], [ -165.712965479152501, 27.633100818914293 ], [ -165.698327155220881, 27.622659709512217 ], [ -165.683750347296524, 27.612152119105723 ], [ -165.669235351379115, 27.601578381694786 ], [ -165.654782565468764, 27.590938655279523 ], [ -165.640392383565427, 27.580233273860056 ], [ -165.62606520466926, 27.569462571436087 ], [ -165.61180122378002, 27.558626706008024 ], [ -165.597601037897931, 27.547726100575769 ], [ -165.583464744022848, 27.536761001139347 ], [ -165.569392938154778, 27.525731740698888 ], [ -165.555385917293648, 27.514638478254284 ], [ -165.541443877439633, 27.503481636805738 ], [ -165.527567316592382, 27.492261550353231 ], [ -165.513756530752346, 27.48097837589679 ], [ -165.500011915919316, 27.469632448436375 ], [ -165.48633386909313, 27.458224191972253 ], [ -165.472722489274076, 27.446753763504251 ], [ -165.459178369461767, 27.435221586032497 ], [ -165.445701708656543, 27.423627817557122 ], [ -165.432293002858188, 27.411972970078104 ], [ -165.418952350066832, 27.400257112595266 ], [ -165.405680246282401, 27.38848075610899 ], [ -165.392476889504849, 27.376644148619189 ], [ -165.379342774734113, 27.364747625125801 ], [ -165.366278198970406, 27.352791431629047 ], [ -165.353283361213585, 27.340775903128879 ], [ -165.340358656463593, 27.328701462625286 ], [ -165.327504383720395, 27.316568270118406 ], [ -165.314720837984055, 27.304376748608135 ], [ -165.302008416254722, 27.292127233094675 ], [ -165.289367416532116, 27.279819970577993 ], [ -165.276798135816165, 27.267455386058252 ], [ -165.26430077110723, 27.255033726535164 ], [ -165.251875719404978, 27.2425553270091 ], [ -165.239523377709588, 27.230020523480071 ], [ -165.227243843020943, 27.217429739947974 ], [ -165.215037612339017, 27.204783136412878 ], [ -165.202904883663905, 27.192081225874823 ], [ -165.190845854995445, 27.179324167333856 ], [ -165.178861021333631, 27.166512472790071 ], [ -165.166950481678612, 27.153646392243498 ], [ -165.155114731030295, 27.140726172694137 ], [ -165.143353869388704, 27.127752327142019 ], [ -165.131668192753637, 27.114725104587173 ], [ -165.120058099125316, 27.101644842029696 ], [ -165.108523784503689, 27.0885119644696 ], [ -165.097065547888519, 27.075326719906943 ], [ -165.085683685279946, 27.062089535341688 ], [ -165.077321234834869, 27.052259990181899 ], [ -165.066634468075705, 27.049077298676696 ], [ -165.048962367823208, 27.04372361783259 ], [ -165.031322065576319, 27.038288870981553 ], [ -165.013713957335142, 27.032773044123495 ], [ -164.996138538099615, 27.027176481258415 ], [ -164.978596402869755, 27.021499170386484 ], [ -164.961087749645486, 27.015741364507647 ], [ -164.943613272426944, 27.009903140621955 ], [ -164.926173365214225, 27.003984663729526 ], [ -164.908768526007236, 26.997986186830364 ], [ -164.891399149805835, 26.991907875924483 ], [ -164.874065830610363, 26.985749716011998 ], [ -164.85676886642068, 26.979512050093053 ], [ -164.839508751236735, 26.973195042167365 ], [ -164.83689557905771, 26.972230441026422 ], [ -164.822012481039877, 26.96669766822048 ], [ -164.804827551867447, 26.960222374281926 ], [ -164.787680958700975, 26.953668141336827 ], [ -164.774466506804202, 26.948553024602795 ], [ -164.769401726460984, 26.946579620320257 ], [ -164.761598860932565, 26.94352316788348 ], [ -164.756186878564421, 26.941502886590925 ], [ -164.739005714397621, 26.935027727656486 ], [ -164.721862885236675, 26.928473700715692 ], [ -164.707004354232964, 26.922711794892869 ], [ -164.701628726829199, 26.922719697808983 ], [ -164.682993081431675, 26.922676720510818 ], [ -164.664357831037734, 26.922547966203844 ], [ -164.645723671647318, 26.92233343388801 ], [ -164.627090997260524, 26.922032947563299 ], [ -164.608460402877512, 26.921646682229973 ], [ -164.58983228549809, 26.921174636887905 ], [ -164.57120723912243, 26.920616723537066 ], [ -164.552585659750548, 26.919973116177573 ], [ -164.533968240382592, 26.91924363780948 ], [ -164.515355279018394, 26.918428462432814 ], [ -164.4967474686581, 26.917527590047591 ], [ -164.47814510630181, 26.916540928653806 ], [ -164.459548885949317, 26.915468653251622 ], [ -164.440959302600987, 26.914310762840955 ], [ -164.422376653256549, 26.913067164421783 ], [ -164.403801729916324, 26.911738032994307 ], [ -164.385234831580135, 26.910323366558462 ], [ -164.366676451248168, 26.908823160114405 ], [ -164.34812728392032, 26.907237589662088 ], [ -164.329587625596588, 26.905566473201379 ], [ -164.311058171277097, 26.9038100737326 ], [ -164.292539216962069, 26.901968297255699 ], [ -164.274031455651141, 26.900041228770622 ], [ -164.255535185344712, 26.898028954277461 ], [ -164.237051100042436, 26.895931466776258 ], [ -164.2185796937448, 26.893748941267145 ], [ -164.200121263451365, 26.891481281749893 ], [ -164.181676504162454, 26.889128662224874 ], [ -164.163245910878146, 26.886691166691847 ], [ -164.144829878598131, 26.884168699151026 ], [ -164.126428902322886, 26.881561520602478 ], [ -164.10804357905198, 26.8788696260461 ], [ -164.089674400785782, 26.87609300948197 ], [ -164.071321766524278, 26.873231929910187 ], [ -164.052986269267279, 26.870286293330707 ], [ -164.034668305015117, 26.867256180743681 ], [ -164.016368468767553, 26.864141763149007 ], [ -163.998087255524752, 26.860943123546871 ], [ -163.979825061286675, 26.857660342937265 ], [ -163.961582382053308, 26.854293502320079 ], [ -163.943359910824711, 26.850842593695504 ], [ -163.925157845600978, 26.84730787706372 ], [ -163.90697697938225, 26.843689255424479 ], [ -163.888817509168263, 26.839987075778019 ], [ -163.870680128959151, 26.836201241124222 ], [ -163.852565334754928, 26.832331920463346 ], [ -163.83447342355575, 26.828379194795264 ], [ -163.816405087361318, 26.824343232120061 ], [ -163.798360724172056, 26.820224023437717 ], [ -163.780340728987824, 26.816021827748376 ], [ -163.762345795808358, 26.811736634052092 ], [ -163.744376222634173, 26.80736870134869 ], [ -163.726432601464865, 26.802918017638603 ], [ -163.708515429300746, 26.798384752921425 ], [ -163.690625004141651, 26.793768985197591 ], [ -163.672762016987747, 26.789070881466877 ], [ -163.654926964838921, 26.784290611729425 ], [ -163.637120144695217, 26.77942825198539 ], [ -163.619342051556657, 26.77448388123452 ], [ -163.601593279423327, 26.769457755477159 ], [ -163.583874324295095, 26.764349952713147 ], [ -163.566185582172096, 26.759160550942664 ], [ -163.548527450054451, 26.753889806165549 ], [ -163.530900618941814, 26.748537795382081 ], [ -163.513305289834591, 26.743104685592272 ], [ -163.495742154732511, 26.737590552795972 ], [ -163.478211608635803, 26.731995651993387 ], [ -163.460714149544231, 26.726320062184623 ], [ -163.443250172458164, 26.720563947369552 ], [ -163.425820171377353, 26.714727562548191 ], [ -163.408424545301756, 26.708810895720841 ], [ -163.39106398523154, 26.702814199887339 ], [ -163.373738689166743, 26.696737643047758 ], [ -163.356449254107247, 26.690581387202165 ], [ -163.339196173053068, 26.684345599350582 ], [ -163.321979743004306, 26.678030355493032 ], [ -163.304800658960943, 26.67163599762959 ], [ -163.287659117923027, 26.665162600760254 ], [ -163.270555813890439, 26.658610241885256 ], [ -163.253491043863278, 26.651979263004435 ], [ -163.236465302841452, 26.645269828117776 ], [ -163.219479085825128, 26.638482012225563 ], [ -163.202532789814285, 26.631616158327752 ], [ -163.185626810808799, 26.624672251424187 ], [ -163.168761742808783, 26.617650633515161 ], [ -163.151937982814189, 26.610551379600611 ], [ -163.135155827825059, 26.603374831680576 ], [ -163.118415970841397, 26.596120974755141 ], [ -163.101718609863241, 26.588790239824352 ], [ -163.085064338890504, 26.581382611888149 ], [ -163.06845355592327, 26.573898432946731 ], [ -163.051886753961497, 26.566337864999976 ], [ -163.035364232005264, 26.558701160048045 ], [ -163.0188865840544, 26.550988394090925 ], [ -163.00245410610907, 26.543199817128681 ], [ -163.000001834115437, 26.542023133155233 ], [ -163.000008855347176, 24.120684866875987 ], [ -161.742426248366058, 23.880416359652241 ], [ -161.686796235746016, 23.868386358945489 ], [ -161.632106223175128, 23.853156357406824 ], [ -161.5785762107013, 23.834776355036258 ], [ -161.526426198380648, 23.813316351845625 ], [ -161.475866186263261, 23.788876347850394 ], [ -161.42708617439493, 23.761546343062868 ], [ -161.380296162830064, 23.731436337504739 ], [ -161.335666151614248, 23.698676331200172 ], [ -161.293376140788496, 23.663376324170486 ], [ -161.253606130405302, 23.625696316448245 ], [ -161.216506120502999, 23.585776308061128 ], [ -161.18221611112088, 23.543786299049383 ], [ -161.150876102296024, 23.499886289445598 ], [ -161.122606094067265, 23.454246279291119 ], [ -161.097516086463685, 23.407066268627052 ], [ -161.075696079515581, 23.358506257495385 ], [ -161.057246073254333, 23.308786245944003 ], [ -161.042216067697552, 23.258086234019284 ], [ -161.03067606287172, 23.206616221771533 ], [ -161.022666058793192, 23.1545762092465 ], [ -161.018206055474138, 23.102166196495833 ], [ -161.017306052925704, 23.049606183574454 ], [ -161.019986051161965, 22.997106170534348 ], [ -161.026206050182424, 22.944846157421285 ], [ -161.035956049991057, 22.89306614429676 ], [ -161.049196050588733, 22.841946131206338 ], [ -161.065846051964542, 22.791696118205309 ], [ -161.08586605411827, 22.742516105345221 ], [ -161.109156057035932, 22.694596092677532 ], [ -161.135626060701469, 22.648116080247195 ], [ -161.165166065102568, 22.603266068107505 ], [ -161.19766607021748, 22.560226056305758 ], [ -161.232986076025185, 22.519156044887673 ], [ -161.270996082501199, 22.480216033894596 ], [ -161.311536089616737, 22.443556023370643 ], [ -161.354446097341935, 22.409336013359834 ], [ -161.399566105650024, 22.377666003893495 ], [ -161.446716114504994, 22.348685995013746 ], [ -161.495716123870892, 22.322495986748422 ], [ -161.546356133710702, 22.299215979136143 ], [ -161.598466143985831, 22.278915972197609 ], [ -161.651816154654341, 22.261675965959949 ], [ -161.706216165678171, 22.247575960450231 ], [ -161.761456177012747, 22.23666595568822 ], [ -161.817306188613088, 22.228985951688415 ], [ -161.8735662004365, 22.224575948469713 ], [ -161.930006212436041, 22.223425946035981 ], [ -161.986416224567193, 22.225565944402678 ], [ -162.042576236785266, 22.230985943573224 ], [ -162.090986247441094, 22.238515943552201 ], [ -162.098266249043206, 22.23965594354884 ], [ -163.000009107613153, 22.41307833741984 ], [ -163.000009573951615, 19.234578382299485 ], [ -163.004100499801638, 19.238241445110145 ], [ -163.016850765008456, 19.249771453102575 ], [ -163.02954209020379, 19.26136084811889 ], [ -163.042174178387484, 19.273009431159185 ], [ -163.054746633559375, 19.284716811223362 ], [ -163.067259255719307, 19.296482881311377 ], [ -163.079711551867263, 19.308307158423094 ], [ -163.092103323003272, 19.320189439558447 ], [ -163.104434371126871, 19.332129430717423 ], [ -163.11670420123815, 19.344126928900039 ], [ -163.128912515337049, 19.356181451105986 ], [ -163.141059214423422, 19.368292984335476 ], [ -163.153143705496973, 19.380460950588155 ], [ -163.165165986557781, 19.392685336864265 ], [ -163.177125564605518, 19.404965659163416 ], [ -163.189022139640343, 19.417301622485706 ], [ -163.200855516662074, 19.429693024831177 ], [ -163.212625296670524, 19.442139570199455 ], [ -163.224331283665549, 19.454640870590776 ], [ -163.235973079647039, 19.46719662900486 ], [ -163.247550488615019, 19.479806645441553 ], [ -163.259063210569138, 19.492470623901095 ], [ -163.270510851509613, 19.505188081383235 ], [ -163.281893312436068, 19.517958908887838 ], [ -163.293210096348275, 19.530782719414887 ], [ -163.304461006246555, 19.543659215964272 ], [ -163.315645844130472, 19.55658801053595 ], [ -163.326764114999946, 19.569568901129841 ], [ -163.337815817854903, 19.582601592745867 ], [ -163.348800358695286, 19.595685602383835 ], [ -163.359717737520839, 19.608820822043867 ], [ -163.370567558331601, 19.622006863725716 ], [ -163.381349523127426, 19.635243337429369 ], [ -163.392063435908199, 19.6485300431547 ], [ -163.402708996673766, 19.661866496901702 ], [ -163.413285811424004, 19.675252592670081 ], [ -163.42379378015886, 19.688687846460088 ], [ -163.434232505878242, 19.702171964271361 ], [ -163.444601891582067, 19.715704651103898 ], [ -163.454901440270135, 19.729285611957565 ], [ -163.45862754060667, 19.734233429363428 ], [ -163.466628328479516, 19.744904443398116 ], [ -163.476787907135787, 19.758580895294074 ], [ -163.486876955776125, 19.772304549210929 ], [ -163.496895177400205, 19.786075110148577 ], [ -163.506842472008117, 19.799892282106988 ], [ -163.516718445599622, 19.813755679086018 ], [ -163.526522898174562, 19.827665005085581 ], [ -163.53625553273298, 19.841619967105554 ], [ -163.545916250274672, 19.855620081145858 ], [ -163.555504556799633, 19.869665148206387 ], [ -163.565020351307652, 19.883754874287153 ], [ -163.574463337798676, 19.897888776387941 ], [ -163.583833417272558, 19.912066561508588 ], [ -163.593130093729314, 19.926287840649216 ], [ -163.602353368168679, 19.940552414809648 ], [ -163.611502744590496, 19.954859801989546 ], [ -163.620578222994965, 19.969209802189084 ], [ -163.629579505381741, 19.983601840408124 ], [ -163.638506197750672, 19.998035810646471 ], [ -163.647358298101892, 20.012511137904017 ], [ -163.65613541043524, 20.027027715180772 ], [ -163.66483733775047, 20.041584968476474 ], [ -163.673463881047581, 20.056182698791183 ], [ -163.682014842326424, 20.070820519124698 ], [ -163.690489925586888, 20.085498040476949 ], [ -163.698888929828939, 20.10021487884784 ], [ -163.707211660052451, 20.114970739237187 ], [ -163.715457817257345, 20.12976532864495 ], [ -163.723627204443517, 20.144598074071023 ], [ -163.731719720610755, 20.159468868515294 ], [ -163.738413823240194, 20.171919903241996 ], [ -163.741350159637989, 20.173531348269016 ], [ -163.756635733857109, 20.18197162174053 ], [ -163.771878119075808, 20.190482603220932 ], [ -163.787077016294063, 20.199064002709889 ], [ -163.802232031511636, 20.207715526207767 ], [ -163.817342766728672, 20.21643706771426 ], [ -163.832408826944999, 20.225228428229556 ], [ -163.847430013160675, 20.234089315753483 ], [ -163.862405831375526, 20.243019623286227 ], [ -163.877335883589581, 20.25201905982772 ], [ -163.892219971802689, 20.261087518377948 ], [ -163.907057603014806, 20.270224611936886 ], [ -163.921848477226121, 20.279430234504545 ], [ -163.936592199436348, 20.288704188080995 ], [ -163.951288472645359, 20.298046178666116 ], [ -163.955876780023743, 20.300993820851925 ], [ -163.967980880804987, 20.298627860401648 ], [ -163.985350752929207, 20.295315959762519 ], [ -164.002737266057693, 20.29208417712973 ], [ -164.020139827190576, 20.288932612503576 ], [ -164.03755823832779, 20.285861268883917 ], [ -164.054992002469305, 20.282870340270758 ], [ -164.072440725615138, 20.279959735664214 ], [ -164.089904009765149, 20.277129649064257 ], [ -164.107381359919486, 20.274380082471001 ], [ -164.124872480078096, 20.271711135884424 ], [ -164.142376873240863, 20.269122905304535 ], [ -164.159894243407791, 20.266615301731434 ], [ -164.177424095579084, 20.264188610165224 ], [ -164.194965933754446, 20.261842647605743 ], [ -164.212519558933906, 20.259577697053196 ], [ -164.230084379117471, 20.257393576507464 ], [ -164.247660095305207, 20.255290568968739 ], [ -164.265246212496919, 20.253268584436917 ], [ -164.282842433692849, 20.251327625912104 ], [ -164.300448262892758, 20.249467884394448 ], [ -164.318063306096548, 20.247689361883907 ], [ -164.335687065304512, 20.245992061380313 ], [ -164.353319343516375, 20.244375985883853 ], [ -164.37095944773219, 20.242841231394628 ], [ -164.388607278951923, 20.241387799912705 ], [ -164.406262143175667, 20.240015788438001 ], [ -164.423923743403208, 20.238725196970538 ], [ -164.441591782634561, 20.237516030510445 ], [ -164.459265665869822, 20.23638838105764 ], [ -164.476944997108831, 20.235342159612269 ], [ -164.494629480351648, 20.234377461174205 ], [ -164.512318618598187, 20.233494378743735 ], [ -164.530012115848592, 20.232692822320729 ], [ -164.547709377102592, 20.231972885905233 ], [ -164.565410105360201, 20.231334476497221 ], [ -164.581062494475191, 20.230838090142836 ], [ -164.587642874944578, 20.230640619994983 ], [ -164.601696256948713, 20.230256804682483 ], [ -164.605705862235567, 20.230156385594217 ], [ -164.623414416504659, 20.229762845209031 ], [ -164.641124752777131, 20.229451022831569 ], [ -164.658836477053256, 20.229220825461791 ], [ -164.676549092333005, 20.229072347099855 ], [ -164.69426230261621, 20.229005493745603 ], [ -164.700564823073591, 20.229001379621394 ], [ -164.712173827917184, 20.229020360395257 ], [ -164.729886839207239, 20.229116852056709 ], [ -164.747599157500645, 20.229294969726041 ], [ -164.765310386797523, 20.229554805403303 ], [ -164.783020129097736, 20.229896266088399 ], [ -164.800727891401181, 20.230319351781539 ], [ -164.818433274707928, 20.230824154482644 ], [ -164.836135985017961, 20.231410486191709 ], [ -164.853835425331198, 20.232078438909035 ], [ -164.871531398647676, 20.232828106634308 ], [ -164.889223310967225, 20.23365920736769 ], [ -164.906910765289979, 20.234571926109307 ], [ -164.924593465615686, 20.235566168859087 ], [ -164.942270815944624, 20.236641932617026 ], [ -164.959942619276518, 20.237799216383213 ], [ -164.977608280611349, 20.239037925157685 ], [ -164.995267503949179, 20.240358149940405 ], [ -165.012919891289982, 20.241759701731581 ], [ -165.030564948633611, 20.243242578530971 ], [ -165.035119179980938, 20.243638608480552 ], [ -165.049143834052046, 20.244889143328386 ], [ -165.066773042401451, 20.246534662144658 ], [ -165.084393631753585, 20.248261497969395 ], [ -165.102005405108571, 20.250069554802561 ], [ -165.119607768466125, 20.251958736644269 ], [ -165.137200324826608, 20.253929040494445 ], [ -165.154782678189434, 20.255980463353136 ], [ -165.172354530555054, 20.258113001220469 ], [ -165.189915387923321, 20.260326371096323 ], [ -165.207464754293966, 20.262620754980855 ], [ -165.225002333667078, 20.264996057874079 ], [ -165.242527628042808, 20.267452087775897 ], [ -165.260040343420826, 20.269989027686492 ], [ -165.277539982801216, 20.272606500605704 ], [ -165.295026149184167, 20.275304781533844 ], [ -165.312498349569154, 20.278083493470586 ], [ -165.329956382956453, 20.280942817416314 ], [ -165.347399757345983, 20.283882564370792 ], [ -165.364827974737807, 20.286902727334027 ], [ -165.382240640131727, 20.290003209306171 ], [ -165.399637455527738, 20.293183911287265 ], [ -165.417017926925809, 20.296444735277305 ], [ -165.434381756325934, 20.299785677276258 ], [ -165.451728349728057, 20.303206636284099 ], [ -165.469057409132091, 20.30670751430106 ], [ -165.486368539537892, 20.310288213327013 ], [ -165.491966652993227, 20.311464005337225 ], [ -165.504008643973975, 20.314021896362512 ], [ -165.521282627383442, 20.317762029406584 ], [ -165.538537491794926, 20.321581779459581 ], [ -165.547978593568814, 20.323717702493621 ], [ -165.54866586361959, 20.323612860469705 ], [ -165.566176101913811, 20.321024759868429 ], [ -165.583699317212421, 20.318517352274636 ], [ -165.601235013515236, 20.316090828688306 ], [ -165.618782695822262, 20.313745006109304 ], [ -165.636342166133687, 20.311480169537916 ], [ -165.653912929449234, 20.309296226973984 ], [ -165.671494489768975, 20.307193371417704 ], [ -165.689086551092856, 20.305171510868977 ], [ -165.70668851742073, 20.303230742327887 ], [ -165.724300291752911, 20.301371069794513 ], [ -165.741921178089228, 20.299592681268862 ], [ -165.759550881429391, 20.297895394750793 ], [ -165.777188905773812, 20.296279493240625 ], [ -165.794834954122138, 20.294744883738307 ], [ -165.812488629474416, 20.293291570243888 ], [ -165.830149436830567, 20.291919648757201 ], [ -165.847816882190841, 20.290629121278542 ], [ -165.865490765554966, 20.289419988807698 ], [ -165.883170492922858, 20.288292441344939 ], [ -165.900855768294576, 20.287246293890224 ], [ -165.918546194670341, 20.286281733443534 ], [ -165.936241178049755, 20.285398670004916 ], [ -165.953940519432933, 20.284597104574374 ], [ -165.97164362581978, 20.283877224152064 ], [ -165.989350297210393, 20.283238843737969 ], [ -166.00705984260469, 20.282682152331994 ], [ -166.024772062002654, 20.282207054934307 ], [ -166.042486559404239, 20.281813648544958 ], [ -166.060202740809331, 20.281501838163912 ], [ -166.07792030921803, 20.281271624791088 ], [ -166.095638868630346, 20.281123103426822 ], [ -166.113358022046043, 20.281056273070881 ], [ -166.131077175465208, 20.281071134723305 ], [ -166.148796130887689, 20.281167593384311 ], [ -166.16651439331369, 20.28134574405388 ], [ -166.184231565743062, 20.281605491731831 ], [ -166.201947153175752, 20.281946930418396 ], [ -166.219660857611615, 20.282370059113642 ], [ -166.237372186050834, 20.282874783817437 ], [ -166.255080740493241, 20.283461103529937 ], [ -166.272786123939028, 20.28412901725121 ], [ -166.290487942387813, 20.284878617981079 ], [ -166.308185698839765, 20.285709716719737 ], [ -166.325879097294717, 20.286622313467163 ], [ -166.343567641752657, 20.287616592223422 ], [ -166.361251035213883, 20.288692270988474 ], [ -166.364781790506015, 20.288916864942674 ], [ -166.379148692696191, 20.289863461759595 ], [ -166.396820298163163, 20.291102124542508 ], [ -166.41448546463306, 20.292422181334292 ], [ -166.432143697105943, 20.29382363113503 ], [ -166.449794598581548, 20.295306471944688 ], [ -166.467437774059874, 20.296870607763427 ], [ -166.485072925541147, 20.298516035591195 ], [ -166.502699459025081, 20.300242754428012 ], [ -166.520317077511663, 20.302050665273953 ], [ -166.537925285000881, 20.303939767128938 ], [ -166.555523785492596, 20.305909963993166 ], [ -166.573111982987058, 20.307961251866491 ], [ -166.590258675447217, 20.310040266751834 ], [ -166.600410425312674, 20.311281755685222 ], [ -166.617977226812968, 20.313495104577157 ], [ -166.635532635315599, 20.315789254478375 ], [ -166.653076157820863, 20.318164386388858 ], [ -166.670607495328397, 20.320620311308673 ], [ -166.688126153838198, 20.323157024237826 ], [ -166.705631836350307, 20.325774336176266 ], [ -166.723123946864575, 20.32847242712414 ], [ -166.740602288381154, 20.331251015081381 ], [ -166.758066265899743, 20.334110094048079 ], [ -166.775515583420514, 20.337049660024181 ], [ -166.792949843943518, 20.340069615009806 ], [ -166.810368452468367, 20.343169860004952 ], [ -166.827771310995217, 20.346350298009504 ], [ -166.845157726524008, 20.349610923023683 ], [ -166.862527499054721, 20.352951636047358 ], [ -166.879880036587224, 20.356372340080679 ], [ -166.897215138121624, 20.359873028123573 ], [ -166.914532212657662, 20.363453509176104 ], [ -166.93183096019547, 20.367113776238316 ], [ -166.949110985734961, 20.370853637310134 ], [ -166.966371794276085, 20.374673087391702 ], [ -166.976376343170926, 20.376925404443408 ], [ -166.99266805862942, 20.380611688530216 ], [ -167.00988954017447, 20.384590056631502 ], [ -167.02709071472097, 20.388647712742547 ], [ -167.044271087268982, 20.392784650863302 ], [ -167.061430162818255, 20.397000677994008 ], [ -167.078567741369, 20.401295694134397 ], [ -167.095683329920973, 20.40566959928465 ], [ -167.11277653047415, 20.410122385444762 ], [ -167.129846947028625, 20.414653860614685 ], [ -167.146894184584227, 20.419263922794485 ], [ -167.162981443055259, 20.423692406973501 ], [ -167.177303571364519, 20.427570854126387 ], [ -167.194328024923749, 20.432259427317597 ], [ -167.211328605484084, 20.43702629051857 ], [ -167.228304719045553, 20.441871434729549 ], [ -167.245256067607897, 20.446794758950492 ], [ -167.262182255171098, 20.45179606918142 ], [ -167.279082884735203, 20.456875358422231 ], [ -167.295957463300027, 20.462032524673095 ], [ -167.312805591865754, 20.467267279933971 ], [ -167.329627074432068, 20.472579616204875 ], [ -167.346421315999009, 20.47796933848586 ], [ -167.363187919566741, 20.483436437776799 ], [ -167.379926687134883, 20.488980627077858 ], [ -167.396637025703484, 20.494601897388907 ], [ -167.413318538272677, 20.500300145710167 ], [ -167.42997102584215, 20.50607517804151 ], [ -167.446593895412036, 20.511926798382902 ], [ -167.463186848982161, 20.517854903734541 ], [ -167.479749490552564, 20.523859486096182 ], [ -167.496281423123236, 20.529940162467984 ], [ -167.51278215369399, 20.536097016849933 ], [ -167.529251481264794, 20.542329853242112 ], [ -167.539878615280003, 20.546398408501009 ], [ -167.546953992956617, 20.549124589675557 ], [ -167.563359131527477, 20.555508781088019 ], [ -167.579731679098472, 20.561968459510812 ], [ -167.59607114066921, 20.568503520943811 ], [ -167.61237722023975, 20.57511376938692 ], [ -167.628649420810092, 20.581799008840299 ], [ -167.644887347380262, 20.588559135303839 ], [ -167.661090801949939, 20.595394044777631 ], [ -167.677259188519258, 20.602303448261722 ], [ -167.693392311088132, 20.609287240755982 ], [ -167.709489574656516, 20.61634532026056 ], [ -167.725550780224353, 20.623477394775261 ], [ -167.741575432791564, 20.630683361300189 ], [ -167.757563236358152, 20.637963115835475 ], [ -167.773513792923865, 20.645316367380925 ], [ -167.789426608489038, 20.652743012936703 ], [ -167.805301484053189, 20.660242852502723 ], [ -167.82113792561654, 20.667815784079032 ], [ -167.836935634178985, 20.675461515665614 ], [ -167.852694115740377, 20.683179943262399 ], [ -167.868413073300729, 20.690970774869424 ], [ -167.884092109859949, 20.698834000486826 ], [ -167.89973092841808, 20.706769234114422 ], [ -167.915329033974871, 20.714776558752309 ], [ -167.930886228530483, 20.722855495400484 ], [ -167.9464019170847, 20.731006034058915 ], [ -167.961875802637508, 20.739227880727565 ], [ -167.97730758818895, 20.747520932406495 ], [ -167.992696877738837, 20.755884989095716 ], [ -168.008043373287137, 20.764319760795146 ], [ -168.023346481833897, 20.772825140504949 ], [ -168.038606103378925, 20.781400837224869 ], [ -168.053821642922202, 20.790046745955006 ], [ -168.06899290446367, 20.798762666695534 ], [ -168.084119490003417, 20.807548308446126 ], [ -168.099200904541135, 20.816403472207046 ], [ -168.114236950076958, 20.8253279579782 ], [ -168.129227229610677, 20.834321661759525 ], [ -168.144171349142425, 20.843384196551082 ], [ -168.15906891067192, 20.852515457352869 ], [ -168.173919715199332, 20.861715245164845 ], [ -168.188723170724415, 20.870983265986936 ], [ -168.203479078247256, 20.880319322819268 ], [ -168.218187139767679, 20.889723307661804 ], [ -168.232846761285685, 20.899194835514486 ], [ -168.24745784480109, 20.908733707377213 ], [ -168.262019893314147, 20.918339816250189 ], [ -168.276532610824489, 20.928012777133283 ], [ -168.290995601332156, 20.937752482026461 ], [ -168.305408566837144, 20.947558639929721 ], [ -168.319771111339463, 20.95743105084307 ], [ -168.334082837838793, 20.967369513766609 ], [ -168.348343550335329, 20.977373643700194 ], [ -168.36255285082882, 20.987443427643729 ], [ -168.376710244319327, 20.997578385597389 ], [ -168.390815631806817, 21.007778504561049 ], [ -168.404868518291124, 21.01804339753469 ], [ -168.418868506772185, 21.028372864518325 ], [ -168.432815400250121, 21.038766613512035 ], [ -168.446708801724668, 21.049224537515595 ], [ -168.460548414195898, 21.059746156529179 ], [ -168.474333742663759, 21.070331456552687 ], [ -168.488064688128077, 21.080980051586099 ], [ -168.501740754588866, 21.091691741629408 ], [ -168.515361546045966, 21.102466327682535 ], [ -168.528926963499543, 21.113303328745605 ], [ -168.54243641394936, 21.124202730818432 ], [ -168.555889795395416, 21.135164240901084 ], [ -168.569286614837608, 21.146187472993596 ], [ -168.582626575275839, 21.157272227095884 ], [ -168.595909476710148, 21.168418209207776 ], [ -168.609134825140472, 21.179625313329531 ], [ -168.622302422566804, 21.190893057461011 ], [ -168.635411773988949, 21.202221244602097 ], [ -168.648462778406895, 21.213609764752885 ], [ -168.661454942820654, 21.225058046913361 ], [ -168.674387969229969, 21.236566076083342 ], [ -168.687261658635009, 21.248133559262943 ], [ -168.700075616035747, 21.259760017452219 ], [ -168.712829444431833, 21.271445342650953 ], [ -168.725522945823514, 21.283189240859233 ], [ -168.738155725210504, 21.294991421076958 ], [ -168.750727582592958, 21.306851587304212 ], [ -168.763238022970626, 21.31876954054087 ], [ -168.775686948343491, 21.33074480078691 ], [ -168.788073862711542, 21.342777262042301 ], [ -168.800398568074741, 21.354866536307153 ], [ -168.812660767432959, 21.367012424581194 ], [ -168.824860064786208, 21.379214539864559 ], [ -168.836996261134431, 21.39147268115725 ], [ -168.84906896147757, 21.403786557459178 ], [ -168.861077866815435, 21.416155779770207 ], [ -168.873022781148194, 21.428580057090453 ], [ -168.884903306475564, 21.441059187419764 ], [ -168.896719146797636, 21.453592878758311 ], [ -168.90847010311424, 21.466180745105799 ], [ -168.920155681425456, 21.478822492462484 ], [ -168.931775780731186, 21.491517920828084 ], [ -168.943330106031368, 21.504266644202637 ], [ -168.954818259325833, 21.517068370586113 ], [ -168.966239944614728, 21.529922711978546 ], [ -168.977594962897768, 21.542829563379804 ], [ -168.988883017175056, 21.555788351789943 ], [ -168.991774941502655, 21.559129358153978 ], [ -169.000523523494081, 21.569284319261765 ], [ -169.011676758759677, 21.582346430689412 ], [ -169.022762139019278, 21.595459693125839 ], [ -169.033779366272739, 21.608623814570951 ], [ -169.04472824352024, 21.621838408024679 ], [ -169.055608373761629, 21.635103182486979 ], [ -169.066419558996841, 21.648417936957905 ], [ -169.077161502225778, 21.661782193437372 ], [ -169.087833906448395, 21.675195659925272 ], [ -169.098436473664805, 21.688658135421637 ], [ -169.108969104874745, 21.702169142926365 ], [ -169.119431306078241, 21.715728481439523 ], [ -169.129822976275136, 21.729335767961011 ], [ -169.140143721465478, 21.742990707490712 ], [ -169.150393341649306, 21.756692917028627 ], [ -169.16057154082651, 21.770442103574773 ], [ -169.170678120996854, 21.784237882129105 ], [ -169.180712783160544, 21.798080053691546 ], [ -169.19067523231729, 21.811968141262046 ], [ -169.200565170467229, 21.825901943840403 ], [ -169.20232485167196, 21.828396621123382 ], [ -169.204925146969771, 21.831740947499817 ], [ -169.215398541170032, 21.845298816027483 ], [ -169.217028951357065, 21.847431377268215 ], [ -169.221960002855809, 21.849046682405593 ], [ -169.238827051563447, 21.854658540887076 ], [ -169.255665176270895, 21.860347110379319 ], [ -169.272474077977762, 21.866112475882158 ], [ -169.289253262684184, 21.871954256395675 ], [ -169.306002432389988, 21.877872534920002 ], [ -169.322721091095104, 21.883867025454929 ], [ -169.33940894379981, 21.88993762400062 ], [ -169.356065493503593, 21.896084137557111 ], [ -169.372690443206665, 21.902306556124312 ], [ -169.389283296908815, 21.908604682702176 ], [ -169.405843759610065, 21.914978324290804 ], [ -169.422371433310531, 21.92142737689008 ], [ -169.438865824009838, 21.92795164550019 ], [ -169.455326731708141, 21.934550935121099 ], [ -169.471753564405248, 21.941225233752714 ], [ -169.48814602210129, 21.947974255395028 ], [ -169.504503810796109, 21.954797895048145 ], [ -169.520826432489571, 21.961696049712042 ], [ -169.53711349218176, 21.968668431386682 ], [ -169.553364593872516, 21.975715029072045 ], [ -169.569579539561715, 21.982835553768176 ], [ -169.585757634249546, 21.99002980947505 ], [ -169.601898780935727, 21.997297785192742 ], [ -169.618002482620284, 22.004639190921111 ], [ -169.634068245303126, 22.012053831660307 ], [ -169.650095869984256, 22.019541602410211 ], [ -169.666084960663596, 22.027102307170885 ], [ -169.68203502234104, 22.0347358409423 ], [ -169.697945758016488, 22.042441914724463 ], [ -169.713816770690102, 22.050220331517373 ], [ -169.729647664361636, 22.058070987320932 ], [ -169.745438043031015, 22.065993777135315 ], [ -169.761187609698283, 22.073988318960478 ], [ -169.776895968363277, 22.082054507796254 ], [ -169.79256272102603, 22.090192146642742 ], [ -169.80818747368653, 22.098401131500029 ], [ -169.823769928344518, 22.10668117036796 ], [ -169.839309589000123, 22.115032068246492 ], [ -169.854806158653219, 22.123453718135906 ], [ -169.870259341303665, 22.131945830035875 ], [ -169.885668640951423, 22.140508299946521 ], [ -169.901033760596619, 22.149140743867846 ], [ -169.916354402239136, 22.157843149799849 ], [ -169.931629971878692, 22.166615227742412 ], [ -169.946860370515452, 22.175456778695743 ], [ -169.962045005149179, 22.184367696659532 ], [ -169.977183675780083, 22.193347507634066 ], [ -169.9922758874078, 22.202396289619113 ], [ -170.00652778294679, 22.211032730562316 ], [ -170.015799494862932, 22.209553498278261 ], [ -170.033507256614655, 22.206810830745873 ], [ -170.051228886370552, 22.204148544222861 ], [ -170.068963890130192, 22.201566736709413 ], [ -170.08671196889361, 22.199065503205549 ], [ -170.104472529660853, 22.196644757711113 ], [ -170.12224527443189, 22.194304780226361 ], [ -170.140029807206588, 22.192045390751179 ], [ -170.157825631985162, 22.189866870285705 ], [ -170.175632353767128, 22.187769128829821 ], [ -170.193449576552894, 22.185752172383797 ], [ -170.211276902342206, 22.183816186947457 ], [ -170.229113936135121, 22.181961084520868 ], [ -170.246960281931564, 22.180187052104198 ], [ -170.26481544273139, 22.178494001697217 ], [ -170.282679024534872, 22.176881936300269 ], [ -170.300550630341633, 22.1753511349132 ], [ -170.318429863151778, 22.173901415536076 ], [ -170.336316228965273, 22.172532780168854 ], [ -170.35420942878207, 22.171245509811698 ], [ -170.372109067602139, 22.170039328464629 ], [ -170.390014551425423, 22.16891451512749 ], [ -170.40792558225192, 22.167870980800533 ], [ -170.425841764081582, 22.166908725483804 ], [ -170.443762601914273, 22.166027844177062 ], [ -170.461687798750177, 22.165228338880521 ], [ -170.479616857589065, 22.164510209594219 ], [ -170.497549384430954, 22.163873459318239 ], [ -170.515484883275718, 22.163318087052545 ], [ -170.533423056123496, 22.162844187796981 ], [ -170.551363407974122, 22.16245166955196 ], [ -170.569305642827572, 22.162140625317242 ], [ -170.587249164683897, 22.161911055092787 ], [ -170.6051936775429, 22.161762867878839 ], [ -170.623138785404649, 22.161696248675344 ], [ -170.629470330062162, 22.161692095606078 ], [ -170.641346497296297, 22.161711011479479 ], [ -170.659291406163447, 22.161807249296952 ], [ -170.677235622033123, 22.161984963124887 ], [ -170.695178747905175, 22.162244058963481 ], [ -170.713120288779976, 22.162584721812564 ], [ -170.731059947657116, 22.163006765672357 ], [ -170.748997229536656, 22.163510190542631 ], [ -170.76693163841864, 22.164095087423753 ], [ -170.784862976302946, 22.164761455315404 ], [ -170.80279064918949, 22.165509108217787 ], [ -170.820714359078238, 22.166338138130989 ], [ -170.838633512969324, 22.167248542054839 ], [ -170.856547911862464, 22.168240319989572 ], [ -170.874456961757602, 22.169313376935136 ], [ -170.89236036565498, 22.170467710891455 ], [ -170.910257726554306, 22.171703319858604 ], [ -170.928148450455581, 22.173020110836681 ], [ -170.946032339358737, 22.174418171825657 ], [ -170.963908798263873, 22.175897316825495 ], [ -170.981777630170768, 22.17745763583638 ], [ -170.999638141079373, 22.179099032858215 ], [ -171.01749013298982, 22.180821505891078 ], [ -171.035333110901888, 22.182624958934763 ], [ -171.053166677815568, 22.184509481989682 ], [ -171.070990437730899, 22.186474794055524 ], [ -171.088803895647715, 22.188521077132616 ], [ -171.106606754565945, 22.190648234220617 ], [ -171.124398518485776, 22.192856078319874 ], [ -171.142178791406934, 22.195144697430212 ], [ -171.159947178329389, 22.197513994551826 ], [ -171.17770328125323, 22.199963966684486 ], [ -171.195446605178233, 22.202494423828316 ], [ -171.213176755104342, 22.205105454983425 ], [ -171.230893432031706, 22.207796871149725 ], [ -171.248596142960054, 22.210568758327405 ], [ -171.266284488889454, 22.213420929516221 ], [ -171.28395807582001, 22.216353377716416 ], [ -171.301616407751311, 22.21936591392782 ], [ -171.319259187683599, 22.222458718150584 ], [ -171.336885919616634, 22.225631414384772 ], [ -171.354496307550477, 22.228884183630193 ], [ -171.372089755485007, 22.232216834887119 ], [ -171.389666066420148, 22.235629270155208 ], [ -171.407224646355957, 22.239121483434946 ], [ -171.424765197292402, 22.242693284725984 ], [ -171.442287323229294, 22.246344759028432 ], [ -171.459790528166593, 22.250075624342436 ], [ -171.477274418104372, 22.25388596666777 ], [ -171.494738693042422, 22.257775594004663 ], [ -171.51218285998084, 22.261744407352992 ], [ -171.529606521919391, 22.265792400712847 ], [ -171.547009182858119, 22.269919383084218 ], [ -171.564390644797044, 22.274125253467115 ], [ -171.581750314736041, 22.278410098861492 ], [ -171.599087893675005, 22.282773541267495 ], [ -171.616402986613906, 22.287215759684969 ], [ -171.633695097552732, 22.291736375114038 ], [ -171.650963831491424, 22.29633556655471 ], [ -171.668208889429906, 22.301012956006868 ], [ -171.685429777368086, 22.305768628470773 ], [ -171.702626099305917, 22.310602390946258 ], [ -171.71979755624335, 22.31551405043329 ], [ -171.736943556180364, 22.320503691931968 ], [ -171.754063899116943, 22.325571029442337 ], [ -171.771157992052878, 22.33071605496426 ], [ -171.788225635988226, 22.335938575497867 ], [ -171.805266236922876, 22.341238489043114 ], [ -171.822279595856799, 22.346615603599997 ], [ -171.839265120789918, 22.35207000116857 ], [ -171.856222511722251, 22.35760130474879 ], [ -171.873151374653531, 22.363209596340713 ], [ -171.89005131158396, 22.368894590944333 ], [ -171.906921927513423, 22.374656186559573 ], [ -171.92376282544177, 22.380494280186547 ], [ -171.940573511368768, 22.386408771825298 ], [ -171.957353785294742, 22.392399374475602 ], [ -171.974103054219341, 22.398466169137642 ], [ -171.990821020142732, 22.404608870811451 ], [ -172.007507287064669, 22.410827376496822 ], [ -172.024161558985213, 22.417121491194006 ], [ -172.039981555811607, 22.423183879868649 ], [ -172.056521414664616, 22.424474053882111 ], [ -172.074429770673476, 22.42595273390814 ], [ -172.092330400684006, 22.427512531945521 ], [ -172.110222808696165, 22.429153445994316 ], [ -172.128106697709853, 22.430875289054683 ], [ -172.145981572725248, 22.432678242126425 ], [ -172.163846937741994, 22.434562025209754 ], [ -172.181702495760163, 22.436526728304415 ], [ -172.199547850779709, 22.438572346410776 ], [ -172.217382506800647, 22.440698784528706 ], [ -172.235206069822851, 22.442905946658048 ], [ -172.253018140846166, 22.445193736799144 ], [ -172.270818324870731, 22.447562242951776 ], [ -172.288606126896525, 22.450011369116055 ], [ -172.306381248923287, 22.452541111292067 ], [ -172.324143295951046, 22.455151188479565 ], [ -172.341891671979823, 22.457841779678848 ], [ -172.359626081009395, 22.460612695889832 ], [ -172.377346127039971, 22.463463933112482 ], [ -172.395051413071229, 22.466395394346989 ], [ -172.412741542103277, 22.469406981593146 ], [ -172.430415922136035, 22.472498689851207 ], [ -172.448074353169517, 22.475670422120864 ], [ -172.465716340203443, 22.478922172402395 ], [ -172.483341487237993, 22.482253657695782 ], [ -172.500949398272894, 22.485664966000979 ], [ -172.518539578308321, 22.489156091318069 ], [ -172.536111728344082, 22.492726749646881 ], [ -172.553665454380109, 22.49637693598757 ], [ -172.571200161416385, 22.500106643340203 ], [ -172.58871565045294, 22.503915682704815 ], [ -172.606211426489523, 22.507804045081148 ], [ -172.623687094526247, 22.511771633469529 ], [ -172.641142256563001, 22.515818255869863 ], [ -172.658576417599733, 22.519943905282059 ], [ -172.675989282636266, 22.524148482706202 ], [ -172.693380452672784, 22.528431890142425 ], [ -172.710749433709026, 22.532793933590536 ], [ -172.728095927744931, 22.53723469905054 ], [ -172.745419341780604, 22.541753902522647 ], [ -172.762719477815892, 22.546351535006707 ], [ -172.779995838850795, 22.55102749850284 ], [ -172.797248028885093, 22.555781600010913 ], [ -172.814475652918844, 22.560613739531142 ], [ -172.831678313951954, 22.565523908063234 ], [ -172.84885561698448, 22.570511913607511 ], [ -172.866007163016093, 22.575577656163738 ], [ -172.883132460047136, 22.580721033732061 ], [ -172.900231307077149, 22.585941854312402 ], [ -172.917303112106339, 22.591240107904898 ], [ -172.934347477134423, 22.596615511509391 ], [ -172.951364105161559, 22.602068146125976 ], [ -172.968352601187519, 22.607597727754637 ], [ -172.985312568212407, 22.613204153395362 ], [ -173.002243511235974, 22.618887415048196 ], [ -173.019145034258372, 22.624647225713101 ], [ -173.036016838279437, 22.63048348439013 ], [ -173.052858529298987, 22.63639609007928 ], [ -173.069669710317129, 22.642384847780438 ], [ -173.086449885333678, 22.648449654493668 ], [ -173.103198658348617, 22.654590502219129 ], [ -173.119915832361983, 22.660807010956535 ], [ -173.136600812373558, 22.667099170706159 ], [ -173.153253201383365, 22.673466786467809 ], [ -173.169872802391296, 22.679909757241639 ], [ -173.186459020397308, 22.686427887027509 ], [ -173.203011657401419, 22.693021072825498 ], [ -173.219530119403515, 22.699689120635522 ], [ -173.236014108403424, 22.706431834457693 ], [ -173.252463327401216, 22.713249112291901 ], [ -173.268877282396687, 22.720140849138172 ], [ -173.285255575390039, 22.727106759996609 ], [ -173.301597811380958, 22.734146830867076 ], [ -173.317903693369402, 22.741260776749559 ], [ -173.334172823355431, 22.748448400644158 ], [ -173.345556073746309, 22.753540669279847 ], [ -173.359478698362977, 22.751199807823458 ], [ -173.377226183425961, 22.74829854925305 ], [ -173.394988328493014, 22.745477529693428 ], [ -173.412764738564078, 22.742736848144677 ], [ -173.430555017639051, 22.740076415606911 ], [ -173.448358668717901, 22.737496513080004 ], [ -173.466175296800628, 22.734996961564093 ], [ -173.484004603887144, 22.73257804105921 ], [ -173.501845996977409, 22.730239664565378 ], [ -173.519699277071538, 22.727981928082585 ], [ -173.537563849169402, 22.72580492661092 ], [ -173.555439318270885, 22.723708665150429 ], [ -173.57332538637587, 22.721693146701057 ], [ -173.591221559484524, 22.719758558262967 ], [ -173.609127340596729, 22.717904812835982 ], [ -173.627042531712505, 22.716132004420309 ], [ -173.644966539831586, 22.714440137015874 ], [ -173.662898967954106, 22.71282930462289 ], [ -173.680839518080091, 22.711299511241069 ], [ -173.698787597209247, 22.709850850870847 ], [ -173.716743007341847, 22.70848323451203 ], [ -173.734705053477541, 22.707196848164564 ], [ -173.752673637616397, 22.705991602828533 ], [ -173.770648066758525, 22.704867591504158 ], [ -173.788628141903729, 22.703824724191179 ], [ -173.806613269052008, 22.7028631888899 ], [ -173.824603151203178, 22.70198298460009 ], [ -173.842597293357329, 22.701184022322021 ], [ -173.860595297514379, 22.700466395055475 ], [ -173.878596769674431, 22.699830104800689 ], [ -173.896601312837191, 22.699275151557689 ], [ -173.914608530002766, 22.698801537326279 ], [ -173.932617926170963, 22.698409354106772 ], [ -173.95062910634195, 22.698098510898951 ], [ -173.968641771515621, 22.697869100702977 ], [ -173.986655229691678, 22.697721031518814 ], [ -174.004669381870428, 22.697654395346582 ], [ -174.022683632051667, 22.6976691931863 ], [ -174.04069758523525, 22.697765332037868 ], [ -174.058710845421331, 22.697942904901357 ], [ -174.076722916609612, 22.698201909776827 ], [ -174.094733501800221, 22.698542255664332 ], [ -174.112742204993111, 22.698964032563861 ], [ -174.130748432188085, 22.699467149475517 ], [ -174.148751984385285, 22.700051604399086 ], [ -174.166752267584457, 22.700717396334902 ], [ -174.184748885785751, 22.701464525282681 ], [ -174.202741540989052, 22.702293079242697 ], [ -174.220729739194269, 22.703202783215019 ], [ -174.238713083401251, 22.704193819199389 ], [ -174.256691177610151, 22.705266092195981 ], [ -174.274663526820746, 22.706419602204885 ], [ -174.292629734033113, 22.707654345225919 ], [ -174.310589403247178, 22.708970228259325 ], [ -174.32854223646271, 22.710367248305019 ], [ -174.346487641679914, 22.711845402363025 ], [ -174.364425220898625, 22.71340459843335 ], [ -174.382354677118656, 22.715044830516081 ], [ -174.400275515340212, 22.716766005611184 ], [ -174.418187338563058, 22.718568212718669 ], [ -174.436089751787165, 22.720451355838648 ], [ -174.453982259012463, 22.722415338970965 ], [ -174.471864563238967, 22.724460161115854 ], [ -174.489736169466596, 22.72658572427321 ], [ -174.507596680695173, 22.728792025443013 ], [ -174.525445601924901, 22.731079061625369 ], [ -174.543282735155515, 22.733446642820201 ], [ -174.561107486387073, 22.735894859027574 ], [ -174.578919458619396, 22.738423520247665 ], [ -174.596718255852437, 22.741032714480241 ], [ -174.614503582086257, 22.743722253725441 ], [ -174.63227484132068, 22.746492132983224 ], [ -174.650031736555746, 22.749342255253648 ], [ -174.667773773791367, 22.752272615536739 ], [ -174.685500655027425, 22.755283116832505 ], [ -174.703211884263908, 22.758373662140958 ], [ -174.720907066500786, 22.761544152461994 ], [ -174.738585804737937, 22.764794584795784 ], [ -174.756247702975344, 22.768124951142372 ], [ -174.773892266212897, 22.771534970501573 ], [ -174.791519196450537, 22.775024729873703 ], [ -174.809127998688382, 22.778594038258387 ], [ -174.826718277926062, 22.782242888655958 ], [ -174.844289735163755, 22.785971184066241 ], [ -174.86184177740131, 22.789778825489254 ], [ -174.879374205638726, 22.793665714925226 ], [ -174.89688642587592, 22.797631752373878 ], [ -174.914378042112645, 22.801676932835484 ], [ -174.931848856349205, 22.805801063309797 ], [ -174.94929817358522, 22.810004044796969 ], [ -174.966725797820828, 22.814285780296952 ], [ -174.984131233055791, 22.818646259809871 ], [ -175.001514181290219, 22.823085385335585 ], [ -175.018874049523959, 22.827602872874262 ], [ -175.036210538756876, 22.832198807425652 ], [ -175.053523254988932, 22.836872994990127 ], [ -175.070811800220213, 22.841625429567337 ], [ -175.088075779450691, 22.846455827157552 ], [ -175.105314696679983, 22.851364177760541 ], [ -175.122528253908285, 22.856350290376497 ], [ -175.139716057135416, 22.861414156005463 ], [ -175.156877608361441, 22.866555674647209 ], [ -175.174012513586177, 22.871774561301891 ], [ -175.191120474809622, 22.877070897969588 ], [ -175.208200997031639, 22.882444401650108 ], [ -175.22525368325222, 22.88789497034357 ], [ -175.242278237471254, 22.893422503050044 ], [ -175.259274162688769, 22.899026989769343 ], [ -175.276241162904569, 22.904708054501636 ], [ -175.293178644118655, 22.910465778246806 ], [ -175.310086407331056, 22.916299968004989 ], [ -175.326963957541579, 22.922210429776062 ], [ -175.343810997750182, 22.928197062560024 ], [ -175.360627031956767, 22.934259672356912 ], [ -175.377411665161418, 22.940398248166808 ], [ -175.3941645003639, 22.94661259598961 ], [ -175.410885240564198, 22.952902429825205 ], [ -175.427573390762262, 22.959267831673891 ], [ -175.444228552958066, 22.965708514535443 ], [ -175.460850433151364, 22.972224284409876 ], [ -175.477438632342256, 22.978815129297349 ], [ -175.493992656530736, 22.985480764197554 ], [ -175.51051220771663, 22.992221085110753 ], [ -175.526996791899819, 22.999035990036745 ], [ -175.543446209080372, 23.005925281975752 ], [ -175.559859867258041, 23.012888767927585 ], [ -175.576237467432918, 23.019926343892369 ], [ -175.592578712604876, 23.027037721869881 ], [ -175.608883009773876, 23.034222890860317 ], [ -175.625150158939675, 23.041481563863631 ], [ -175.641379666102551, 23.048813727879786 ], [ -175.657571234262178, 23.056219004908741 ], [ -175.673724465418502, 23.063697290950579 ], [ -175.689838965571511, 23.071248572005114 ], [ -175.705914238721164, 23.078872379072553 ], [ -175.721950085867263, 23.086568790152853 ], [ -175.737946012009957, 23.094337518245805 ], [ -175.753901621148941, 23.102178457351545 ], [ -175.769816715284179, 23.1100912294701 ], [ -175.78569070041587, 23.118075911601409 ], [ -175.801523278543669, 23.12613212674535 ], [ -175.817314054667577, 23.134259675902079 ], [ -175.833062729787486, 23.142458546071463 ], [ -175.848768908903423, 23.150728358253577 ], [ -175.864432196015315, 23.159069099448299 ], [ -175.880052095123006, 23.167480387655701 ], [ -175.895628507226519, 23.175962119875781 ], [ -175.9111608383256, 23.184514097108437 ], [ -175.926648691420439, 23.193136123353689 ], [ -175.942091968510908, 23.20182791061162 ], [ -175.957489975596701, 23.210589443882085 ], [ -175.972842514678007, 23.219420342165016 ], [ -175.988149288754613, 23.22832040946048 ], [ -176.003409801826564, 23.237289539768561 ], [ -176.018623658893745, 23.24632744408904 ], [ -176.033790660956015, 23.255433924422071 ], [ -176.04891031301338, 23.264608782767475 ], [ -176.063982218065718, 23.273851823125337 ], [ -176.079006179113094, 23.2831628454956 ], [ -176.093981700155211, 23.292541471878238 ], [ -176.108908484192085, 23.301987685273289 ], [ -176.123786036223805, 23.311501196680652 ], [ -176.138614256250094, 23.321081718100189 ], [ -176.153392551271025, 23.330729049532202 ], [ -176.168120722286517, 23.34044299497635 ], [ -176.182798373296407, 23.350223354432757 ], [ -176.197425009300616, 23.360069839901431 ], [ -176.212000530299235, 23.369982160382211 ], [ -176.226524343291999, 23.379960301875165 ], [ -176.240996249278851, 23.390003790380312 ], [ -176.255415852259887, 23.400112519897501 ], [ -176.269782755234957, 23.41028620042675 ], [ -176.284096761204069, 23.420524632968075 ], [ -176.298357276166911, 23.43082752852137 ], [ -176.312564199123642, 23.441194689086682 ], [ -176.326717036074143, 23.451625914663953 ], [ -176.340815490018286, 23.462120824253088 ], [ -176.354859263956058, 23.472679219854129 ], [ -176.36884795988729, 23.483300994467015 ], [ -176.382781282812005, 23.493985674091732 ], [ -176.396658736730245, 23.504733151728281 ], [ -176.410480221641649, 23.515543138376593 ], [ -176.424245243546466, 23.526415342036596 ], [ -176.437953505444369, 23.537349656708273 ], [ -176.451604609335362, 23.548345609391593 ], [ -176.465198358219538, 23.559403001086562 ], [ -176.478734356096538, 23.570521723793043 ], [ -176.492212205966553, 23.581701305511178 ], [ -176.505631710829391, 23.592941638240767 ], [ -176.518992373684995, 23.604242430981799 ], [ -176.532293998533277, 23.615603303734218 ], [ -176.545536187374296, 23.627024056498129 ], [ -176.558718644207744, 23.638504490273416 ], [ -176.571840972033868, 23.650044224059876 ], [ -176.584902972852262, 23.661643148857642 ], [ -176.597904349663082, 23.673300793666844 ], [ -176.61084460746622, 23.685016958486973 ], [ -176.62372354826158, 23.696791353318361 ], [ -176.636540774049024, 23.708623779160824 ], [ -176.649295989828715, 23.720513854014399 ], [ -176.661988996600314, 23.732461379879059 ], [ -176.674619299363911, 23.744465973754519 ], [ -176.687186699119309, 23.756527438641001 ], [ -176.69969080086662, 23.768645481538449 ], [ -176.71213140560576, 23.780819815446613 ], [ -176.724508117336541, 23.793050056365715 ], [ -176.736820738058839, 23.805336007295427 ], [ -176.749068772772745, 23.817677376235942 ], [ -176.76125202247826, 23.830073874187111 ], [ -176.773370191175076, 23.842525210148874 ], [ -176.785422979863313, 23.855031004121184 ], [ -176.797409994542846, 23.867591056104043 ], [ -176.809331035213489, 23.880205077097415 ], [ -176.821185805875388, 23.8928726851011 ], [ -176.832973910528352, 23.905593589115171 ], [ -176.844695149172452, 23.918367501139674 ], [ -176.856349127807448, 23.931194222174273 ], [ -176.867935647433285, 23.944073278219214 ], [ -176.879454410050073, 23.957004472274271 ], [ -176.890905020657499, 23.969987423339507 ], [ -176.902287379255711, 23.983021931414768 ], [ -176.913600991844561, 23.99610761749997 ], [ -176.924845658424033, 24.009244098595179 ], [ -176.936021082993904, 24.022431268700263 ], [ -176.947126969554461, 24.035668565815286 ], [ -176.958163117105244, 24.048955879940095 ], [ -176.969129131646298, 24.062292741074479 ], [ -176.980024715177677, 24.075678951218645 ], [ -176.990849769699338, 24.089114128372387 ], [ -177.001603798211164, 24.10259789353578 ], [ -177.012286701712924, 24.116130047708594 ], [ -177.022898086204776, 24.12971021089102 ], [ -177.033437651686597, 24.143338094082679 ], [ -177.043905301158333, 24.157013316283667 ], [ -177.054300538619856, 24.170735589494129 ], [ -177.064623265071191, 24.184504532713628 ], [ -177.074873182512107, 24.198319948942299 ], [ -177.085049994942921, 24.212181276180086 ], [ -177.095153405363078, 24.226088406426936 ], [ -177.105183214772978, 24.240040961682695 ], [ -177.115139126172267, 24.254038560947468 ], [ -177.125020940560944, 24.268080825221006 ], [ -177.134828263938999, 24.282167466503267 ], [ -177.144560896306473, 24.296298194794471 ], [ -177.154218640663032, 24.310472633094154 ], [ -177.163801199008844, 24.324690491402446 ], [ -177.17330837334373, 24.338951300719454 ], [ -177.182739768667801, 24.353254772044693 ], [ -177.192095283980819, 24.36760070837845 ], [ -177.201374623282646, 24.381988549720514 ], [ -177.210577587573624, 24.396418099070882 ], [ -177.219703781853354, 24.410888886429547 ], [ -177.228753106121786, 24.425400715796236 ], [ -177.237725165379032, 24.439953117170994 ], [ -177.246619957624972, 24.454545802553728 ], [ -177.255437087859491, 24.469178395944521 ], [ -177.264176259082575, 24.483850607343143 ], [ -177.272837372294248, 24.498561969749463 ], [ -177.281420129494279, 24.513312195163621 ], [ -177.289924333682734, 24.528100997585433 ], [ -177.298349685859563, 24.542927907014811 ], [ -177.306695990024735, 24.557792548451651 ], [ -177.314963046178121, 24.572694722896038 ], [ -177.32315065831969, 24.587633874347809 ], [ -177.331258526449517, 24.602609804806793 ], [ -177.339286455567304, 24.617622139273177 ], [ -177.347234245673121, 24.632670408746527 ], [ -177.355101599767039, 24.647754328227094 ], [ -177.362488418793362, 24.662096914586787 ], [ -177.368059984564212, 24.664151796923747 ], [ -177.369110206709479, 24.664537785987065 ], [ -177.386057891055117, 24.67081381801686 ], [ -177.402972786397527, 24.67716529106001 ], [ -177.419854497736509, 24.683591830116416 ], [ -177.436702627072179, 24.690093424186351 ], [ -177.453516681404295, 24.696669880269518 ], [ -177.470296559732873, 24.703321095366025 ], [ -177.487041569057823, 24.710046785475836 ], [ -177.503751413379092, 24.71684693859909 ], [ -177.520425793696631, 24.723721270735574 ], [ -177.537064216010293, 24.730669768885388 ], [ -177.553666283319984, 24.737692150048453 ], [ -177.570231699625879, 24.744788311224756 ], [ -177.586759967927549, 24.751958056414395 ], [ -177.603250793225129, 24.759201193617272 ], [ -177.619703677518658, 24.766517618833365 ], [ -177.636118425807723, 24.773907137062558 ], [ -177.652494441092614, 24.78136955430509 ], [ -177.668831328373102, 24.78890467756084 ], [ -177.685128987649023, 24.796512491829628 ], [ -177.70138672692056, 24.804192622111646 ], [ -177.717604248187257, 24.811944965406745 ], [ -177.733781254449354, 24.819769324715097 ], [ -177.749917348706845, 24.827665506036489 ], [ -177.766012036959353, 24.83563340637091 ], [ -177.782065120206937, 24.843672828718489 ], [ -177.798076005449559, 24.851783489079054 ], [ -177.814044492687174, 24.859965191452655 ], [ -177.829970086919559, 24.868217920839292 ], [ -177.836899848891363, 24.871849574449822 ], [ -177.8503227217779, 24.8732945786989 ], [ -177.86850259833443, 24.875333461050129 ], [ -177.886671678890963, 24.877452824415183 ], [ -177.904829664447362, 24.879652665793831 ], [ -177.922975960003811, 24.881932980186207 ], [ -177.941110270559989, 24.884293672592364 ], [ -177.959232198116041, 24.886734739012283 ], [ -177.971945512909997, 24.888496270315311 ], [ -177.978322822810355, 24.889393517469628 ], [ -177.996418599365796, 24.891995041917216 ], [ -178.014500606920734, 24.894676745378405 ], [ -178.032568646475283, 24.897438621853496 ], [ -178.050622125029321, 24.900280484342449 ], [ -178.068660645582725, 24.903202327845225 ], [ -178.086683811135316, 24.906204056361776 ], [ -178.104691227687312, 24.909285662892152 ], [ -178.12268249623844, 24.912446962436494 ], [ -178.140657123788714, 24.915688038994563 ], [ -178.158614713338011, 24.919008613566533 ], [ -178.160051859542108, 24.91927799161294 ], [ -178.16576686235382, 24.920343665796551 ], [ -178.183707214902739, 24.923743876382641 ], [ -178.201629836450621, 24.927223480982562 ], [ -178.219534131997335, 24.930782564596367 ], [ -178.237419804542782, 24.934420848224054 ], [ -178.255286458087113, 24.938138414865666 ], [ -178.273133497629999, 24.941935077521201 ], [ -178.290960725171459, 24.945810827190527 ], [ -178.308767646711487, 24.949765476873896 ], [ -178.326553863249899, 24.953799019571125 ], [ -178.344318882786808, 24.957911265282245 ], [ -178.362062405321979, 24.96210229700738 ], [ -178.379783937855279, 24.966371835746298 ], [ -178.397483181386917, 24.970719872499231 ], [ -178.415159641916574, 24.975146219266144 ], [ -178.43281282344438, 24.979650867046892 ], [ -178.450442527970011, 24.984233716841615 ], [ -178.46804816049368, 24.988894668650186 ], [ -178.485629425015162, 24.99363344347277 ], [ -178.503185925534325, 24.998450213309269 ], [ -178.520717165051252, 25.003344606159736 ], [ -178.538222748565772, 25.008316705024054 ], [ -178.5557023790779, 25.013366226902285 ], [ -178.573155560587452, 25.018493163794538 ], [ -178.59058189709441, 25.023697415700674 ], [ -178.607980992598726, 25.028978791620695 ], [ -178.614451220530327, 25.030964617966738 ], [ -178.626260919231242, 25.034616692603333 ], [ -178.643604343730146, 25.040052001551157 ], [ -178.660919338226165, 25.045564133513039 ], [ -178.67820550671911, 25.051152806488744 ], [ -178.695462353209223, 25.056818100478299 ], [ -178.700774186975906, 25.058588540787646 ], [ -178.703230450331375, 25.05880852382818 ], [ -178.721477687972396, 25.060524166143349 ], [ -178.739715812613724, 25.062320628472424 ], [ -178.757944426255051, 25.06419772681565 ], [ -178.776163134896478, 25.066155458172855 ], [ -178.794371442537795, 25.068193727544088 ], [ -178.812568952179134, 25.070312531929449 ], [ -178.830755367820245, 25.072511775328849 ], [ -178.832053039008827, 25.072671827357873 ], [ -178.84915327349367, 25.074819062747331 ], [ -178.867315915134299, 25.077179082174833 ], [ -178.885466173774574, 25.079619528616526 ], [ -178.903603653414393, 25.082140126072353 ], [ -178.921727761053859, 25.084741049542188 ], [ -178.939838098692661, 25.087422023026342 ], [ -178.957934470330969, 25.090183132524459 ], [ -178.958096728354633, 25.090208210528949 ], [ -178.965593107447916, 25.091361960737178 ], [ -178.977265015150749, 25.093186471066364 ], [ -178.981403496754751, 25.093825124181699 ], [ -178.99948580039441, 25.096666186694453 ], [ -179.017553147033198, 25.099587191221495 ], [ -179.035605139671361, 25.102588131762648 ], [ -179.053641382308513, 25.105668911318048 ], [ -179.071661377944849, 25.108829343887543 ], [ -179.089664831580023, 25.112069512471322 ], [ -179.107651247214193, 25.11538932206934 ], [ -179.125620228847168, 25.11878858468145 ], [ -179.143571379478971, 25.122267294307839 ], [ -179.161504204109434, 25.125825352948453 ], [ -179.179418405738545, 25.129462754603331 ], [ -179.197313488366177, 25.133179310272364 ], [ -179.215189056992358, 25.136974923955769 ], [ -179.233044714616966, 25.140849587653307 ], [ -179.250880065239897, 25.1448032023651 ], [ -179.268694712861191, 25.14883567309117 ], [ -179.28648816148069, 25.152946898831456 ], [ -179.304260016098198, 25.157136782585958 ], [ -179.322009977714032, 25.161405135354808 ], [ -179.339737552327762, 25.165752039137885 ], [ -179.35744234393934, 25.170177215935247 ], [ -179.361245708500576, 25.171138821108443 ], [ -179.370224998825819, 25.173421057519857 ], [ -179.38197714456075, 25.176423590061042 ], [ -179.399635378168767, 25.181005217887133 ], [ -179.416805151705773, 25.185541062705148 ], [ -179.417544923815086, 25.185738191740754 ], [ -179.435154717418442, 25.190475845595341 ], [ -179.452739746019347, 25.195291276464232 ], [ -179.470299416617792, 25.200184382347331 ], [ -179.487833529213674, 25.205155155244714 ], [ -179.505341489806852, 25.210203315156317 ], [ -179.522823101397449, 25.21532894108212 ], [ -179.540277768985192, 25.220531844022283 ], [ -179.557705294570127, 25.225811832976675 ], [ -179.575104984152119, 25.231168807945231 ], [ -179.592476739731126, 25.236602668928001 ], [ -179.609819966307015, 25.242113313925021 ], [ -179.627134266879835, 25.247700553936284 ], [ -179.644419345449478, 25.253364376961819 ], [ -179.661674707015806, 25.259104503001428 ], [ -179.678899954578753, 25.264920919055275 ], [ -179.696094790138204, 25.270813346123266 ], [ -179.713258719694352, 25.276781861205546 ], [ -179.730391347246695, 25.28282609330186 ], [ -179.747492275795594, 25.288946120412437 ], [ -179.764561108340615, 25.29514166153713 ], [ -179.781597549881781, 25.301412614675989 ], [ -179.798601004419282, 25.307758787828966 ], [ -179.81557127395277, 25.314180077996088 ], [ -179.832507863482107, 25.320676383177297 ], [ -179.849410278007412, 25.327247421372551 ], [ -179.866278318528629, 25.333893180581995 ], [ -179.883111491045582, 25.340613467805493 ], [ -179.899909497558184, 25.347408000042957 ], [ -179.916671743066416, 25.354276854294451 ], [ -179.933398030570032, 25.361219658560117 ], [ -179.950087865069293, 25.368236399839699 ], [ -179.966740849563791, 25.375326793133233 ], [ -179.968928860891737, 25.376265067304566 ], [ -179.983570554085816, 25.38258243545754 ], [ -179.999987721546745, 25.389749521766344 ], [ -180.0, 25.389754882052102 ], [ -180.0, 31.4683176365279 ] ] ] ] } }
]
}
